None, B00000DMD2,Pretend Play Cash Register
None, B00017UT6W, Curtain Rings 
None, B000GL1DTA, Plush Bowling Game 
None, B000GUDIBM,  Lava Lamp 
None, B000TK8440, Rainbow In My Room 
None, B000WY36HI,Christmas Ornaments
None, B00164M9XA, Willow Tree Nativity Set 
None, B00167YMHS,Stepping Stone
None, B001892AX2,Himalayan Light
None, B004B3BVW8,Motion Bubbler
None, B004GJRG3K,Greenair Spa Vapor
None, B004S8F7QM, Playing Card
None, B0055KKED8, Ocean Lamp
None, B00635VODS, Comforter
None, B006IQOUBA,Personalized Necklace
None, B007FTUC02,Loop Scarf Holder
None, B009KB76C0,Boot Organizer
None, B00A2C0LQE, Jewelry Organizer
None, B00AE9V3WQ,Comfort Foam Seat Cushiont 
None, B00B7GVQZY,Ninja Turtles Decals 
None, B00DII7CTI,Camping Lantern
None, B00FMQILBC, Wall Decals 
None, B00FW0VYAS, Cuddle Pillow 
None, B00H9Z8BQ4,Compass Rose Box
None, B00ICO4F3Y,Galaxy Lash Serum
None, B00IKFZ5TS,Nerf Rebelle Agent Bow Blaster
None, B00JKNRYPM,Princess Frozen Snow Glow Elsa
None, B00JMCFW0A,Funko POPMarvel
None, B00K3EXMLC, Snowflake Ornament
None, B00KDKKD1I,Toddler Pillow
None, B00KGOCRLA,Ambiance Lighting
None, B00KI03U8Q,Explorers Quad Copter
None, B00MCA500Q, Throw Blanket
None, B00MLXNMMW,Lumenplay App-Enabled Lights
None, B00MWDHDMQ, String Art 
None, B00NIH1YN4,christmas gift for kids
