, B00000DMD2,Pretend Play Cash Register
, B00017UT6W, Curtain Rings 
, B000GL1DTA, Plush Bowling Game 
, B000GUDIBM,  Lava Lamp 
, B000TK8440, Rainbow In My Room 
, B000WY36HI,Christmas Ornaments
, B00164M9XA, Willow Tree Nativity Set 
, B00167YMHS,Stepping Stone
, B001892AX2,Himalayan Light
, B004B3BVW8,Motion Bubbler
, B004GJRG3K,Greenair Spa Vapor
, B004S8F7QM, Playing Card
, B0055KKED8, Ocean Lamp
, B00635VODS, Comforter
, B006IQOUBA,Personalized Necklace
, B007FTUC02,Loop Scarf Holder
, B009KB76C0,Boot Organizer
, B00A2C0LQE, Jewelry Organizer
, B00AE9V3WQ,Comfort Foam Seat Cushiont 
, B00B7GVQZY,Ninja Turtles Decals 
, B00DII7CTI,Camping Lantern
, B00FMQILBC, Wall Decals 
, B00FW0VYAS, Cuddle Pillow 
, B00H9Z8BQ4,Compass Rose Box
, B00ICO4F3Y,Galaxy Lash Serum
, B00IKFZ5TS,Nerf Rebelle Agent Bow Blaster
, B00JKNRYPM,Princess Frozen Snow Glow Elsa
, B00JMCFW0A,Funko POPMarvel
, B00K3EXMLC, Snowflake Ornament
, B00KDKKD1I,Toddler Pillow
, B00KGOCRLA,Ambiance Lighting
, B00KI03U8Q,Explorers Quad Copter
, B00MCA500Q, Throw Blanket
, B00MLXNMMW,Lumenplay App-Enabled Lights
, B00MWDHDMQ, String Art 
, B00NIH1YN4,christmas gift for kids
