9999,http://verilymag.com/diy-copper-accents-home-decor-giveaway,http://verilymag.com/wp-content/uploads/2014/10/copper.png,diy copper accents home decor giveaway,copper home decor.csv
9999,https://craftistasinspiration.wordpress.com/2013/07/01/weekend-diy-crafting-roundup,https://craftistasinspiration.files.wordpress.com/2013/07/fantastic-diy-eat-home-decor.jpg,weekend diy crafting roundup,copper home decor.csv
9999,http://www.handmadecharlotte.com/match-fall-leaves-copper,http://media3.handmadecharlotte.com/wp-content/uploads/2014/09/2-copper-home-decor.jpg,match fall leaves copper,copper home decor.csv
9999,https://craftistasinspiration.wordpress.com/2013/07/01/weekend-diy-crafting-roundup,https://craftistasinspiration.files.wordpress.com/2013/07/fantastic-diy-eat-home-decor-2.jpg,weekend diy crafting roundup,copper home decor.csv
9999,http://www.warmhotchocolate.com/2014/08/31/diy-decorative-copper-accessories-part-1,http://i2.wp.com/www.warmhotchocolate.com/wp-content/uploads/2014/08/copper-diy1.jpg,diy decorative copper accessories part 1,copper home decor.csv
9999,http://www.thecraftedsparrow.com/2014/09/60-diy-copper-projects.html,http://www.freutcake.com/wp-content/uploads/2014/01/DIY-Copper-Vanity-Bowls.jpg,60 diy copper projects.html,copper home decor.csv
9999,http://noanoir.com/copper-holders,http://noanoir.com/content/images/2014/10/noa-noir-art-diy-interior-home-decor-copper-candle-holders-2.jpg,copper holders,copper home decor.csv
9999,http://www.shelterness.com/14-original-diy-copper-crafts-for-home-decor,http://www.shelterness.com/pictures/original-diy-copper-crafts-for-home-decor3.jpg,14 original diy copper crafts for home decor,copper home decor.csv
9999,http://www.giddyupcycled.com,http://i2.wp.com/www.giddyupcycled.com/wp-content/uploads/2014/09/DIY-copper-pipe-projects-giddyupcycled.jpg%253Ffit%253D9999%25252C9999,www.giddyupcycled.com,copper home decor.csv
9999,http://www.centsationalgirl.com/2014/08/trending-copper-for-fall,http://www.centsationalgirl.com/wp-content/uploads/2014/08/copper-home-decor.jpg,trending copper for fall,copper home decor.csv
9999,http://www.gardenista.com/posts/diy-christmas-window-boxes,http://www.gardenista.com/files/styles/733_0s/public/fields/Wrapping%252520Copper%252520Tape%252520Around%252520Christmas%252520Ornaments,%252520Gardenista.jpg,diy christmas window boxes,copper home decor.csv
9999,http://www.lemonjitters.com/2012/10/diy-roundup-copper.html,http://2.bp.blogspot.com/-agpXIP1qgxk/UHubio71tPI/AAAAAAAAEe8/BmVAuBmJlh8/s1600/diyroundup%252Bcopper%252B3.jpg,diy roundup copper.html,copper home decor.csv
9999,http://craftriver.com/diy-kitchen-decorating-ideas-on-a-budget,http://craftriver.com/wp-content/uploads/2014/09/5-DIY-Copper-Salt-Pepper-Shakers.jpg,diy kitchen decorating ideas on a budget,copper home decor.csv
9999,http://truebluemeandyou.com/2014/10/diy-copper-pipe-candalabra,http://truebluemeandyou.com/wp-content/uploads/2014/10/tumblr_ne21r9KUXs1qihh0eo1_1280.jpg,diy copper pipe candalabra,copper home decor.csv
9999,http://www.handmadecharlotte.com/match-fall-leaves-copper,http://media3.handmadecharlotte.com/wp-content/uploads/2014/09/3-copper-home-decor.jpg,match fall leaves copper,copper home decor.csv
9999,http://www.inspiredbycharm.com/2014/10/diy-copper-and-wood-candlesticks.html,http://www.inspiredbycharm.com/wp-content/uploads/2014/10/DIY-Copper-and-Wood-Candlesticks-706x1024.jpg,diy copper and wood candlesticks.html,copper home decor.csv
9999,https://www.pinterest.com/explore/tin-cans,https://s-media-cache-ak0.pinimg.com/originals/59/f7/47/59f747d168a7899635a40fc7a73641c2.jpg,tin cans,copper home decor.csv
9999,http://www.shelterness.com/14-original-diy-copper-crafts-for-home-decor,http://www.shelterness.com/pictures/original-diy-copper-crafts-for-home-decor13-500x2071.jpg,14 original diy copper crafts for home decor,copper home decor.csv
9999,http://www.creagirl.com/2014/03/07/diy-weekend-copper-home-decor,http://www.creagirl.com/wp-content/uploads/2014/03/DIY_weekend_2014_10.jpg,diy weekend copper home decor,copper home decor.csv
9999,http://harrymaberry6v.loveitsomuch.com/stores/our-new-home-hand-forged-and-hand-stamped-copper-1410380471,1087347.html,http://img.loveitsomuch.com/uploads/201409/10/20/2014%252520diy%252520ornaments%252520ideas%252520-%252520our%252520new%252520home%252520%252520hand%252520forged%252520and%252520hand%252520stamped%252520copper-f95755.jpg,our new home hand forged and hand stamped copper 1410380471,1087347.html,copper home decor.csv
9999,http://www.abeautifulmess.com/2014/08/vintage-copper-letter-diy.html,http://abeautifulmess.typepad.com/.a/6a00d8358081ff69e201a3fd434c24970b-800wi,vintage copper letter diy.html,copper home decor.csv
9999,http://www.topinspired.com/top-10-cool-diy-copper-home-decor,http://www.topinspired.com/wp-content/uploads/2014/01/Copper-Ladder-Storage.jpg,top 10 cool diy copper home decor,copper home decor.csv
9999,http://www.warmhotchocolate.com/2014/09/05/diy-copper-accessories-part-2,http://i0.wp.com/www.warmhotchocolate.com/wp-content/uploads/2014/09/diy-copper.jpg%253Fresize%253D800%25252C1164,diy copper accessories part 2,copper home decor.csv
9999,http://dellacooks.com/diy-elegant-upholstered-headboard-design/contemporary-bedroom-design-with-diy-coral-upholstered-headboard-curved-arms-and-copper-bedside-table-decor-ideas,http://dellacooks.com/wp-content/uploads/2014/07/contemporary-bedroom-design-with-DIY-Coral-Upholstered-Headboard-Curved-Arms-and-copper-bedside-table-decor-ideas-1024x680.jpg,contemporary bedroom design with diy coral upholstered headboard curved arms and copper bedside table decor ideas,copper home decor.csv
9999,https://www.pinterest.com/pin/155303887126240217,https://s-media-cache-ak0.pinimg.com/736x/d9/0a/b8/d90ab8b971088340822ca0a2be65478f.jpg,155303887126240217,copper home decor.csv
9999,http://decor10blog.com/decorating-ideas/spaces-soiree-style-copper.html,http://decor10blog.com/wp-content/uploads/Spaces-Soiree-Style-Copper.jpg,spaces soiree style copper.html,copper home decor.csv
9999,http://thecottagemarket.com/2014/07/copper-home-decor-diy-projects.html,http://thecottagemarket.com/wp-content/uploads/2014/07/coppertower.jpg,copper home decor diy projects.html,copper home decor.csv
9999,http://www.persialou.com/2014/03/diy-copper-pipe-projects.html,http://3.bp.blogspot.com/-k5YfAPSsm8A/UxgBgNL1WwI/AAAAAAAAEgk/Gn2ziU3QpSk/s1600/copperDIYs.jpg,diy copper pipe projects.html,copper home decor.csv
9999,http://www.ikeadecora.com/interior-design/diy-copper-and-wood-slice-table-tutorial-diy-furniture-and-home-accessories-and-decor,http://www.ikeadecora.com/wp-content/uploads/2014/11/diy-copper-and-wood-slice-table-tutorial-diy-furniture-and-home-accessories-and-decor.jpg,diy copper and wood slice table tutorial diy furniture and home accessories and decor,copper home decor.csv
9999,http://www.sabfashionlab.com/copper-home-decor-diy,http://www.sabfashionlab.com/wp-content/uploads/2014/07/Sabfashionlab-copper-home-decor-diy.jpg,copper home decor diy,copper home decor.csv
9999,http://upcycledtreasures.com/2014/09/diy-copper-pipe-tray,http://i0.wp.com/upcycledtreasures.com/wp-content/uploads/2014/09/15-homemade-christmas-gift-ideas-upcycledtreasures-01.png%253Fresize%253D701%25252C1312,diy copper pipe tray,copper home decor.csv
9999,http://www.warmhotchocolate.com/2014/09/05/diy-copper-accessories-part-2,http://i0.wp.com/www.warmhotchocolate.com/wp-content/uploads/2014/09/contact-paper-intro.jpg%253Fresize%253D800%25252C911,diy copper accessories part 2,copper home decor.csv
9999,http://www.thecraftedsparrow.com/2014/09/60-diy-copper-projects.html,http://ext.homedepot.com/community/blog/wp-content/wpuploads/Moorea-Seal-Jewelry-Display-11.jpg,60 diy copper projects.html,copper home decor.csv
9999,http://noanoir.com/copper-holders,http://noanoir.com/content/images/2014/10/noa-noir-art-diy-interior-home-decor-copper-candle-holders-1.jpg,copper holders,copper home decor.csv
9999,http://www.giddyupcycled.com/wall-decor,http://i0.wp.com/www.giddyupcycled.com/wp-content/uploads/2014/09/DIY-copper-pipe-projects-giddyupcycled.jpg%253Fresize%253D712%25252C675,wall decor,copper home decor.csv
9999,http://www.handmadecharlotte.com/match-fall-leaves-copper,http://media2.handmadecharlotte.com/wp-content/uploads/2014/09/1-copper-home-decor.jpg,match fall leaves copper,copper home decor.csv
9999,http://www.homeyohmy.com/diy-copper-tin-can-planters-chalkboard-tags,http://www.homeyohmy.com/wp-content/uploads/2013/10/Copper-Tin-Can-Planters-1024x768.jpg,diy copper tin can planters chalkboard tags,copper home decor.csv
9999,https://www.pinterest.com/pin/26036504069771375,https://s-media-cache-ak0.pinimg.com/736x/7d/6f/90/7d6f90784e02f2410114abcad533558d.jpg,26036504069771375,copper home decor.csv
9999,http://www.homeyohmy.com/copper-diy-inspire-shop,http://www.homeyohmy.com/wp-content/uploads/2014/03/Copper-DIYs.jpg,copper diy inspire shop,copper home decor.csv
9999,http://www.bhg.com/blogs/better-homes-and-gardens-style-blog/2014/02/25/get-the-look-copper,http://blogs.mydevstaging.com/blogs/better-homes-and-gardens-style-blog/files/2014/02/copper-colored-kisses-bhg.jpg,get the look copper,copper home decor.csv
9999,http://www.homeyohmy.com/diy-copper-striped-candle-holders,http://www.homeyohmy.com/wp-content/uploads/2014/09/DIY-Copper-Striped-Candle-Holders.jpg,diy copper striped candle holders,copper home decor.csv
9999,http://www.shelterness.com/11-diy-copper-pipe-crafts-for-home-decor/pictures/31163,http://www.shelterness.com/pictures/diy-copper-pipe-crafts-for-home-decor8.jpg,31163,copper home decor.csv
9999,http://www.homeyohmy.com/diy-copper-dipped-vases,http://www.homeyohmy.com/wp-content/uploads/2014/01/Copper-dipped-vases.jpg,diy copper dipped vases,copper home decor.csv
9999,http://www.aliexpress.com/store/product/New-12-kinds-of-style-Decorations-for-nails-DIY-3D-nail-art-decorations-Copper-rivets-metal/1097336_32236515338.html,http://i00.i.aliimg.com/wsphoto/v0/32236515338_2/New-12-kinds-of-style-Decorations-for-nails-DIY-3D-nail-art-decorations-Copper-rivets-metal.jpg,1097336_32236515338.html,copper home decor.csv
9999,http://www.paykocimports.com/blog/4-relatively-easy-diy-copper-pipe-decor-projects-to-kickstart-your-2015,http://cdn2.bigcommerce.com/server5400/271b7/product_images/uploaded_images/diy-copper-shelf.jpg,4 relatively easy diy copper pipe decor projects to kickstart your 2015,copper home decor.csv
9999,http://blogof.francescomugnai.com/2012/11/25-inspiring-easy-and-fun-diy-projects-for-home-decorating,http://blog.mugnai.netdna-cdn.com/wp-content/uploads/2012/11/orange.jpg,25 inspiring easy and fun diy projects for home decorating,copper home decor.csv
9999,http://upcycledtreasures.com/2014/06/dresser-with-diy-copper-pipe-drawer-pulls,http://i0.wp.com/upcycledtreasures.com/wp-content/uploads/2014/06/sidebar-copper-pipe-tray-upcycledtreasures-01-01.png%253Fresize%253D885%25252C575,dresser with diy copper pipe drawer pulls,copper home decor.csv
9999,http://www.topinspired.com/top-10-cool-diy-copper-home-decor,http://www.topinspired.com/wp-content/uploads/2014/01/Copper-Candleholder.jpg,top 10 cool diy copper home decor,copper home decor.csv
9999,http://www.pinterest.com/pin/235805730463541858,http://media-cache-ec0.pinimg.com/736x/ff/c2/25/ffc2253345c7088cb2738649086a7e99.jpg,235805730463541858,copper home decor.csv
9999,http://www.ajoyfulriot.com/category/home-decor-diy,http://www.ajoyfulriot.com/wp-content/uploads/2015/01/copper-frames5-copy.jpg%253F568882,home decor diy,copper home decor.csv
9999,http://paintandpattern.com/2015-color-of-the-year-stencils,http://paintandpattern.com/wp-content/uploads/2015/01/2015-color-of-the-year-copper-orange-diy-home-decor-wall-stencils-pattern.jpg,2015 color of the year stencils,copper home decor.csv
9999,http://www.thedomesticheart.com/create-copper-blue-patina-almost-anything,http://www.thedomesticheart.com/wp-content/uploads/2014/07/DSC_0532.jpg,create copper blue patina almost anything,copper home decor.csv
9999,http://www.everydaywithsarah.com,http://www.everydaywithsarah.com/wp-content/uploads/2015/01/everyday-with-sarah-weekly-finds-49-794x986.png,www.everydaywithsarah.com,copper home decor.csv
9999,https://www.pinterest.com/pin/516577019731334841,https://s-media-cache-ak0.pinimg.com/736x/07/05/ff/0705fffe0bc54f64a2b95e159d0c10d8.jpg,516577019731334841,copper home decor.csv
9999,http://www.decorationartloft.com/interior-design/diy-copper-pipe-candelabra,http://www.decorationartloft.com/wp-content/uploads/2014/12/diy-copper-pipe-candelabra.jpg,diy copper pipe candelabra,copper home decor.csv
9999,http://julieblanner.com/diy-copper-tealights,http://julieblanner.com/wp-content/uploads/2014/12/christmas-porch-decorating-ideas.jpg,diy copper tealights,copper home decor.csv
9999,http://upcycledtreasures.com/2014/09/how-to-build-a-copper-pipe-desk,http://i2.wp.com/upcycledtreasures.com/wp-content/uploads/2014/09/how-to-build-a-copper-pipe-desk-collage-upcycledtreasures.png%253Fresize%253D700%25252C1000,how to build a copper pipe desk,copper home decor.csv
9999,http://designdininganddiapers.com/2014/11/concrete-pumpkin-napkin-rings,http://designdininganddiapers.com/wp-content/uploads/2014/11/thanksgiving-tablescape.jpg,concrete pumpkin napkin rings,copper home decor.csv
9999,http://www.remodelista.com/posts/5-favorites-exposed-copper-pipes-as-decor,http://www.remodelista.com/files/styles/733_0s/public/img/sub/uimg/04-2013/700_700-love-aesthetics-copper-coat-rack-2.jpg,5 favorites exposed copper pipes as decor,copper home decor.csv
9999,http://www.smittenstudioonline.com/diy-copper-wall-hanging,http://www.smittenstudioonline.com/wp-content/uploads/2013/12/Entryway-wall-hanging-DIY9-smittenstudiosm.jpg,diy copper wall hanging,copper home decor.csv
9999,https://www.pinterest.com/pin/400890804304208318,https://s-media-cache-ak0.pinimg.com/736x/04/b0/49/04b049a8f6179d2ce76d109e715262b0.jpg,400890804304208318,copper home decor.csv
9999,http://www.thegatheredhome.com/2014/10/diy-copper-pipe-candelabra.html,http://3.bp.blogspot.com/-x8BhAuIer5k/VEaqL9ORcCI/AAAAAAAAGME/l9mRMHWudmE/s1600/diy%25252Bcopper%25252Bpipe%25252Bcandelabra%25252Bpinterest.jpg,diy copper pipe candelabra.html,copper home decor.csv
9999,http://diyshowoff.com/tag/diy-highlights,http://diyshowoff.com/wp-content/uploads/2014/02/That-DIY-Party-Furniture-Highlights-January-2014.jpg,diy highlights,copper home decor.csv
9999,http://www.housebeautiful.com/decorating/home-makeovers/copper-accents-diy,http://www.housebeautiful.com/cm/housebeautiful/images/DW/07-copper-merrythought-xln.jpg,copper accents diy,copper home decor.csv
9999,http://www.writelikenooneswatching.com/2014/11/diy-copper-christmas-star-decorations.html,http://3.bp.blogspot.com/-3oWWS3tcC50/VHSLey0IXhI/AAAAAAAAKCw/imC4gu0tz4c/s1600/DIY%25252BChristmas%25252BStar%25252BDecorations.jpg,diy copper christmas star decorations.html,copper home decor.csv
9999,http://spadesandsilk.com/lifestyle/brilliant-diy-copper-leather-stool,http://spadesandsilk.com/wp-content/uploads/2014/03/DIY_StyleByEmilyHenderson.jpeg,brilliant diy copper leather stool,copper home decor.csv
9999,http://www.warmhotchocolate.com/2014/09/05/diy-copper-accessories-part-2,http://i2.wp.com/www.warmhotchocolate.com/wp-content/uploads/2014/09/contact-paper2.jpg,diy copper accessories part 2,copper home decor.csv
9999,http://upcycledtreasures.com/2014/06/dresser-with-diy-copper-pipe-drawer-pulls,http://upcycledtreasures.com/wp-content/uploads/2014/08/diy-copper-pipe-drawer-pulls-collage-upcycledtreasures.png,dresser with diy copper pipe drawer pulls,copper home decor.csv
9999,http://betweennapsontheporch.net/fabulous-decor-ideas-for-fall,http://betweennapsontheporch.net/wp-content/uploads/2014/10/Simple-Fall-Table-by-Decorating-Cents.jpg,fabulous decor ideas for fall,copper home decor.csv
9999,http://www.domainehome.com/diy-lighting,http://www.domainehome.com/img/uploads/current/images/0/137/897/main.original.585x0.jpg,diy lighting,copper home decor.csv
9999,http://upcycledtreasures.com/2014/06/dresser-with-diy-copper-pipe-drawer-pulls,http://i2.wp.com/upcycledtreasures.com/wp-content/uploads/2014/06/Dresser-with-DIY-Copper-Pipe-Drawer-Pulls-upcycledtreasures.jpg%253Fresize%253D800%25252C800,dresser with diy copper pipe drawer pulls,copper home decor.csv
9999,http://muslinandmerlot.blogspot.com/2014/08/diy-copper-medallion.html,http://2.bp.blogspot.com/-_v7GaWZClWk/U-kyeAt9wgI/AAAAAAAADsQ/WQuF7hb1IBE/s1600/IMG_0272-2.jpg,diy copper medallion.html,copper home decor.csv
9999,http://www.decorationartloft.com/interior-design/make-this-modern-chandelier-with-copper-pipe-fittings-and-a-few-bowls-from-target-diy-lighting-copper,http://www.decorationartloft.com/wp-content/uploads/2014/12/make-this-modern-chandelier-with-copper-pipe-fittings-and-a-few-bowls-from-target-sharpdiy-sharplighting-sharpcopper.jpg,make this modern chandelier with copper pipe fittings and a few bowls from target diy lighting copper,copper home decor.csv
9999,http://design-milk.com/2013-year-review-diy-make-modern,http://1.design-milk.com/images/2013/04/DIY-Copper-Geometric-Pendant-Lamp-Featured-011-600x899.jpg,2013 year review diy make modern,copper home decor.csv
9999,http://ext.homedepot.com/community/blog/christmas-decor-in-gold-silver-and-copper,http://ext.homedepot.com/community/blog/wp-content/wpuploads/Bethany-DeVore-Holiday-Style-Challenge-1.jpg,christmas decor in gold silver and copper,copper home decor.csv
9999,http://lightingdecor.loveitsomuch.com/stores/aqua-tinted-mason-jar-pendant-lamp-with-copper-home-decor-1418084380,1332234.html,http://img.loveitsomuch.com/uploads/201412/08/aq/aqua%252520tinted%252520mason%252520jar%252520pendant%252520lamp%252520with%252520copper%252520-%252520home%252520decor-f83978.jpg,aqua tinted mason jar pendant lamp with copper home decor 1418084380,1332234.html,copper home decor.csv
9999,http://pietravsx9l.loveitsomuch.com/stores/copper-antique-ornament-indian-metal-sculpture-1410272391,1071654.html,http://img.loveitsomuch.com/uploads/201409/09/20/2014%252520diy%252520ornaments%252520ideas%252520-%252520copper%252520antique%252520ornament.%252520indian%252520metal%252520sculpture.-f13472.jpg,copper antique ornament indian metal sculpture 1410272391,1071654.html,copper home decor.csv
9999,http://hirooworld8e.loveitsomuch.com/stores/our-new-home-hand-forged-hand-stamped-copper-1410272966,1071772.html,http://img.loveitsomuch.com/uploads/201409/09/20/2014%252520diy%252520ornaments%252520ideas%252520-%252520our%252520new%252520home%252520hand%252520forgedhand%252520stamped%252520copper-f81143.jpg,our new home hand forged hand stamped copper 1410272966,1071772.html,copper home decor.csv
9999,http://6thstreetdesignschool.blogspot.com/2014/02/diy-copper-laptop-table.html,http://www.brittanymakes.com/wp-content/uploads/2014/01/DIY-Copper-Laptop-Table-1-716x1024.jpg,diy copper laptop table.html,copper home decor.csv
9999,http://scraphacker.com/diy-side-tables,http://media.scraphacker.com/2012/07/copper-tubing-side-table.jpeg,diy side tables,copper home decor.csv
9999,http://www.marthalynnkale.com/diy-copper-tipped-serving-pieces,http://www.marthalynnkale.com/wp-content/uploads/2014/11/copper-dipped-serving-pieces-final.png,diy copper tipped serving pieces,copper home decor.csv
9999,http://www.abeautifulmess.com/2013/12/diy-macrame-wall-hanging.html,http://abeautifulmess.typepad.com/.a/6a00d8358081ff69e201a3fa8f2009970b-800wi,diy macrame wall hanging.html,copper home decor.csv
9999,http://thelovelydrawer.com,http://thelovelydrawer.com/wp-content/uploads/2015/01/home-diy-ideas2.jpg,thelovelydrawer.com,copper home decor.csv
9999,http://www.bhg.com/blogs/better-homes-and-gardens-style-blog/tag/autumn,http://blogs.mydevstaging.com/blogs/better-homes-and-gardens-style-blog/files/2014/09/Fall-Home-Decor-Accessories_.jpg,autumn,copper home decor.csv
9999,https://designtrolls.wordpress.com,https://designtrolls.files.wordpress.com/2015/01/wedding.jpg,designtrolls.wordpress.com,copper home decor.csv
9999,http://www.ohthelovelythings.com/2014/12/12-diy-holiday-decor-and-ornaments.html,http://3.bp.blogspot.com/-tvpMwyGd3wU/VIsjBJupSUI/AAAAAAAADeI/30eWkXpGlFY/s1600/holiday-decor-diy.jpg,12 diy holiday decor and ornaments.html,copper home decor.csv
9999,http://www.loveitsomuch.com/stores/stained-glass-arrow-3d-blue-copper-ornament-1410269741,1071110.html/full,http://img.loveitsomuch.com/uploads/201409/09/20/2014%252520diy%252520ornaments%252520ideas%252520-%252520stained%252520glass%252520arrow%2525203d%252520blue%252520copper%252520ornament-f68489.jpg,full,copper home decor.csv
9999,http://www.writelikenooneswatching.com/2014/11/diy-copper-christmas-star-decorations.html,http://4.bp.blogspot.com/-4VW0ByacfXo/VHSHGW7mkMI/AAAAAAAAKCQ/CV5LOXE-_WY/s1600/DIY%25252BChristmas%25252BStar%25252BDecorations%25252B(2).jpg,diy copper christmas star decorations.html,copper home decor.csv
9999,http://craftriver.com/diy-kitchen-decorating-ideas-on-a-budget,http://craftriver.com/wp-content/uploads/2014/09/Upstyle-an-Old-Knife-Block.jpg,diy kitchen decorating ideas on a budget,copper home decor.csv
9999,http://www.brainlid.com/blending-autumn-leaves-for-fall-home-decor/fall-home-decoration-with-decorative-table-lamp-candle-light-copper-holder-autumn-leaves-decor-in-fall-living-room-decoration,http://www.brainlid.com/wp-content/uploads/2014/09/fall-home-decoration-with-decorative-table-lamp-candle-light-copper-holder-autumn-leaves-decor-in-fall-living-room-decoration.jpg,fall home decoration with decorative table lamp candle light copper holder autumn leaves decor in fall living room decoration,copper home decor.csv
9999,http://www.remodelaholic.com/2014/12/copper-wood-candle-holder,http://www.remodelaholic.com/wp-content/uploads/2014/11/Build-Copper-and-Wood-Candleholders-Thats-My-Letter-for-%2540Remodelaholic.jpg,copper wood candle holder,copper home decor.csv
9999,http://www.settingforfour.com/2014/10/quick-easy-halloween-decor.html,http://www.settingforfour.com/wp-content/uploads/2014/10/quick-halloween-decor-ideas.jpg,quick easy halloween decor.html,copper home decor.csv
9999,http://apartment34.com/2013/09/idea-to-steal-18-copper-tape-makeover,http://apartment34.com/wp-content/uploads/2013/09/Idea-to-Steal-Copper-Mirror.jpg,idea to steal 18 copper tape makeover,copper home decor.csv
9999,http://www.warmhotchocolate.com/tag/diy,http://i0.wp.com/www.warmhotchocolate.com/wp-content/uploads/2014/09/meltedcrayonlantern.jpg,diy,copper home decor.csv
9999,http://spadesandsilk.com/lifestyle/brilliant-diy-copper-leather-stool,http://spadesandsilk.com/wp-content/uploads/2014/03/leathertable_6.jpeg,brilliant diy copper leather stool,copper home decor.csv
9999,http://www.hlhmortuary.com/diy-bathroom-wall-decor-unique-design/really-cool-lighting-modern-powder-room-designs-with-diy-bathroom-wall-decor-and-black-mirror-frame-with-white-vanity-and-copper-towel-hanger,http://www.hlhmortuary.com/wp-content/uploads/2014/10/Really-cool-lighting-modern-powder-room-designs-with-diy-bathroom-wall-decor-and-black-mirror-frame-with-white-vanity-and-copper-towel-hanger.jpg,really cool lighting modern powder room designs with diy bathroom wall decor and black mirror frame with white vanity and copper towel hanger,copper home decor.csv
9999,http://www.loveitsomuch.com/stores/copper-bird-ornament-gift-bag-tags-1410499374,1100784.html/full,http://img.loveitsomuch.com/uploads/201409/11/20/2014%252520diy%252520ornaments%252520ideas%252520-%252520copper%252520bird%252520ornament%252520gift%252520bag%252520tags-f91433.jpg,full,copper home decor.csv
9999,http://julieblanner.com/diy-copper-tealights,http://julieblanner.com/wp-content/uploads/2014/12/christmas-front-porch.jpg,diy copper tealights,copper home decor.csv
9999,http://www.homeyohmy.com/copper-diy-inspire-shop,http://www.homeyohmy.com/wp-content/uploads/2014/03/Copper-Inspiration.jpg,copper diy inspire shop,copper home decor.csv
9999,http://ahomeinthemaking.blogspot.com/2012/11/inspired-copper-accents.html,http://2.bp.blogspot.com/-e_DJq5fw4EQ/UJx1pqZ6EUI/AAAAAAAAGa0/P2Ej2YrXh6w/s1600/copper.png,inspired copper accents.html,copper home decor.csv
9999,http://pietravsx9l.loveitsomuch.com/stores/sea-glass-angel-home-decor-hand-forged-copper-1410260444,1069133.html,http://img.loveitsomuch.com/uploads/201409/08/20/2014%252520diy%252520ornaments%252520ideas%252520-%252520sea%252520glass%252520angel%252520home%252520decor%252520hand%252520forged%252520copper-f58884.jpg,sea glass angel home decor hand forged copper 1410260444,1069133.html,copper home decor.csv
9999,http://www.settingforfour.com/2014/10/quick-easy-halloween-decor.html,http://www.settingforfour.com/wp-content/uploads/2014/10/quick-easy-halloween-diy-decor-2.jpg,quick easy halloween decor.html,copper home decor.csv
9999,http://www.decoist.com/2014-08-11/diy-colorful-alphabet-magnets-project,http://cdn.decoist.com/wp-content/uploads/2014/08/Copper-and-hot-pink-spray-painted-DIY-magnets.jpg,diy colorful alphabet magnets project,copper home decor.csv
9999,http://tatertotsandjello.com/2013/08/great-ideas-home-decor-projects.html,http://i1.wp.com/tatertotsandjello.com/wp-content/uploads/2014/07/20-home-decor-projects-at-tatertots-and-jello.jpg%253Fresize%253D700%25252C1000,great ideas home decor projects.html,copper home decor.csv
9999,http://www.remodelista.com/posts/5-favorites-exposed-copper-pipes-as-decor,http://www.remodelista.com/files/styles/733_0s/public/img/sub/uimg/04-2013/700_exposed-copper-pipes-as-pot-holder.jpg,5 favorites exposed copper pipes as decor,copper home decor.csv
9999,http://www.adenaleigh.com/category/decor,http://i1.wp.com/www.adenaleigh.com/wp-content/uploads/2014/09/DIY-Copper-Kitchen-Accents.jpg%253Fw%253D1200,decor,copper home decor.csv
9999,http://freshideastudio.com/how-to-clean-copper-fast,http://freshideastudio.com/wp-content/uploads/2014/05/The-best-way-DIY-tip-from-Fresh-Idea-Studio-How-to-clean-copper-fast.png,how to clean copper fast,copper home decor.csv
9999,http://modernmagazin.com/tag/water,http://modernmagazin.com/wp-content/uploads/2014/03/Copper-pipes-in-the-interior-6.jpg,water,copper home decor.csv
9999,http://littlebennet.com/tag/home-interior,http://littlebennet.files.wordpress.com/2014/03/brasscoppergold.jpg,home interior,copper home decor.csv
9999,http://www.budgetfairytale.com/category/diy,http://www.budgetfairytale.com/wp-content/uploads/2014/10/DIY-copper-vases-main.jpg,diy,copper home decor.csv
9999,http://www.poppytalk.com/2014/10/diy-copper-gold-foil-branches.html,http://2.bp.blogspot.com/-RXNhJKEAGlE/VDOKBPqrvUI/AAAAAAABQM4/NvV1fv-LcZU/s1600/DIY_CopperandGold_Branches%25252Bcopy.jpg,diy copper gold foil branches.html,copper home decor.csv
9999,http://www.weddingchicks.com/2013/10/31/diy-terra-cotta-pots,http://static.weddingchicks.com/wp-content/uploads/2013/10/terracottasupplies.jpg,diy terra cotta pots,copper home decor.csv
9999,http://www.remodelaholic.com/2014/06/diy-copper-pipe-candelabra,http://www.remodelaholic.com/wp-content/uploads/2014/06/DIY-Copper-Pipe-Candelabra8-600x800.jpg,diy copper pipe candelabra,copper home decor.csv
9999,http://www.pardonmyfrenchblog.com/tag/copper-accents,http://pardonmyfrnch.files.wordpress.com/2014/03/copper-details.jpg,copper accents,copper home decor.csv
9999,https://www.pinterest.com/elelia/cuivre-copper-cobre,https://s-media-cache-ak0.pinimg.com/736x/32/6e/10/326e10b73530f97c3ce37294996ac47b.jpg,cuivre copper cobre,copper home decor.csv
9999,http://upcycledtreasures.com/2014/08/diy-wall-art-using-contact-paper,http://i1.wp.com/upcycledtreasures.com/wp-content/uploads/2014/06/navy-and-copper-mid-century-dresser-transformation-before-and-after-upcycledtreasures.jpg%253Fresize%253D700%25252C1011,diy wall art using contact paper,copper home decor.csv
9999,http://www.hapihour.org/homemade-copper-light-fixtures,http://www.hapihour.org/wp-content/uploads/2014/03/feature-light-track-lighting-pendant-lighting-outdoor-light-led-lighting-ceiling-lights-home-lighting-fixtures-light-kitchen-light-homemade-copper-light-fixtures-homemade-light-fixtures-pinteresth.jpg,homemade copper light fixtures,copper home decor.csv
9999,http://www.loveitsomuch.com/stores/antique-copper-daisy-tag-charm-trinity-brass-2-pc-1411045996,1148195.html/full,http://img.loveitsomuch.com/uploads/201409/18/an/antique%252520copper%252520daisy%252520tag%252520charm%252520trinity%252520brass%2525202%252520pc.%252520-%252520diy%252520paper%252520crafts%252520for%2525202014%252520party-f54763.jpg,full,copper home decor.csv
9999,http://designertrapped.com/2014/10/wood-copper-diy-planter.html,http://houseologie.com/wp-content/uploads/2014/09/Wood-and-Copper-Planter-61-e1411952533268.jpg,wood copper diy planter.html,copper home decor.csv
9999,http://www.hammerandheelsblog.com/5-clever-fall-diys,http://www.hammerandheelsblog.com/wp-content/uploads/2014/10/halloween-projects-92.jpg,5 clever fall diys,copper home decor.csv
9999,http://www.thelilypadcottage.com/2013/05/garbage-can-flower-planter-diy.html,http://www.thelilypadcottage.com/wp-content/uploads/2013/05/how_to_diy_garbage_can_flower_planter.jpg,garbage can flower planter diy.html,copper home decor.csv
9999,http://www.homeyohmy.com/diy-copper-dipped-vases,http://www.homeyohmy.com/wp-content/uploads/2013/10/Rustoleum-Copper-Metallic-Spray-Paint.jpg,diy copper dipped vases,copper home decor.csv
9999,http://camillestyles.com/living/transformed/transformed-copper-pipe-wall-sconce,http://camillestyles.com/wp-content/uploads/2013/05/copper-sconce-edit-4.jpg,transformed copper pipe wall sconce,copper home decor.csv
9999,http://www.personalcreations.com/blog/diy-fall-decor-ideas,http://a1128.g.akamai.net/7/1128/497/0001/origin-d5.scene7.com/is/image/ProvideCommerce/DIY%252520Fall%252520Decor%252520Ideas%252520Blog2,diy fall decor ideas,copper home decor.csv
9999,http://www.the36thavenue.com/home-decor-diy-projects,http://www.1dogwoof.com/wp-content/uploads/2014/06/craft_room_after-25.jpg,home decor diy projects,copper home decor.csv
9999,http://sugarandcloth.com/2014/02/diy-ten-genius-things-to-make-from-copper,http://i1.wp.com/sugarandcloth.com/wp-content/uploads/2014/02/1-Desktop296-001.jpg%253Fresize%253D563%25252C1024,diy ten genius things to make from copper,copper home decor.csv
9999,http://www.abeautifulmess.com/2015/01/leather-copper-cup-organizer-diy.html,http://abeautifulmess.typepad.com/.a/6a00d8358081ff69e201b8d0b84be8970c-800wi,leather copper cup organizer diy.html,copper home decor.csv
9999,https://www.pinterest.com/pin/164451823869212456,https://s-media-cache-ak0.pinimg.com/736x/a6/72/84/a672849597ba7cc303d9fd7b7d0ad7b1.jpg,164451823869212456,copper home decor.csv
9999,http://craftgawker.com/post/2014/09/21/70952,http://mmphobby.com/wp-content/uploads/2014/09/IMG_1770.jpg,70952,copper home decor.csv
9999,http://www.the36thavenue.com/home-decor-diy-projects,http://www.the36thavenue.com/wp-content/uploads/2014/06/DIY-Home-Decor-Ideas-at-The-36th-Avenue.jpg,home decor diy projects,copper home decor.csv
9999,http://www.earnesthomeco.com/copper-rimmed-glass-candleholder,http://www.earnesthomeco.com/wp-content/uploads/2014/09/copper-and-glass-centerpiece-diy.jpg,copper rimmed glass candleholder,copper home decor.csv
9999,http://craftriver.com/small-bedroom-decorating-ideas-on-a-budget,http://craftriver.com/wp-content/uploads/2014/08/DIY-Side-Table-from-Copper-Pipe-and-Wood-Slice-Small-Bedroom-Decorating-Ideas-on-a-Budget-Easy-DIY-Bedroom-Decor-Ideas.jpg,small bedroom decorating ideas on a budget,copper home decor.csv
9999,http://designgab.blogspot.com/2014/12/50-gorgeous-diy-wall-art-ideas-for-your.html,http://www.decoradvisor.net/wp-content/uploads/2013/10/diy-wall-art.jpg,50 gorgeous diy wall art ideas for your.html,copper home decor.csv
9999,http://blog.brewsterwallcovering.com/color-love-glistening-copper,http://blog.brewsterwallcovering.com/wp-content/uploads/2015/01/Fall-For-DIY-Copper-and-Wood-Slice-Table-tutorial-pic-1024x682.jpg,color love glistening copper,copper home decor.csv
9999,http://www.paykocimports.com/blog/4-relatively-easy-diy-copper-pipe-decor-projects-to-kickstart-your-2015,http://cdn2.bigcommerce.com/server5400/271b7/product_images/uploaded_images/copper-pipe-side-table.jpg,4 relatively easy diy copper pipe decor projects to kickstart your 2015,copper home decor.csv
9999,http://francotechnogap.com/enchanting-vintage-home-decor-construction-luxury-home-decorating-ideas-on-a-budget-winsome-effects-picture/home-decorating-1600x1280-home-decor-planbeat-ae-i-com-astonishing-home-decor-ideas-surprising-chic-diy-home-decor-midcentury-style-20,http://francotechnogap.com/images/home-decorating-1600x1280-home-decor-planbeat-ae-i.com-Astonishing-Home-Decor-Ideas-Surprising-chic-diy-home-decor-Midcentury-Style.jpg,home decorating 1600x1280 home decor planbeat ae i com astonishing home decor ideas surprising chic diy home decor midcentury style 20,copper home decor.csv
9999,http://homecomingmn.blogspot.com,https://farm4.staticflickr.com/3840/15318394716_6c91aa5a42_c.jpg,homecomingmn.blogspot.com,copper home decor.csv
9999,http://girlinthegarage.net/2013/08/crazy-for-blue,http://girlinthegarage.net/wp-content/uploads/2013/08/Blue-Collage-946x1024.jpg,crazy for blue,copper home decor.csv
9999,http://www.mybutteryfly.com/fun-nudist-home-design-brick-pipe-and-ceiling-exposure/diy-light-fixture-from-copper-pipes-on-white-home-office-space,http://www.mybutteryfly.com/wp-content/uploads/2014/05/DIY-Light-Fixture-from-Copper-Pipes-on-White-Home-Office-Space.jpg,diy light fixture from copper pipes on white home office space,copper home decor.csv
9999,http://www.homeyohmy.com/diy-copper-striped-pumpkins,http://www.homeyohmy.com/wp-content/uploads/2014/09/DIY-copper-striped-white-pumpkins1.jpg,diy copper striped pumpkins,copper home decor.csv
9999,http://www.ohsolovelyblog.com/2014/11/diy-copper-fall-decor-ideas.html,http://1.bp.blogspot.com/-_HRBWndhgDM/VGGJ6IgbCQI/AAAAAAAAG94/ZRtXpXBhPUc/s1600/Fall-Tablescape1.jpg,diy copper fall decor ideas.html,copper home decor.csv
9999,http://www.youtube.com/watch?v%3DrroGmJVm3T8,http://i.ytimg.com/vi/rroGmJVm3T8/maxresdefault.jpg,watch?v%3DrroGmJVm3T8,copper home decor.csv
9999,http://www.copper.com.au/copper/wcms/en/home/articles/design/Copper_Exposed.html;jsessionid%3DDE445948DF0BC1CBECE9FE1E5BC7EDC9,http://www.copper.com.au/copper/wcms/en/home/design-7.jpg,Copper_Exposed.html;jsessionid%3DDE445948DF0BC1CBECE9FE1E5BC7EDC9,copper home decor.csv
9999,http://www.1dogwoof.com/home-garden,http://www.1dogwoof.com/wp-content/uploads/2014/06/4th-of-July-Home-Decor-Ideas.jpg,home garden,copper home decor.csv
9999,http://www.abeautifulmess.com/2014/04/copper-legged-table.html,http://abeautifulmess.typepad.com/.a/6a00d8358081ff69e201a51197787a970c-800wi,copper legged table.html,copper home decor.csv
9999,http://francotechnogap.com/adorable-minimalist-home-decor-character-engaging-do-it-yourself-home-decor-marvellous-design-anatomy/home-office-classic-furniture-wooden-table-chair-cabinet-handsome-home-decor-ideas-foxy-decorations-for-homes-industrial-style-18,http://francotechnogap.com/images/home-office-classic-furniture-wooden-table-chair-cabinet-Handsome-Home-Decor-Ideas-Foxy-decorations-for-homes-Industrial-Style.jpg,home office classic furniture wooden table chair cabinet handsome home decor ideas foxy decorations for homes industrial style 18,copper home decor.csv
9999,http://www.inspiredbycharm.com/2014/10/diy-copper-and-wood-candlesticks.html,http://www.inspiredbycharm.com/wp-content/uploads/2014/10/copper-wood-candlesticks-1024x682.jpg,diy copper and wood candlesticks.html,copper home decor.csv
9999,http://www.thecleverlife.com/haute-halloween-automated-design-diy-style,http://www.thecleverlife.com/wp-content/uploads/2014/10/pumpkin-patch-DIY-decorative-no-carve-painted-glitter-geometric-ombre-centerpiece-haute-halloween.jpg,haute halloween automated design diy style,copper home decor.csv
9999,http://www.warmhotchocolate.com/tag/fall,http://i0.wp.com/www.warmhotchocolate.com/wp-content/uploads/2012/09/transitiontofall-diy1.jpg%253Fresize%253D700%25252C1321,fall,copper home decor.csv
9999,http://www.auntpeaches.com/diy-decor,http://www.auntpeaches.com/wp-content/uploads/2014/11/copper-moulds-collection-682.jpg,diy decor,copper home decor.csv
9999,http://blog.brewsterwallcovering.com,http://blog.brewsterwallcovering.com/wp-content/uploads/2015/01/copperwallaccents.jpg,blog.brewsterwallcovering.com,copper home decor.csv
9999,http://sisterssuitcaseblog.com/2014/02/diy-copper-picture-frame-engineering.html,http://sisterssuitcaseblog.com/wp-content/uploads/2014/02/gap-frame_before.jpg,diy copper picture frame engineering.html,copper home decor.csv
9999,http://look-what-i-made.com/tag/home-decoration,http://look-what-i-made.com/wp-content/uploads/2013/07/concrete_copper_lamp.jpg,home decoration,copper home decor.csv
9999,http://interiorsbystudiom.com/copper-finish-home-interior-design-trend,http://interiorsbystudiom.com/wp-content/uploads/2015/01/69-600x900.jpg,copper finish home interior design trend,copper home decor.csv
9999,http://blog.hgtv.com/design/tag/holidays,http://blog.sndimg.com/hgtv/Holiday-Shoot-Moodboard.jpg,holidays,copper home decor.csv
9999,http://www.curbly.com/users/brittni-mehlhoff/posts/16653-roundup-13-gold-and-copper-diy-ideas-for-this-year-s-thanksgiving-dinner,http://images.curbly.com/6pwdUlJNF6iSH6gbE46dAfHkPkE%253D/567x0/smart/filters:strip_icc():blur(2):quality(10)/http://assets.curbly.com/photos/0000/0017/4300/5-minute-copper-planter-diy-12_large_jpg.jpg,16653 roundup 13 gold and copper diy ideas for this year s thanksgiving dinner,copper home decor.csv
9999,http://www.ajoyfulriot.com/category/home-decor-diy,http://www.ajoyfulriot.com/wp-content/uploads/2015/01/copperwoodletters_4.jpg%253F568882,home decor diy,copper home decor.csv
9999,http://www.goinghometoroost.com/tag/copper,http://www.goinghometoroost.com/wp-content/uploads/2014/05/1_91.jpg,copper,copper home decor.csv
9999,http://makinglemonadeblog.com/go-for-the-gold-and-silver-bronze-copper,http://makinglemonadeblog.com/wp-content/uploads/2014/02/metallic-home-decor-gold-thrift-store-finds-1024x1020.png,go for the gold and silver bronze copper,copper home decor.csv
9999,http://www.pineconeshelf.com/diy-project/how-to-paint-cap-toe-shoes,http://www.pineconeshelf.com/wp-content/uploads/2014/05/diy-painted-copper-capped-shoes.jpg,how to paint cap toe shoes,copper home decor.csv
9999,http://www.curbly.com/users/brittni-mehlhoff/posts/15979-8-home-decor-diy-blogs-to-follow,http://images.curbly.com/4sm97VE77FOAyMeFP2RFrBCTV4I%253D/567x0/smart/filters:strip_icc():blur(2):quality(10)/http://assets.curbly.com/photos/0000/0017/0591/DIYPlacemats010_large_jpg.jpg,15979 8 home decor diy blogs to follow,copper home decor.csv
9999,http://www.popsugar.com/home/How-Decorate-Copper-Wire-Christmas-Lights-36152878,http://media3.popsugar-assets.com/files/2014/11/21/024/n/1922794/6bfb6691d2369169_thumb_temp_cover_file160591601416606919oPFBMJ.xxxlarge/i/How-Decorate-Copper-Wire-Christmas-Lights.jpg,How Decorate Copper Wire Christmas Lights 36152878,copper home decor.csv
9999,http://www.the36thavenue.com/home-decor-diy-projects,http://www.the36thavenue.com/wp-content/uploads/2014/05/Home-Decor-Inspiration-at-the36thavenue.com_.jpg,home decor diy projects,copper home decor.csv
9999,http://www.digsdigs.com/24-hot-home-decor-ideas-with-copper,http://www.digsdigs.com/photos/cool-home-decor-ideas-with-copper-22.jpg,24 hot home decor ideas with copper,copper home decor.csv
9999,http://thisisourbliss.com,https://thisisourbliss.files.wordpress.com/2015/01/great-find-quick-fix-copper-tray-this-is-our-bliss.jpg,thisisourbliss.com,copper home decor.csv
9999,http://www.digsdigs.com/24-hot-home-decor-ideas-with-copper,http://www.digsdigs.com/photos/cool-home-decor-ideas-with-copper-14.jpg,24 hot home decor ideas with copper,copper home decor.csv
9999,http://francotechnogap.com/agreeable-cheap-modern-home-decor-complexion-entrancing-modern-home-decorating-ideas-marvelous-decoration-coloration/cheap-home-decor-ideas-diy-fetching-home-decor-ideas-heavenly-beautifully-decorated-homes-transitional-style-17,http://francotechnogap.com/images/Cheap-Home-Decor-Ideas-DIY-Fetching-Home-Decor-Ideas-Heavenly-beautifully-decorated-homes-Transitional-Style.jpg,cheap home decor ideas diy fetching home decor ideas heavenly beautifully decorated homes transitional style 17,copper home decor.csv
9999,http://scenarhome.us/images/DIY%2520Coat%2520Rack,http://www.shanty-2-chic.com/wp-content/uploads/2013/12/DIY-Coat-Rack1.jpg,DIY%2520Coat%2520Rack,copper home decor.csv
9999,http://www.homedecoratingdiy.com/diy-copper-pipe-floor-lamp,http://www.homedecoratingdiy.com/wp-content/uploads/2015/01/diy-copper-pipe-floor-lamp..jpg,diy copper pipe floor lamp,copper home decor.csv
9999,http://copperandcork.com,https://copperandcork.files.wordpress.com/2015/01/img_5854.jpg%253Fw%253D1100,copperandcork.com,copper home decor.csv
9999,http://girlinthegarage.net/2014/05/budget-friendly-diy-decorating-ideas,http://girlinthegarage.net/wp-content/uploads/2014/05/home-decor-diy-art-collage.jpg,budget friendly diy decorating ideas,copper home decor.csv
9999,http://intentionandgrace.com,http://intentionandgrace.com/wp-content/uploads/2015/01/diy-marble-tray-.jpg,intentionandgrace.com,copper home decor.csv
9999,http://www.creatingandco.com/category/diy,http://www.creatingandco.com/wp-content/uploads/2014/12/copper4.png,diy,copper home decor.csv
9999,http://www.abeautifulmess.com/2014/08/vintage-copper-letter-diy.html,http://abeautifulmess.typepad.com/.a/6a00d8358081ff69e201a3fd4244bb970b-800wi,vintage copper letter diy.html,copper home decor.csv
9999,http://www.abeautifulmess.com/2015/01/hanging-copper-pipe-clothing-rack-diy.html,http://abeautifulmess.typepad.com/.a/6a00d8358081ff69e201bb07d19895970d-800wi,hanging copper pipe clothing rack diy.html,copper home decor.csv
9999,https://iliterallydiy.wordpress.com/tag/fall-decorations,https://iliterallydiy.files.wordpress.com/2013/10/diy-fall-decor.jpg,fall decorations,copper home decor.csv
9999,http://diyreal.com/diy-copper-pipe-necklace,http://media-cache-ec3.pinterest.com/736x/3c/73/9a/3c739a41c1ad2e3531114203f83c98b1.jpg,diy copper pipe necklace,copper home decor.csv
9999,http://nomodestbear.blogspot.com/2013/11/diy-chalkboard-pumpkin-planter.html,http://2.bp.blogspot.com/-DpAqGhGAN3A/UlSTNu1z7EI/AAAAAAAAHDA/1Qrc0BWL_CA/s1600/fall-front-porch-with-chalkboard-art-and-diy-sharpie-pillow-covers-and-polka-dot-pumpkins-at-thehappyhousie%25255B1%25255D.png,diy chalkboard pumpkin planter.html,copper home decor.csv
9999,http://www.homedit.com/monochromatic-pad-brass-copper-accents-rustic-touch,http://cdn.homedit.com/wp-content/uploads/2014/05/gothenburg-home-wall-art.jpg,monochromatic pad brass copper accents rustic touch,copper home decor.csv
9999,http://www.earnesthomeco.com/copper-rimmed-glass-candleholder,http://www.earnesthomeco.com/wp-content/uploads/2014/09/copper-and-glass-candleholder.jpg,copper rimmed glass candleholder,copper home decor.csv
9999,http://www.hellolovelyworld.com,http://www.hellolovelyworld.com/wp-content/uploads/2013/01/CopperPix.jpg,www.hellolovelyworld.com,copper home decor.csv
9999,http://www.brit.co/copper-home-decor,http://s3-us-west-1.amazonaws.com/static.brit.co/wp-content/uploads/2014/03/Lamp-DIY.jpg,copper home decor,copper home decor.csv
9999,http://ext.homedepot.com/community/blog/thanksgiving-entertaining-ideas-how-to-throw-a-no-fuss-fall-dinner,http://ext.homedepot.com/community/blog/wp-content/wpuploads/Lindsay-Jackman-Halloween-Style-Challenge-15.jpg,thanksgiving entertaining ideas how to throw a no fuss fall dinner,copper home decor.csv
9999,http://www.inspiredbycharm.com/2014/09/something-more-saturday-02.html,http://www.inspiredbycharm.com/wp-content/uploads/2014/09/FTLOCcopper2-2-682x1024.jpg,something more saturday 02.html,copper home decor.csv
9999,http://upcycledtreasures.com/2014/10/free-printable-october,http://i2.wp.com/upcycledtreasures.com/wp-content/uploads/2014/09/feature-how-to-build-a-copper-pipe-desk-upcycledtreasures.png%253Fresize%253D1200%25252C500,free printable october,copper home decor.csv
9999,http://claireabellemakes.com/tag/copper-home-style,http://claireabellemakes.com/wp-content/uploads/2015/01/Copper-and-Slate-Home-Style-Trends-1024x768.png,copper home style,copper home decor.csv
9999,http://ext.homedepot.com/community/blog/diy-halloween-wreath-in-three-steps,http://ext.homedepot.com/community/blog/wp-content/wpuploads/pumpkin_wreath_hero1.jpg,diy halloween wreath in three steps,copper home decor.csv
9999,http://frysauceandgrits.com/2014/12/diy-short-copper-pipe-curtain-rod.html,http://frysauceandgrits.com/wp-content/uploads/2014/12/DIY-Short-Copper-Pipe-Curtain-Rod-Tutorial-FrySauceandGrits.com_.jpg,diy short copper pipe curtain rod.html,copper home decor.csv
9999,http://www.remodelaholic.com/2014/05/geometric-copper-pipe-pendant-light,http://www.remodelaholic.com/wp-content/uploads/2014/05/charcoal-office-with-diy-copper-pipe-geometric-pendant-light-The-Gathered-Home-on-Remodelaholic.jpg,geometric copper pipe pendant light,copper home decor.csv
9999,http://www.brittanymakes.com/2015/01/07/diy-copper-tape-art,http://www.brittanymakes.com/wp-content/uploads/2015/01/Copper-Tape-Art-5.jpg,diy copper tape art,copper home decor.csv
9999,http://kojo-designs.com/2013/01/copper-barn-light-ikea-hack,http://kojo-designs.com/wp-content/uploads/2013/01/house-pics1.jpg,copper barn light ikea hack,copper home decor.csv
9999,https://www.pinterest.com/budmanso/tutorials-and-diy,https://s-media-cache-ak0.pinimg.com/736x/79/93/47/799347303e5eb5b87bfaec30fe98784a.jpg,tutorials and diy,copper home decor.csv
9999,http://www.taupeandbirch.com/category/interiors,http://www.taupeandbirch.com/wp-content/uploads/2014/08/DIY_copper_storage2-767x1024.jpg,interiors,copper home decor.csv
9999,http://bumblebreeblog.com/2014/07/13/diy-decorative-oyster-shells,http://bumblebreeblog.com/wp-content/uploads/2014/07/IMG_0112-681x1024.jpg,diy decorative oyster shells,copper home decor.csv
9999,http://paintandpattern.com/2015-color-of-the-year-stencils,http://paintandpattern.com/wp-content/uploads/2015/01/2015-color-of-the-year-pantone-marsala-wall-stencils-diy-painting-home-decor.jpg,2015 color of the year stencils,copper home decor.csv
9999,http://www.thelifecreativeblog.com/homewares-furniture/metallic-magic-10-must-copper-homewares-finds,http://i2.wp.com/thelifecreativeblog.com/wp-content/uploads/2014/11/Copper-Homewares-Copper-Decor-Finds-from-Down-That-Little-Lane.jpg,metallic magic 10 must copper homewares finds,copper home decor.csv
9999,http://stylejuicer.com/for-the-home/simple-stylish-christmas-diys,http://stylejuicer.com/wp-content/uploads/2014/11/Simple-Stylish-Christmas-DIYs-via-Stylejuicer-02.jpg,simple stylish christmas diys,copper home decor.csv
9999,http://www.burkatron.com/2015/01/faux-copper-succulent-planter-diy-tutorial.html,http://4.bp.blogspot.com/-HxnrMKJAFq0/VLvQU7QbhpI/AAAAAAAAMns/NN2gb_nCKRM/s1600/copper%25252Bplanter%25252Bdiy%25252Btutorial.jpg,faux copper succulent planter diy tutorial.html,copper home decor.csv
9999,http://noanoir.com/tag/home-decor,http://noanoir.com/content/images/2014/10/noa-noir-art-diy-interior-home-decor-copper-candle-holders-0.jpg,home decor,copper home decor.csv
9999,http://selectdecoration.blogspot.com/2014/03/copper-home-decor.html,http://www.hpnmediacontent.com/wordpress/wp-content/uploads/Copper-Vanity.jpg,copper home decor.html,copper home decor.csv
9999,http://quirkitdesign.blogspot.com/2014_11_01_archive.html,http://4.bp.blogspot.com/-CquyTJB4zec/VHrBcze89CI/AAAAAAAAA78/fk1yjLZYmYI/s1600/Quirk%25252BIt%25252BDesign_White%25252BRoom%25252BMakeover_Industrial_Roman_Gold_Moodboard_DIY_Quirky_Home_Decor_1.png,2014_11_01_archive.html,copper home decor.csv
9999,http://scraphacker.com/copper-diy-ideas,http://media.scraphacker.com/2012/04/copper-diy-dictionary.jpeg,copper diy ideas,copper home decor.csv
9999,http://www.thegatheredhome.com/2014/01/how-to-make-DIY-ikea-hack-plank-top-desk-copper-pulls.html,http://4.bp.blogspot.com/-7k-2H98z_nI/UxYADNoRWMI/AAAAAAAADTQ/VzJyW0pIl6k/s1600/How%252BTo%252BMake%252BDIY%252BIkea%252BHack%252BDesk%252Bwith%252BPlank%252BTop%252Band%252BCopper%252BPulls.jpg,how to make DIY ikea hack plank top desk copper pulls.html,copper home decor.csv
9999,http://www.warmhotchocolate.com/tag/diy,http://i2.wp.com/www.warmhotchocolate.com/wp-content/uploads/2015/01/kitchenshelves2.jpg,diy,copper home decor.csv
9999,http://www.thegatheredhome.com/2014/10/diy-copper-pipe-candelabra.html,http://3.bp.blogspot.com/-c3pjMLOfBNk/VEasMgvypvI/AAAAAAAAGMw/uqr7ibn0qrY/s1600/diy%25252Bcopper%25252Bpipe%25252Bcandelabra4.jpg,diy copper pipe candelabra.html,copper home decor.csv
9999,http://www.giddyupcycled.com/30-diy-projects-using-shims,http://i1.wp.com/www.giddyupcycled.com/wp-content/uploads/2014/10/giddyupcycled-shims.jpg%253Ffit%253D9999%25252C9999,30 diy projects using shims,copper home decor.csv
9999,http://www.brittanymakes.com/2014/02/05/will-copper-replace-our-love-for-gold,http://www.brittanymakes.com/wp-content/uploads/2014/02/Copper-for-the-Home.jpg,will copper replace our love for gold,copper home decor.csv
9999,http://www.hgtv.com/design/make-and-celebrate/handmade/diy-your-way-to-designer-summer-decor-pictures,http://hgtvhome.sndimg.com/content/dam/images/hgtv/fullset/2013/10/30/0/BP_HUCOH103H_gray-transitional-dining-room-mudroom_h.jpg.rend.hgtvcom.1280.960.jpeg,diy your way to designer summer decor pictures,copper home decor.csv
9999,http://www.abeautifulmess.com/2015/01/leather-copper-cup-organizer-diy.html,http://abeautifulmess.typepad.com/.a/6a00d8358081ff69e201b8d0b5129f970c-800wi,leather copper cup organizer diy.html,copper home decor.csv
9999,http://furnicool.com/decoration/best-ideas-of-wall-decorations-home-with-many-style-and-materials.html,http://furnicool.com/wp-content/uploads/2014/11/heart-wall-copper-wall-more-paris-decorators-wall-panels-turquoise-blue-wall-mermaid-scroll-wall-ceramic-big-wall-funky-wall-decor-bath-tinkerbell-bar-wall.jpg,best ideas of wall decorations home with many style and materials.html,copper home decor.csv
9999,http://30smagazine.wordpress.com/tag/101-woonideeen,http://30smagazine.files.wordpress.com/2014/10/101-kinderkamer.jpg%253Fw%253D600%2526h%253D884,101 woonideeen,copper home decor.csv
9999,http://www.crafthubs.com/diy-copper-pipe-tray/48004,http://cdn.hometalk.com/media/2014/10/16/1267206/diy-copper-pipe-tray-diy-home-decor-repurposing-upcycling.png%253Fsize%253D985x985%2526nocrop%253D1,48004,copper home decor.csv
9999,http://designertrapped.com/2014/09/diy-fall-decor-ideas.html,http://designertrapped.com/wp-content/uploads/2014/09/Fall-tour-pinterest-682x1024.png,diy fall decor ideas.html,copper home decor.csv
9999,http://makingitwithdanielle.com/2013/07/22/home-tip-decorating-up,http://makingitwithdanielle.files.wordpress.com/2013/07/outdoors-hanging-in.jpg,home tip decorating up,copper home decor.csv
9999,http://www.thejungalow.com/2013/09/upcycled-copper-planters-diy.html,http://www.thejungalow.com/wp-content/uploads/2013/09/copper-planter-by-justina-blakeney3.jpg,upcycled copper planters diy.html,copper home decor.csv
9999,http://www.thegatheredhome.com/2014/01/how-to-make-DIY-ikea-hack-plank-top-desk-copper-pulls.html,http://2.bp.blogspot.com/-ezVMmjRCITU/UxYAbaF37YI/AAAAAAAADTY/XzdZ-9SPWPI/s1600/How%252BTo%252BMake%252BDIY%252BCopper%252BPulls.jpg,how to make DIY ikea hack plank top desk copper pulls.html,copper home decor.csv
9999,http://www.hammerandheelsblog.com/5-clever-fall-diys,http://www.hammerandheelsblog.com/wp-content/uploads/2014/10/gourd-place-card-holder.jpg,5 clever fall diys,copper home decor.csv
9999,http://www.housebeautiful.com/decorating/home-makeovers/copper-accents-diy,http://www.housebeautiful.com/cm/housebeautiful/images/Sl/06-copper-makers-xln.jpg,copper accents diy,copper home decor.csv
9999,http://www.stellarinteriordesign.com/home-decorating-trends-2014,http://www.stellarinteriordesign.com/wp-content/uploads/2014/01/Home-Decor-Trends-2014.png,home decorating trends 2014,copper home decor.csv
9999,http://francotechnogap.com/agreeable-cheap-modern-home-decor-complexion-entrancing-modern-home-decorating-ideas-marvelous-decoration-coloration/small-kitchen-decor-ideas-green-house-plants-luxury-home-decor-ideas-engaging-import-home-decor-eclectic-style-17,http://francotechnogap.com/images/small-kitchen-decor-ideas-green-house-plants-Luxury-Home-Decor-Ideas-Engaging-import-home-decor-Eclectic-Style.jpg,small kitchen decor ideas green house plants luxury home decor ideas engaging import home decor eclectic style 17,copper home decor.csv
9999,http://eastcoastcreativeblog.com/2014/04/round-3-link-winner-upcycled-fish-bowl-copper-wall-lights-love.html,http://formyloveof.net/wp-content/uploads/2014/04/Pin-It-DIY-Upcycled-Fish-Bowls-and-Copper-Pipe-Wall-Lamps-Tutorial-by-ForMyLoveOf-682x1024.jpg,round 3 link winner upcycled fish bowl copper wall lights love.html,copper home decor.csv
9999,http://ext.homedepot.com/community/blog/backyard-games-how-to-make-a-kubb-game-set,http://ext.homedepot.com/community/blog/wp-content/wpuploads/HD-Lawn-Game-Challenge-1.jpg,backyard games how to make a kubb game set,copper home decor.csv
9999,http://www.poppytalk.com/2014/07/mini-diy-round-up.html,http://1.bp.blogspot.com/--Fk_MgeynUQ/U71414c-TmI/AAAAAAABNeo/Qfk8sry6YMU/s1600/diyroundupjul9.jpg,mini diy round up.html,copper home decor.csv
9999,http://www.aliexpress.com/kitchen-stickers_reviews.html,http://i00.i.aliimg.com/wsphoto/v0/1710671676/Flower-Pattern-Aluminum-Copper-Waterproof-Foil-font-b-Sticker-b-font-Oil-Proof-font-b-Kitchen.jpg,kitchen stickers_reviews.html,copper home decor.csv
9999,http://www.goinghometoroost.com/tag/copper,http://www.goinghometoroost.com/wp-content/uploads/2014/07/6.png,copper,copper home decor.csv
9999,http://www.craftionary.net/make-wind-chimes-20-diy-tutorials,http://craftionary.net/wp-content/uploads/blogger/-1KfFBKRGHqo/T44tGH1nI_I/AAAAAAAAENQ/tgTzw7cnLRY/s1600/wind-chime-decoration-diy-tutorials.jpg,make wind chimes 20 diy tutorials,copper home decor.csv
9999,http://www.gina-michele.com/2014/03/diy-copper-painting.html,http://img.photobucket.com/albums/v315/kittycomplex/CopperPainting_zps0cebd82c.jpg,diy copper painting.html,copper home decor.csv
9999,http://www.homeyohmy.com/diy-copper-tin-can-planters-chalkboard-tags,http://www.homeyohmy.com/wp-content/uploads/2013/10/Copper-Cans.jpg,diy copper tin can planters chalkboard tags,copper home decor.csv
9999,http://www.serendipityrefined.com/2012/09/pumpkins-ironstone-and-copper-fall-hutch.html,http://2.bp.blogspot.com/-fz5wzNaZOBg/UFvIjr3oXhI/AAAAAAAADG0/NCQr67ZAy6k/s1600/hutch3.png,pumpkins ironstone and copper fall hutch.html,copper home decor.csv
9999,http://www.abeautifulmess.com/2015/01/hanging-copper-pipe-clothing-rack-diy.html,http://abeautifulmess.typepad.com/.a/6a00d8358081ff69e201bb07ceb826970d-800wi,hanging copper pipe clothing rack diy.html,copper home decor.csv
9999,http://www.remodelaholic.com/2014/04/build-industrial-shelf-pvc-pipe,http://www.remodelaholic.com/wp-content/uploads/2014/04/build-an-industrial-shelf-using-PVC-pipe-Sawdust-2-Stitches-on-Remodelaholic.jpg,build industrial shelf pvc pipe,copper home decor.csv
9999,http://snapcreativity.com/diy-copper-leaf-specimen-art,http://snapcreativity.com/wp-content/uploads/2014/09/Copper-Leaf-Specimen-Art-6.jpg,diy copper leaf specimen art,copper home decor.csv
9999,http://www.brit.co/copper-home-decor,http://s3-us-west-1.amazonaws.com/static.brit.co/wp-content/uploads/2014/03/diy-copper-lamps1.jpg,copper home decor,copper home decor.csv
9999,http://ext.homedepot.com/community/blog/christmas-decor-in-gold-silver-and-copper,http://ext.homedepot.com/community/blog/wp-content/wpuploads/Bethany-DeVore-Holiday-Style-Challenge-18.jpg,christmas decor in gold silver and copper,copper home decor.csv
9999,http://www.abeautifulmess.com/2014/04/copper-legged-table.html,http://abeautifulmess.typepad.com/.a/6a00d8358081ff69e201a3fce7cb9c970b-800wi,copper legged table.html,copper home decor.csv
9999,http://www.frillseeker.ie/blog/cop-giant-gong-ready-coppers-metal-2014,http://www.frillseeker.ie/sites/default/files/styles/blog/public/copper-metal-for-2014.jpg%253Fitok%253DTtSk3IxU,cop giant gong ready coppers metal 2014,copper home decor.csv
9999,http://selectdecoration.blogspot.com/2014/03/fall-home-decorations.html,http://3.bp.blogspot.com/-V4AWSt5WCLY/Uiy3HhfoH3I/AAAAAAAACUM/asf8DLM7OWE/s1600/15fallhome.png,fall home decorations.html,copper home decor.csv
9999,http://www.remodelista.com/posts/diy-copper-plumbing-pipe-hooks,http://www.remodelista.com/files/styles/733_0s/public/fields/DIY-copper-hooks-remodelista.jpg,diy copper plumbing pipe hooks,copper home decor.csv
9999,http://www.burlapandlaceblog.com/2014/03/diy-painted-copper-vases.html,http://1.bp.blogspot.com/-KLtIv-7iwPs/UxaT5wFoLyI/AAAAAAAAF8o/WUIGfLeXQNo/s1600/diy-copper-painted-vases-header.jpg,diy painted copper vases.html,copper home decor.csv
9999,http://selectdecoration.blogspot.com/2014/03/wall-art-home-decor.html,http://asmgrant.org/wp-content/uploads/2014/01/home-decor-wall-art-ideasgoogle---bedroom-art---wall-art-diy---diy-wall-decoration-ideas-22kncicx.jpg,wall art home decor.html,copper home decor.csv
9999,http://community.homedepot.com/howto/DiscussionDetail/How-to-Build-a-Copper-Candle-Holder-Holiday-Centerpiece-906500000000G2F,http://community.homedepot.com/howto/servlet/rtaImage%253Feid%253D906500000000G2F%2526feoid%253DBody%2526refid%253D0EM500000000N6g,How to Build a Copper Candle Holder Holiday Centerpiece 906500000000G2F,copper home decor.csv
9999,http://apartment34.com/2013/07/this-is-very-pinteresting-copper-accents,http://apartment34.com/wp-content/uploads/2013/07/Copper-Pinteresting-.jpg,this is very pinteresting copper accents,copper home decor.csv
9999,http://upcycledtreasures.com/2014/10/free-printable-october,http://i2.wp.com/upcycledtreasures.com/wp-content/uploads/2014/09/feature-handmade-christmas-series-diy-christmas-gift-ideas-upcycledtreasures.png%253Fresize%253D1200%25252C500,free printable october,copper home decor.csv
9999,http://www.hitherandthither.net/2013/01/kitchen-lights.html,http://www.hitherandthither.net/wp-content/uploads/2013/01/hitherandthither-dot-net-light-4.jpg,kitchen lights.html,copper home decor.csv
9999,http://decor8blog.com/2014/11,http://i0.wp.com/decor8blog.com/wp-content/uploads/2014/11/blogboss_onwall.jpg,11,copper home decor.csv
9999,http://kiviart.com/inspiring-and-likeable-ceiling-mount-curtain-rods-design/cerative-diy-canopy-bed-with-white-ivory-silk-net-mosquito-curtain-also-copper-round-curtain-rod,http://kiviart.com/wp-content/uploads/2014/08/decoration-ideas-interior-cerative-diy-canopy-bed-with-white-ivory-silk-net-mosquito-curtain-also-copper-round-curtain-rod-inspiring-and-likeable-ceiling-mount-curtain-rods-design.jpg,cerative diy canopy bed with white ivory silk net mosquito curtain also copper round curtain rod,copper home decor.csv
9999,http://www.earnesthomeco.com/handmade-holiday-monogram-copper-candle,http://www.earnesthomeco.com/wp-content/uploads/2014/12/embossed-monogram-candle-diy.jpg,handmade holiday monogram copper candle,copper home decor.csv
9999,http://sisterssuitcaseblog.com/2014/02/diy-copper-picture-frame-engineering.html,http://sisterssuitcaseblog.com/wp-content/uploads/2014/02/diy-copper-frame-tutorial.jpg,diy copper picture frame engineering.html,copper home decor.csv
9999,http://www.ajoyfulriot.com/2014/12/09/easy-diy-copper-garland-gift-accents,http://i1.wp.com/www.ajoyfulriot.com/wp-content/uploads/2014/12/IMG_4230.jpg%253Fresize%253D640%25252C1261,easy diy copper garland gift accents,copper home decor.csv
9999,http://anielskaaniela.blogspot.com/p/tutoriale-kopiuj-wklej.html,http://1.bp.blogspot.com/-rfBh3ZFP2DE/UkIxeRIctgI/AAAAAAAAR0U/_vrra6EeWUc/s1600/diy%252Btutorial%252Bcopper%252Brings.jpg,tutoriale kopiuj wklej.html,copper home decor.csv
9999,http://craftriver.com/small-bedroom-decorating-ideas-on-a-budget,http://craftriver.com/wp-content/uploads/2014/08/DIY-Wall-Organizers-Using-Shopping-Bags-Small-Bedroom-Decorating-Ideas-on-a-Budget-Easy-DIY-Bedroom-Decor-Ideas.jpg,small bedroom decorating ideas on a budget,copper home decor.csv
9999,http://uhomeal.com/chic-and-beautiful-diy-tutorial-craft-ideas/brilliant-chic-and-beautiful-diy-tutorial-craft-ideas-on-home-decorating-with-diy-home-decor-idea-wall-shelf-cardboard-paint-napkins-with-beautiful,http://uhomeal.com/wp-content/uploads/2014/10/unique-chic-and-beautiful-diy-tutorial-craft-ideas-on-home-decorating-with-beautiful-diy-home-decoration-with-diy-tutorial-craft-ideas.jpg,brilliant chic and beautiful diy tutorial craft ideas on home decorating with diy home decor idea wall shelf cardboard paint napkins with beautiful,copper home decor.csv
9999,http://julieblanner.com/custom-copper-curtain-poles,http://julieblanner.com/wp-content/uploads/2014/08/industrial-pipe-curtain-rods.jpg,custom copper curtain poles,copper home decor.csv
9999,http://www.hgtv.com/design/make-and-celebrate/handmade/diy-your-way-to-designer-summer-decor-pictures,http://hgtvhome.sndimg.com/content/dam/images/hgtv/fullset/2014/3/9/0/Original_Marianne-Canada-Geometric-Light-Pendant_v.jpg.rend.hgtvcom.1280.1707.jpeg,diy your way to designer summer decor pictures,copper home decor.csv
9999,http://glitterinc.com/2013/08/design-studio-bomba-australia,http://glitterinc.com/wp-content/uploads/2013/08/Studio-Bomba-Australia-copper-shelves-ceramic-bowls3.jpg,design studio bomba australia,copper home decor.csv
9999,http://www.homestoriesatoz.com/tutes-tips-not-to-miss/do-it-yourself-projects-tutes-tips-not-to-miss-83.html,http://2.bp.blogspot.com/-QdAs5PRIn7E/UH61bPb0vHI/AAAAAAAAD7U/qcZdtmslcS8/s640/copper%252B3.jpg,do it yourself projects tutes tips not to miss 83.html,copper home decor.csv
9999,http://www.ohsolovelyblog.com/2014/11/diy-copper-fall-decor-ideas.html,http://4.bp.blogspot.com/-QULhV_0pDsg/VGGJt4emHPI/AAAAAAAAG9w/MET5r4Ctq7k/s1600/Copper-Striped-Pumpkins.jpg,diy copper fall decor ideas.html,copper home decor.csv
9999,http://unskinnyboppy.com/2013/11/christmas-minute-pumpkin-seed-christmas-trees,http://unskinnyboppy.com/wp-content/uploads/2013/11/DIY-Pumpkin-seed-Christmas-tree_thumb.jpg,christmas minute pumpkin seed christmas trees,copper home decor.csv
9999,http://www.woohome.com/diy-2/30-brilliant-diy-bathroom-storage-ideas,http://www.woohome.com/wp-content/uploads/2013/11/diy-bathroom-storage-ideas-7.jpg,30 brilliant diy bathroom storage ideas,copper home decor.csv
9999,http://photos.hgtv.com/photos/copper-,http://hgtvhome.sndimg.com/content/dam/images/hgrm/fullset/2013/4/5/2/CI-Allure-of-French-and-Italian-Decor_Copper-Soaking-Tub-Pg152_3x4.jpg.rend.hgtvcom.1280.1707.jpeg,copper ,copper home decor.csv
9999,http://www.ajoyfulriot.com/2014/12/09/easy-diy-copper-garland-gift-accents,http://i2.wp.com/www.ajoyfulriot.com/wp-content/uploads/2014/12/IMG_42712.jpg%253Fresize%253D640%25252C1031,easy diy copper garland gift accents,copper home decor.csv
9999,http://www.sheknows.com/home-and-gardening/articles/1050561/overlooked-decor-items-that-will-bust-your-renovation-budget,http://cdn.sheknows.com/articles/2014/09/Alicia/farmhouse-sinks.jpg,overlooked decor items that will bust your renovation budget,copper home decor.csv
9999,http://bumblebreeblog.com/2014/07/13/diy-decorative-oyster-shells,http://bumblebreeblog.com/wp-content/uploads/2014/07/IMG_0104-681x1024.jpg,diy decorative oyster shells,copper home decor.csv
9999,http://www.thegatheredhome.com/2014/10/diy-copper-pipe-candelabra.html,http://lh5.ggpht.com/-XbwIZfrTAxc/VEW8hPyb9YI/AAAAAAAAGLM/UxWLPSo7kSU/thriftscorethursday%2525252520bassett%2525252520mayan%2525252520mirror5%252525255B3%252525255D.jpg%253Fimgmax%253D800,diy copper pipe candelabra.html,copper home decor.csv
9999,http://exnwhy.com/category/bathroom,http://exnwhy.com/wp-content/uploads/2013/12/DIY-Pebble-IndoorOutdoor-Mat.jpg,bathroom,copper home decor.csv
9999,http://jillianastasia.com/copper-craze,http://jillianastasia.com/wp-content/uploads/2014/02/IMG_8698.jpeg,copper craze,copper home decor.csv
9999,http://selectdecoration.blogspot.com/2014/03/valentines-home-decor.html,http://www.stylemotivation.com/wp-content/uploads/2014/01/18-Romantic-DIY-Home-Decor-Project-for-Valentine%2525E2%252580%252599s-Day-11-620x821.jpg,valentines home decor.html,copper home decor.csv
9999,http://thewhitebuffalostylingco.com/category/set-the-table,http://thewhitebuffalostylingco.com/wp-content/uploads/2014/11/copper-candelabra.jpg,set the table,copper home decor.csv
9999,http://frysauceandgrits.com/2014/12/diy-short-copper-pipe-curtain-rod.html,http://frysauceandgrits.com/wp-content/uploads/2014/12/DIY-Short-Copper-Pipe-Curtain-Rod-FrySauceandGrits.com_.jpg,diy short copper pipe curtain rod.html,copper home decor.csv
9999,http://www.homeyohmy.com/diy-copper-wall-art,http://www.homeyohmy.com/wp-content/uploads/2014/08/DIY-Copper-Wall-Art1.jpg,diy copper wall art,copper home decor.csv
9999,http://offbeatandinspired.com/2013/05/07/diy-painted-arrow-vase,http://offbeatandinspired.com/wp-content/uploads/2013/05/DIY-Arrow-Vase-3.jpg,diy painted arrow vase,copper home decor.csv
9999,http://ioprisoi.com/diy/diy-gold-silver-copper-pendants-how-to-make-a-pendant-jewelry-.html,http://images.coplusk.net/projects/106074/steps/198622/full_106074_2F2014-12-07-132532-PicMonkey%25252BCollage4.jpg,diy gold silver copper pendants how to make a pendant jewelry .html,copper home decor.csv
9999,http://www.decorcus.com/home-design/just-extraordinary-diy-letter-decor-here-to-increase-the-aesthetic-values-of-your-property.html,http://www.decorcus.com/wp-content/uploads/2014/11/book-nook-decor-dr-seuss.png,just extraordinary diy letter decor here to increase the aesthetic values of your property.html,copper home decor.csv
9999,http://www.ajoyfulriot.com/2015/01/27/diy-copper-frames,http://www.ajoyfulriot.com/wp-content/uploads/2015/01/copper-frames6.jpg%253F568882,diy copper frames,copper home decor.csv
9999,http://uhomeal.com/creative-and-easy-tutorial-diy-home-craft-ideas/fresh-creative-and-easy-tutorial-diy-home-craft-ideas-on-home-decorating-with-diy-37-creative-ideas-how-to-use-wine-cork,http://uhomeal.com/wp-content/uploads/2014/10/fresh-creative-and-easy-tutorial-diy-home-craft-ideas-on-home-decorating-with-diy-37-creative-ideas-how-to-use-wine-cork.jpg,fresh creative and easy tutorial diy home craft ideas on home decorating with diy 37 creative ideas how to use wine cork,copper home decor.csv
9999,http://www.ajoyfulriot.com,http://www.ajoyfulriot.com/wp-content/uploads/2015/01/copperwoodletters_7-copy.jpg%253F568882,www.ajoyfulriot.com,copper home decor.csv
9999,http://30smagazine.wordpress.com/category/home-decor/page/6,http://30smagazine.files.wordpress.com/2014/10/img_2812.jpg%253Fw%253D600%2526h%253D900,6,copper home decor.csv
9999,http://www.vintagezest.com/2014/04/diy-industrial-pendant-light-with-led.html,http://2.bp.blogspot.com/-rHIi6yMAa-Q/U1XcpohgJcI/AAAAAAAAHPg/ryGnwaE1-ac/s1600/DIY%252BIndustrial%252BPendant%252BLight%252B%25252523shop%252B%25252523LEDSavings%252B%25252523CollectiveBias%252B18.jpg,diy industrial pendant light with led.html,copper home decor.csv
9999,http://frysauceandgrits.com/category/diy,http://frysauceandgrits.com/wp-content/uploads/2014/12/Curtains-for-Window-Bench-FrySauceandGrits.com--663x999.jpg,diy,copper home decor.csv
9999,http://www.simplifiedbee.com,http://www.simplifiedbee.com/wp-content/uploads/2015/01/design-trends-copper-home-decor-accents.png,www.simplifiedbee.com,copper home decor.csv
9999,http://www.brittanymakes.com/2015/01/12/diy-copper-pipe-ladder,http://www.brittanymakes.com/wp-content/uploads/2015/01/copper-ladder-4.jpg,diy copper pipe ladder,copper home decor.csv
9999,http://www.brit.co/copper-pipe-side-table,http://s3-us-west-1.amazonaws.com/static.brit.co/wp-content/uploads/2014/06/1-Edit.jpg,copper pipe side table,copper home decor.csv
9999,http://monsterscircus.com/2014/05/14/interior-accessories-diy,http://monsterscircus.com/wp-content/uploads/2013/11/copper_ladder_details.jpg,interior accessories diy,copper home decor.csv
9999,http://www.southboundbride.com/2013/05,http://www.southboundbride.com/wp-content/uploads/2013/05/Fig-Toile.jpg,05,copper home decor.csv
9999,http://www.ohsolovelyblog.com/2014/11/diy-copper-fall-decor-ideas.html,http://4.bp.blogspot.com/-FlcI_zaYWs8/VGGE_ff0VoI/AAAAAAAAG9c/TWlPi-EUWV0/s1600/DIY_CopperandGold_Branches-8%25252Bcopy.jpg,diy copper fall decor ideas.html,copper home decor.csv
9999,http://upcycledtreasures.com/2014/10/free-printable-october,http://i2.wp.com/upcycledtreasures.com/wp-content/uploads/2014/09/featured-image-fall-home-tour-2014-upcycledtreasures.jpg%253Fresize%253D1200%25252C500,free printable october,copper home decor.csv
9999,http://www.thecraftedsparrow.com/2014/10/copper-leaf-specimen-art.html,http://www.thecraftedsparrow.com/wp-content/uploads/2014/09/Copper-Leaf-Specimen-Art-8.jpg,copper leaf specimen art.html,copper home decor.csv
9999,http://www.decoist.com/2014-10-03/diy-colorful-painted-pumpkins-ideas,http://cdn.decoist.com/wp-content/uploads/2014/10/Simple-and-stylish-DIY-Painted-Pumpkins-Ideas-Things-you-need.jpg,diy colorful painted pumpkins ideas,copper home decor.csv
9999,http://www.anmagritt.no/2013/10/diy-copper-candleholder.html,http://4.bp.blogspot.com/-J9LSA_W2zb0/UmPc07NTiEI/AAAAAAAADH8/ZIcG5PhTJ_k/s1600/kobberstake1.jpg,diy copper candleholder.html,copper home decor.csv
9999,http://community.homedepot.com/howto/DiscussionDetail/How-to-Build-a-Copper-Candle-Holder-Holiday-Centerpiece-906500000000G2F,http://i.imgur.com/YJ1vld6.jpg,How to Build a Copper Candle Holder Holiday Centerpiece 906500000000G2F,copper home decor.csv
9999,http://www.homedit.com/diy-facade-wire-hanger,http://cdn.homedit.com/wp-content/uploads/2014/09/wire-door-hanger-DIY.jpg,diy facade wire hanger,copper home decor.csv
9999,https://www.pinterest.com/Cricut/diy-crafts,https://s-media-cache-ak0.pinimg.com/736x/bf/15/2e/bf152ec9a55a5aa48b6d002af9a0d988.jpg,diy crafts,copper home decor.csv
9999,http://www.stellarinteriordesign.com/home-decorating-trends-2014,http://www.stellarinteriordesign.com/wp-content/uploads/2014/01/Home-Decor-Trends-for-2014.png,home decorating trends 2014,copper home decor.csv
9999,http://www.poppytalk.com/2014/12/weekend-project-diy-copper-stocking-rack.html,http://3.bp.blogspot.com/-grN0h-FDa2Q/VH-GtvIuLsI/AAAAAAABRaQ/sHdAN3rjYWk/s1600/CopperStockingRack4.jpg,weekend project diy copper stocking rack.html,copper home decor.csv
9999,http://thewhitebuffalostylingco.com/diy-copper-wood-block-candlesticks,http://thewhitebuffalostylingco.com/wp-content/uploads/2014/09/copper-pipe-and-wood-block-candlesticks1.jpg,diy copper wood block candlesticks,copper home decor.csv
9999,http://www.taupeandbirch.com/2014/08,http://www.taupeandbirch.com/wp-content/uploads/2014/08/64b60db1bcd98758a53d77e7c109a539.jpg,08,copper home decor.csv
9999,http://www.curliqplus.com/drop-dead-gorgeous-pictures-of-excellent-hammered-metal-bowls-design-ideas/engaging-hammered-metal-bowl-with-stunning-metal-serving-tray-charming-dining-table-decoration-ideas,http://www.curliqplus.com/wp-content/uploads/2014/02/home-decor-decorating-ideas-apartment-diy-kitchen-designs-architecture-furniture-contemporary-home-design-engaging-hammered-metal-bowl-with-stunning-metal-serving-tray-charming-dining-table-decoratio-945x945.jpg,engaging hammered metal bowl with stunning metal serving tray charming dining table decoration ideas,copper home decor.csv
9999,http://www.thecraftedsparrow.com/2014/11/copper-fall-tablescape.html,http://www.thecraftedsparrow.com/wp-content/uploads/2014/11/Copper-Inspired-Fall-Tablescape-91.jpg,copper fall tablescape.html,copper home decor.csv
9999,http://www.hometalk.com/539707/diy-spinning-copper-mobile,http://cdn.hometalk.com/media/jfg3l5331aca0829dd.jpg%253Fsize%253D985x985%2526nocrop%253D1,diy spinning copper mobile,copper home decor.csv
9999,http://www.ikeadesign.com/decoration-ideas/10-easy-upcycled-diy-home-decor-projects.html,http://www.ikeadesign.com/wp-content/uploads/2014/04/picture-2151.jpg,10 easy upcycled diy home decor projects.html,copper home decor.csv
9999,http://blog.damasketdentelle.com/index.php/category/couleurs/gold-brass-copper,http://blog.damasketdentelle.com/wp-content/uploads/copper-trend-2015.jpg,gold brass copper,copper home decor.csv
9999,http://blogof.francescomugnai.com/2012/11/25-inspiring-easy-and-fun-diy-projects-for-home-decorating,http://blog.mugnai.netdna-cdn.com/wp-content/uploads/2012/11/flower.jpg,25 inspiring easy and fun diy projects for home decorating,copper home decor.csv
9999,http://www.brainlid.com/creative-diy-project-getting-modern-style-from-recycle-material/creative-diy-project-with-copper-wall-decor-flower-blossom-copper-decor-in-modern-style-decor-recycle-material,http://www.brainlid.com/wp-content/uploads/2014/10/Creative-DIY-Project-with-copper-wall-decor-flower-blossom-copper-decor-in-modern-style-decor-recycle-material.jpg,creative diy project with copper wall decor flower blossom copper decor in modern style decor recycle material,copper home decor.csv
9999,http://www.hitherandthither.net/2013/01/kitchen-lights.html,http://www.hitherandthither.net/wp-content/uploads/2013/01/hitherandthither-dot-net-light-9.jpg,kitchen lights.html,copper home decor.csv
9999,http://lidelicio.com/project/christmas-crafts-for-adults,http://lidelicio.com/wp-content/uploads/2014/11/Growing-Spaces-advent-calendar.jpg,christmas crafts for adults,copper home decor.csv
9999,http://look-what-i-made.com/2013/07/17/turn-me-on,http://lookwhatimadedotcom.files.wordpress.com/2013/07/copper_cement_lamp_above.jpg,turn me on,copper home decor.csv
9999,http://www.popsugar.com/home/Copper-Home-Accents-24951463,http://media4.popsugar-assets.com/files/2014/09/26/941/n/1922794/2e36fe6ecac6eb8d_thumb_temp_cover_file20701441347909464.xxxlarge/i/Copper-Home-Accents.jpg,Copper Home Accents 24951463,copper home decor.csv
9999,http://theeffortlesschic.com/2014/the-home/vibrant-vignettes-copper-living-room,http://theeffortlesschic.com/wp-content/uploads/2014/05/Vibrant-Vignettes-Copper-Living-Room.jpg,vibrant vignettes copper living room,copper home decor.csv
9999,http://frysauceandgrits.com/2014/12/tiful-link-party-51.html,http://frysauceandgrits.com/wp-content/uploads/2014/12/DIY-Copper-Curtain-Rods-FrySauceandGrits.com_.jpg,tiful link party 51.html,copper home decor.csv
9999,http://lovelylittlelife-hannah.blogspot.com/2012/10/diy-decorative-pumpkins.html,http://3.bp.blogspot.com/-6JuVRH5LHLM/UGtE-NawtFI/AAAAAAAAAt0/Bh-bYTHLJxU/s1600/IMG_8856.JPG,diy decorative pumpkins.html,copper home decor.csv
9999,http://www.decorhomes.pics/pictures-8-industrial-copper-piping-and-wood-furniture/diy-black-pipe-console-table,http://www.decorhomes.pics/wp-content/uploads/2013/12/diy-black-pipe-console-table-industrial-copper-piping-and-wood-furniture.jpg,diy black pipe console table,copper home decor.csv
9999,http://www.poppytalk.com/2014/12/weekend-project-diy-copper-stocking-rack.html,http://3.bp.blogspot.com/-YZl8ZQOmifk/VH-GBiH7RmI/AAAAAAABRZ8/_bBh5H2NjQU/s1600/CopperStockingRack3.jpg,weekend project diy copper stocking rack.html,copper home decor.csv
9999,http://tattylace.com/category/diy-2,http://tattylace.files.wordpress.com/2013/02/diy-canopy.jpg,diy 2,copper home decor.csv
9999,http://www.giddyupcycled.com/wall-decor,http://i1.wp.com/www.giddyupcycled.com/wp-content/uploads/2014/10/giddyupcycled-shims.jpg%253Fresize%253D731%25252C675,wall decor,copper home decor.csv
9999,http://glossymusings.com/category/diy,http://glossymusings.com/wp-content/uploads/2014/08/diy-gold-leaf-jewelry-dishes.jpg,diy,copper home decor.csv
9999,http://betweennapsontheporch.net/fabulous-decor-ideas-for-fall,http://betweennapsontheporch.net/wp-content/uploads/2014/10/DIY-Copper-Wreath-from-Number-53.jpg,fabulous decor ideas for fall,copper home decor.csv
9999,http://bemadedesigns.blogspot.com/2013/09/new-fall-color-scheme-copper-fuchsia.html,http://2.bp.blogspot.com/-0uZvQeBTBC8/UkNeOn7V2AI/AAAAAAAAC6A/8toUth0JiTA/s400/DSC_0362_copy.jpg,new fall color scheme copper fuchsia.html,copper home decor.csv
9999,http://ioprisoi.com/diy/diy-gold-silver-copper-pendants-how-to-make-a-pendant-jewelry-.html,http://store.corebead.com/content/204516/DSC02610.JPG,diy gold silver copper pendants how to make a pendant jewelry .html,copper home decor.csv
9999,http://www.thejungalow.com/2013/09/upcycled-copper-planters-diy.html,http://www.thejungalow.com/wp-content/uploads/2013/09/copper-planters-by-justina-blakeney.jpg,upcycled copper planters diy.html,copper home decor.csv
9999,http://formyloveof.net/a-thrifted-sitting-space-with-diy-himmeli-wall-art-tutorial,http://formyloveof.net/wp-content/uploads/2014/04/DIY-Himmeli-Inspired-Wall-Art-Tutorial-Basic-Pyramids-and-Steel-Wrapped-Planter-On-Three-Tiered-Antique-Shelf-682x1024.jpg,a thrifted sitting space with diy himmeli wall art tutorial,copper home decor.csv
9999,http://www.remodelaholic.com/2014/09/all-things-windows,http://www.remodelaholic.com/wp-content/uploads/2014/09/The-Best-Tutorials-and-Resource-to-Help-You-Trim-Your-Windows-via-Remodelaholic.jpg,all things windows,copper home decor.csv
9999,https://www.pinterest.com/explore/copper-table,https://s-media-cache-ak0.pinimg.com/originals/31/1c/c6/311cc625aaba68e016590c8829860d6e.jpg,copper table,copper home decor.csv
9999,http://artcre.am/2014/09,http://artcre.am/wp-content/uploads/2014/09/IMG_1350.jpg,09,copper home decor.csv
9999,http://uhomeal.com/chic-and-beautiful-diy-tutorial-craft-ideas/brilliant-chic-and-beautiful-diy-tutorial-craft-ideas-on-home-decorating-with-diy-home-decor-idea-wall-shelf-cardboard-paint-napkins-with-beautiful,http://uhomeal.com/wp-content/uploads/2014/10/remarkable-chic-and-beautiful-diy-tutorial-craft-ideas-on-home-decorating-with-ideas-beautiful-diy-home-decoration-with-diy-tutorial-craft-ideas.jpg,brilliant chic and beautiful diy tutorial craft ideas on home decorating with diy home decor idea wall shelf cardboard paint napkins with beautiful,copper home decor.csv
9999,http://www.thelovelyside.com/p/tour-my-past-apartments.html,http://1.bp.blogspot.com/-7qIJ3pzMao0/U7Sx19ey9jI/AAAAAAAACnA/nFsQ6gEx9bc/s1600/CAM00341.jpg,tour my past apartments.html,copper home decor.csv
9999,http://www.homedit.com/stitched-diy-projects-for-a-beautiful-home,http://cdn.homedit.com/wp-content/uploads/2013/04/DIY-Stitched-Leather-Stool.jpg,stitched diy projects for a beautiful home,copper home decor.csv
9999,http://greenweddingshoes.com/diy-moscow-mule,http://greenweddingshoes.com/wp-content/uploads/2014/08/step1-21.jpg,diy moscow mule,copper home decor.csv
9999,http://scatteredconfettiscrap.blogspot.com/2014/12/diy-advent-calendar-idea.html,http://i1165.photobucket.com/albums/q587/ScatteredConfetti/DIYAdventCalendarIKEAChristmasCopperGoldMinimalHomeDecor11_zps7b111025.jpg,diy advent calendar idea.html,copper home decor.csv
9999,http://addpsd.com/tag/photo-frame-mock-up,http://media-cache-ec0.pinimg.com/736x/89/00/0b/89000b87677311fc8607173d60901aa7.jpg,photo frame mock up,copper home decor.csv
9999,http://www.stvicious.com/home-accessories-guide-large,http://www.stvicious.com/wp-content/uploads/decor-via-inspiration-lovers-blog.jpg,home accessories guide large,copper home decor.csv
9999,http://www.homeyohmy.com/spring-centerpiece,http://www.homeyohmy.com/wp-content/uploads/2014/03/Spring-centerpiece-with-copper-and-marble.jpg,spring centerpiece,copper home decor.csv
9999,http://ao.com/life/home/crafts,http://ao.com/life/wp-content/uploads/2014/12/coppervotives_featureimage1.jpg,crafts,copper home decor.csv
9999,http://www.ajoyfulriot.com/2014/12/09/easy-diy-copper-garland-gift-accents,http://i1.wp.com/www.ajoyfulriot.com/wp-content/uploads/2014/12/IMG_4229.jpg%253Fresize%253D640%25252C960,easy diy copper garland gift accents,copper home decor.csv
9999,http://lemonthistle.com,http://lemonthistle.com/wp-content/uploads/2015/01/XOBanner-1501277T.jpg,lemonthistle.com,copper home decor.csv
9999,http://www.craft-o-maniac.com/2014/04/10-diy-projects-home.html,http://www.craft-o-maniac.com/wp-content/uploads/2014/04/diy-copper-leaf-planters.jpg,10 diy projects home.html,copper home decor.csv
9999,http://www.vintagerevivals.com/2013/06/summer-house-tour-baby.html,http://lh6.ggpht.com/-uxwYEaJobFQ/UaxHdBl1edI/AAAAAAAAM1w/VcwzPz7s_A8/DIY%2525252520Copper%2525252520Pipe%2525252520Coat%2525252520Rack%2525252520%2525252540%2525252520Vintage%2525252520Revivals%252525255B2%252525255D.jpg%253Fimgmax%253D800,summer house tour baby.html,copper home decor.csv
9999,http://www.craftsunleashed.com/decor-home/penny-craft-letters,http://www.craftsunleashed.com/wp-content/uploads/2013/07/Penny-Letters-Amy-Renea-edging.jpg,penny craft letters,copper home decor.csv
9999,http://www.brit.co/metallic-home-decor,http://s3-us-west-1.amazonaws.com/static.brit.co/wp-content/uploads/2014/03/df7ae85586b11fa8d2816a9e14281a4f.jpg,metallic home decor,copper home decor.csv
9999,http://www.homedit.com/poster-hangers-and-frames,http://cdn.homedit.com/wp-content/uploads/2014/12/diy-poster-hanger.jpg,poster hangers and frames,copper home decor.csv
9999,https://www.pinterest.com/pin/58617232622569717,https://s-media-cache-ak0.pinimg.com/736x/0d/28/5d/0d285da20b42e7dc4ff5b84c5c58bea2.jpg,58617232622569717,copper home decor.csv
9999,http://www.brittanymakes.com/2014/02/05/will-copper-replace-our-love-for-gold,http://www.brittanymakes.com/wp-content/uploads/2014/02/Copper-for-the-Kitchen.jpg,will copper replace our love for gold,copper home decor.csv
9999,http://scraphacker.com/twigs-sticks-diy,http://media.scraphacker.com/2012/04/twigs.jpeg,twigs sticks diy,copper home decor.csv
9999,http://www.aliexpress.com/price/metal-wind-chime_price.html,http://i00.i.aliimg.com/wsphoto/v0/982872788/Copper-windbags-font-b-metal-b-font-font-b-wind-b-font-font-b-chimes-b.jpg,metal wind chime_price.html,copper home decor.csv
9999,http://uhomeal.com/amazing-chic-diy-curtain-ideas/beautiful-amazing-chic-diy-curtain-ideas-on-home-decorating-with-10-amazing-curtain-ideas-for-your-living-room,http://uhomeal.com/wp-content/uploads/2014/10/fresh-amazing-chic-diy-curtain-ideas-on-home-decorating-with-furniture-fashionable-red-black-canvas-storage-with-chic-modern-white.jpg,beautiful amazing chic diy curtain ideas on home decorating with 10 amazing curtain ideas for your living room,copper home decor.csv
9999,http://www.vintagerevivals.com/2014/04/simple-diy-shelves-aka-the-project-that-cost-me-3x-more-and-a-new-windshield.html,http://www.vintagerevivals.com/wp-content/uploads/2014/09/DIYCopperPegShelvesProjectTutorialvintagerevivals.com10copy.jpg,simple diy shelves aka the project that cost me 3x more and a new windshield.html,copper home decor.csv
9999,http://upcycledtreasures.com/2014/06/small-rustic-stool-with-diy-hairpin-style-legs,http://i2.wp.com/upcycledtreasures.com/wp-content/uploads/2014/06/zara-home-knock-off-rustic-stool-with-diy-hairpin-legs-upcycledtreasures.jpg%253Fresize%253D800%25252C1005,small rustic stool with diy hairpin style legs,copper home decor.csv
9999,http://funny-pictures.picphotos.net/industrial-diy-copper-and-concrete-clothes-rack,http://cdnpix.com/show/imgs/68d6f2691b18af4d8e1b6a31a8ade536.jpg,industrial diy copper and concrete clothes rack,copper home decor.csv
9999,http://www.petscribbles.com/2014/08/diy-faux-metal-wall-art.html,http://www.petscribbles.com/wp-content/uploads/2014/08/DIY-2Bwall-2Bgrille-2Bedges-2Bdetail1.jpg,diy faux metal wall art.html,copper home decor.csv
9999,http://www.remodelaholic.com/2014/08/diy-accordion-wall-lamps-ikea-mirrors,http://www.remodelaholic.com/wp-content/uploads/2014/08/diy-accordion-wall-lamp-the-gathered-home-for-remodelaholic.jpg,diy accordion wall lamps ikea mirrors,copper home decor.csv
9999,http://www.poppytalk.com/2014/10/diy-copper-gold-foil-branches.html,http://4.bp.blogspot.com/-eIUCvuLeSsc/VDOKOg4Hb9I/AAAAAAABQN4/H4FexlLwZgQ/s1600/DIY_CopperandGold_Branches-detail%25252Bcopy.jpg,diy copper gold foil branches.html,copper home decor.csv
9999,http://www.aliexpress.com/item/Free-shipping-DIY-home-decoration-AC110V-220V-20-pcs-multiclolor-LED-Rattan-Ball-String-Dia-5cm/1814778256.html,http://i00.i.aliimg.com/wsphoto/v1/1814778256_3/Multi-colors-DIY-Home-Decoration-20-pcs-Colorful-LED-Rattan-Ball-String-Dia-5cm-200cm-Christmas.jpg,1814778256.html,copper home decor.csv
9999,http://www.thegatheredhome.com/2014/10/diy-agate-slice-copper-wall-sconces.html,http://4.bp.blogspot.com/-2RoPIVmmE9o/VD289MyG00I/AAAAAAAAGFc/Kc2SdHaGWTs/s1600/DIY%25252Bagate%25252Bslice%25252Band%25252Bcopper%25252Bwall%25252Bsconces%25252Btitle2.jpg,diy agate slice copper wall sconces.html,copper home decor.csv
9999,http://homesthetics.net/simply-extraordinary-diy-letter-decor-enhance-aesthetic-values-home,http://cdn.homesthetics.net/wp-content/uploads/2014/11/Simply-Extraordinary-DIY-Letter-Decor-Here-to-Enhance-the-Aesthetic-Values-of-Your-Home.jpg,simply extraordinary diy letter decor enhance aesthetic values home,copper home decor.csv
9999,http://www.trendir.com/dining-entertaining/12-modern-ways-to-decorate-a-pumpkin-without-carving.html,http://www.trendir.com/dining-entertaining/assets_c/2014/10/DIY-pumpkin-decorating-ideas-15-berries-thumb-970xauto-46339.jpg,12 modern ways to decorate a pumpkin without carving.html,copper home decor.csv
9999,http://morestomach.com/2014/07/07/diy-copper-pipe-wall-sconce,https://farm4.staticflickr.com/3892/14543568666_676c4db01d_c.jpg,diy copper pipe wall sconce,copper home decor.csv
9999,http://www.brittanymakes.com/2015/01/12/diy-copper-pipe-ladder,http://www.brittanymakes.com/wp-content/uploads/2015/01/copper-ladder-1.jpg,diy copper pipe ladder,copper home decor.csv
9999,http://club.chicacircle.com/decorated-fall-leaf-note-cards,http://club.chicacircle.com/wp-content/uploads/2013/11/Paper-Effects-Metallic-Copper-Decorated-Fall-Leaves.jpg,decorated fall leaf note cards,copper home decor.csv
9999,http://www.digsdigs.com/industrial-eye-candy-40-pipes-home-decor-ideas,http://www.digsdigs.com/photos/pipes-decor-ideas-20.jpg,industrial eye candy 40 pipes home decor ideas,copper home decor.csv
9999,http://www.ajoyfulriot.com/2015/01/05/diy-copper-lamp,http://www.ajoyfulriot.com/wp-content/uploads/2014/12/copper-lamp9.jpg%253F568882,diy copper lamp,copper home decor.csv
9999,http://www.remodelaholic.com/2014/12/copper-wood-candle-holder,http://www.remodelaholic.com/wp-content/uploads/2014/11/copper-wood-candle-holders-2.jpg,copper wood candle holder,copper home decor.csv
9999,http://www.domainehome.com/diy-side-table,http://www.domainehome.com/img/uploads/current/images/0/133/771/main.original.585x0.jpg,diy side table,copper home decor.csv
9999,https://www.etsy.com/market/home_decoration,https://img0.etsystatic.com/018/0/7652875/il_fullxfull.475358210_3087.jpg,home_decoration,copper home decor.csv
9999,http://www.aliexpress.com/price/antiquing-kits_price.html,http://i01.i.aliimg.com/wsphoto/v0/2011478291_1/50-Sets-25mm-font-b-Antique-b-font-Copper-Photo-Pendant-DIY-font-b-Kits-b.jpg,antiquing kits_price.html,copper home decor.csv
9999,http://www.decoist.com/2014-06-09/diy-plant-stand-planter-ideas,http://cdn.decoist.com/wp-content/uploads/2014/06/Concrete-and-copper-plant-stands.jpg,diy plant stand planter ideas,copper home decor.csv
9999,http://upcycledtreasures.com/2014/09/diy-copper-pipe-tray,http://i1.wp.com/upcycledtreasures.com/wp-content/uploads/2014/09/diy-industrial-chic-copper-pipe-bed-tray-upcycledtreasures.png%253Fresize%253D625%25252C821,diy copper pipe tray,copper home decor.csv
9999,http://ohhappyday.com/2013/11/metallic-leaves-table-decor,http://ohhappyday.com/wp-content/uploads/2013/10/foil.leaves.done4_.600.jpg,metallic leaves table decor,copper home decor.csv
9999,http://www.brit.co/diy-garment-racks,http://s3-us-west-1.amazonaws.com/static.brit.co/wp-content/uploads/2014/08/13-industrial-diy-copper-and-concrete-coat-rack-2-500x746-e1408651336527-645x922.jpg,diy garment racks,copper home decor.csv
9999,http://www.abeautifulmess.com/2014/08/weaving-class-create-a-large-statement-piece.html,http://abeautifulmess.typepad.com/.a/6a00d8358081ff69e201a511e72275970c-800wi,weaving class create a large statement piece.html,copper home decor.csv
9999,http://www.homedit.com/monochromatic-pad-brass-copper-accents-rustic-touch,http://cdn.homedit.com/wp-content/uploads/2014/05/gothenburg-home-bathroom.jpg,monochromatic pad brass copper accents rustic touch,copper home decor.csv
9999,http://www.homeyohmy.com/diy-copper-leaf-mirror,http://www.homeyohmy.com/wp-content/uploads/2014/04/How-to-gild.jpg,diy copper leaf mirror,copper home decor.csv
9999,http://www.studs-and-pearls.com/2013/01/diy-stone-filled-metal-bracelet.html,http://2.bp.blogspot.com/-2UaPHSNp5iQ/UQWCfSH4XpI/AAAAAAAAHwA/qNDpZPldRYs/s1600/15.png,diy stone filled metal bracelet.html,copper home decor.csv
9999,http://www.smittenstudioonline.com/diy-copper-wall-hanging,http://www.smittenstudioonline.com/wp-content/uploads/2013/12/Entryway-wall-hanging-DIY6-smittenstudiosm1.jpg,diy copper wall hanging,copper home decor.csv
9999,http://www.shelterness.com/17-awesome-diy-industrial-shelves-and-racks,http://www.shelterness.com/pictures/awesome-diy-industrial-shelves6.jpg,17 awesome diy industrial shelves and racks,copper home decor.csv
9999,http://offbeatandinspired.com/2013/05/07/diy-painted-arrow-vase,http://offbeatandinspired.com/wp-content/uploads/2013/05/DIY-Arrow-Vase-2.jpg,diy painted arrow vase,copper home decor.csv
9999,http://ext.homedepot.com/community/blog/backyard-games-how-to-make-a-kubb-game-set,http://ext.homedepot.com/community/blog/wp-content/wpuploads/HD-Lawn-Game-Challenge-2-Kubbs.jpg,backyard games how to make a kubb game set,copper home decor.csv
9999,http://stephaniekensy.com,http://stephaniekensy.com/wp-content/uploads/2014/09/pumpkin-wood-decoration.jpg,stephaniekensy.com,copper home decor.csv
9999,http://scraphacker.com/blog,http://media.scraphacker.com/2012/07/diy-wall-decor.jpeg,blog,copper home decor.csv
9999,http://www.brainlid.com/creative-diy-project-getting-modern-style-from-recycle-material/creative-diy-project-with-wooden-wall-furniture-wine-rack-and-wine-glass-holder-recycling-wood-furniture-in-modern-style-decor-recycle-material,http://www.brainlid.com/wp-content/uploads/2014/10/Creative-DIY-Project-with-wooden-wall-furniture-wine-rack-and-wine-glass-holder-recycling-wood-furniture-in-modern-style-decor-recycle-material.jpg,creative diy project with wooden wall furniture wine rack and wine glass holder recycling wood furniture in modern style decor recycle material,copper home decor.csv
9999,http://www.remodelaholic.com/2014/06/bold-home-office-study,http://www.remodelaholic.com/wp-content/uploads/2014/06/Creative-DIY-Lighting-via-Remodelaholic.jpg,bold home office study,copper home decor.csv
9999,http://www.hometalk.com/b/1239034/windows,http://cdn.hometalk.com/media/2014/07/16/676640/curtain-rod-copper-pipe-thrifty-bedroom-ideas-home-decor-repurposing-upcycling.jpg%253Fsize%253D985x985%2526nocrop%253D1,windows,copper home decor.csv
9999,http://www.poppytalk.com/2012/11/diy-copper-bud-vases.html,http://1.bp.blogspot.com/-t3HNRCfRAi0/UKB2Meev8fI/AAAAAAAAwHA/jC_DmwUSQmI/s1600/BudVase3.jpg,diy copper bud vases.html,copper home decor.csv
9999,http://selectdecoration.blogspot.com/2014/03/hot-pink-home-decor.html,http://bestfriendsforfrosting.com/wp-content/uploads/2013/12/Home-Decor-Styling-Wallpaper-DIY-Dresser-Hot-Pink-Hot-Pink-Wallpaper-and-DIY-Dresser.jpg,hot pink home decor.html,copper home decor.csv
9999,http://www.hgtv.com/design/make-and-celebrate/handmade/metallic-copper-gold-and-silver-pumpkins,http://hgtvhome.sndimg.com/content/dam/images/hgtv/fullset/2012/8/23/0/original_Marian-Parsons-Thanksgiving-Leaf-Pumpkins-Beauty-Vertical_s3x4.jpg.rend.hgtvcom.1280.1707.jpeg,metallic copper gold and silver pumpkins,copper home decor.csv
9999,http://ext.homedepot.com/community/blog/diy-backyard-quidditch-game-for-little-muggles,http://ext.homedepot.com/community/blog/wp-content/wpuploads/IMG_3617.jpg,diy backyard quidditch game for little muggles,copper home decor.csv
9999,http://kojo-designs.com/2013/01/copper-barn-light-ikea-hack,http://kojo-designs.com/wp-content/uploads/2013/01/IMG_4365-001.jpg,copper barn light ikea hack,copper home decor.csv
9999,http://www.abeautifulmess.com/2014/03/brass-succulent-planter-diy.html,http://abeautifulmess.typepad.com/.a/6a00d8358081ff69e201a3fccc7592970b-800wi,brass succulent planter diy.html,copper home decor.csv
9999,http://30smagazine.wordpress.com/category/home-decor,https://30smagazine.files.wordpress.com/2014/12/img_4047.jpg,home decor,copper home decor.csv
9999,