[(1,'http://i.ytimg.com/vi/H4ij0qrTUYo/maxresdefault.jpg','http://www.youtube.com/watch?v%3DH4ij0qrTUYo','watch?v%3DH4ij0qrTUYo','indoor grow kits diy'),
(2,'http://i00.i.aliimg.com/wsphoto/v2/1551072288_3/Free-Shipping-Favourable-100w-mini-Cob-Led-Grow-Light-Diy-Grow-Kits-for-Indoor-Plant-Grow.jpg','http://www.aliexpress.com/store/product/Free-shipping-hot-sale-96w-black-star-grow-lights-for-greenhouse-dense-buds-stronger-penetration-indoor/134227_1551072288.html','134227_1551072288.html','indoor grow kits diy'),
(3,'http://i00.i.aliimg.com/wsphoto/v0/1853595942_1/zogift-DIY-Football-Light-Indoor-diy-led-font-b-grow-b-font-light-font-b-kits.jpg','http://www.aliexpress.com/promotion/electronic_animal-growing-kits-promotion.html','electronic_animal growing kits promotion.html','indoor grow kits diy'),
(4,'http://i00.i.aliimg.com/wsphoto/v2/1551072288_5/Free-Shipping-Favourable-100w-mini-Cob-Led-Grow-Light-Diy-Grow-Kits-for-Indoor-Plant-Grow.jpg','http://www.aliexpress.com/store/product/Free-shipping-hot-sale-96w-black-star-grow-lights-for-greenhouse-dense-buds-stronger-penetration-indoor/134227_1551072288.html','134227_1551072288.html','indoor grow kits diy'),
(5,'http://i00.i.aliimg.com/wsphoto/v2/1551072288_4/Free-Shipping-Favourable-100w-mini-Cob-Led-Grow-Light-Diy-Grow-Kits-for-Indoor-Plant-Grow.jpg','http://www.aliexpress.com/store/product/Free-shipping-hot-sale-96w-black-star-grow-lights-for-greenhouse-dense-buds-stronger-penetration-indoor/134227_1551072288.html','134227_1551072288.html','indoor grow kits diy'),
(6,'http://www.windowbox.com/media/catalog/product/cache/2/image/9df78eab33525d08d6e5fb8d27136e95/l/i/living-wall-frame-kit-wb-600_1.jpg','http://www.windowbox.com/pots-planters/living-wall-systems/diy-living-wall-systems/modern-indoor-living-wall-kit.html','modern indoor living wall kit.html','indoor grow kits diy'),
(7,'http://www.peachgarden.org/wp-content/uploads/2014/10/inspiring-garden-indoor-food-festival-indoor-vertical-vegetable-garden-kit-indoor-vegetable-garden-starter-kit-indoor-organic-vegetable-garden-kit-indoor-hydroponic-vegetable-garden-kit-indoor-ve.jpg','http://www.peachgarden.org/informal-indoor-vegetable-garden-diy','informal indoor vegetable garden diy','indoor grow kits diy'),
(8,'http://www.peachgarden.org/wp-content/uploads/2014/10/inspiring-garden-pleasing-indoor-food-bearing-plants-indoor-vertical-vegetable-garden-kit-indoor-vegetable-garden-starter-kit-indoor-organic-vegetable-garden-kit-indoor-hydroponic-vegetable-garden.jpg','http://www.peachgarden.org/fresh-easy-indoor-vegetable-plants','fresh easy indoor vegetable plants','indoor grow kits diy'),
(9,'http://tracemypreps.com/wp-content/uploads/2012/04/grow-box-in-use.jpg','http://tracemypreps.com/2012/04/30/diy-indoor-grow-box','diy indoor grow box','indoor grow kits diy'),
(10,'http://howtogrowmarijuana.com/wp-content/uploads/2013/12/DIY-LED-grow-light-rear.jpg','http://howtogrowmarijuana.com/diy-led-grow-light','diy led grow light','indoor grow kits diy'),
(11,'http://hydroponiceconomics.com/blog/wp-content/uploads/2010/07/DIY-Grow-Lights.jpg','http://hydroponiceconomics.com/blog/home','home','indoor grow kits diy'),
(12,'http://empressofdirt.net/wp-content/uploads/2012/06/Seed-Starting-101-DIY-Grow-Lights-600-E.jpg','http://empressofdirt.net/fluorescent-grow-lights-for-starting-seeds-indoors-my-setup','fluorescent grow lights for starting seeds indoors my setup','indoor grow kits diy'),
(13,'http://i01.i.aliimg.com/photo/v0/60133473233_3/smart_whole_indoor_grow_light_kit_diy.jpg','http://hydrofarm.en.alibaba.com/product/60133473233-800496818/smart_whole_indoor_grow_light_kit_diy_hydroponics_grow_kit.html','smart_whole_indoor_grow_light_kit_diy_hydroponics_grow_kit.html','indoor grow kits diy'),
(14,'http://i01.i.aliimg.com/wsphoto/v0/32242934169_1/Free-Shipping-2pc-Mini-100w-COB-Full-Spectrum-Led-Grow-Light-China-DIY-Grow-font-b.jpg','http://www.aliexpress.com/popular/indoor-garden-kit.html','indoor garden kit.html','indoor grow kits diy'),
(15,'http://cdn.instructables.com/FNX/7YI3/GZ0MMCUB/FNX7YI3GZ0MMCUB.LARGE.jpg','http://www.instructables.com/id/DIY-Indoor-Seedling-Grow-Box-Recycled-Tool-Ches','DIY Indoor Seedling Grow Box Recycled Tool Ches','indoor grow kits diy'),
(16,'http://rik94566.files.wordpress.com/2011/03/led-grow-4.jpg','http://abbyemarlane.appspot.com/en/indoor-grow-aquaponics-diy.html','indoor grow aquaponics diy.html','indoor grow kits diy'),
(17,'http://thecadc.com/wp-content/uploads/2014/11/Herb-Garden-Kit-Grow-Smart-Herb-Garden-Indoor-Grow-Kit.jpg','http://thecadc.com/garden/herb-garden-kit','herb garden kit','indoor grow kits diy'),
(18,'http://collegegrowbox.com/images/grow_lights_fianl.jpg','http://collegegrowbox.com/bloglist/diycfl.html','diycfl.html','indoor grow kits diy'),
(19,'http://www.hapihour.org/wp-content/uploads/2014/03/lighting-design-christmas-lights-indoor-light-led-lighting-home-lighting-awesome-diy-led-grow-light-pdf-diy-led-grow-light-youtubediy-cree-xlamp-led-grow-light-kitdiy-led-grow-light-wavelength.jpg','http://www.hapihour.org/awesome-diy-led-grow-light-pdf','awesome diy led grow light pdf','indoor grow kits diy'),
(20,'http://g02.s.alicdn.com/kf/HTB1HMk5FFXXXXaZaXXXq6xXFXXXv/221245130/HTB1HMk5FFXXXXaZaXXXq6xXFXXXv.jpg','http://www.alibaba.com/product-detail/indoor-diy-wholesale-diy-led-grow_1932619106.html','indoor diy wholesale diy led grow_1932619106.html','indoor grow kits diy'),
(21,'http://i01.i.aliimg.com/photo/v0/60133473233_2/smart_whole_indoor_grow_light_kit_diy.jpg','http://hydrofarm.en.alibaba.com/product/60133473233-800496818/smart_whole_indoor_grow_light_kit_diy_hydroponics_grow_kit.html','smart_whole_indoor_grow_light_kit_diy_hydroponics_grow_kit.html','indoor grow kits diy'),
(22,'http://i01.i.aliimg.com/wsphoto/v2/1579564129_3/2014-New-Arrival-grow-light-chip-full-spectrum-380-840nm-100W-led-grow-light-array-for.jpg','http://www.aliexpress.com/item/2014-Revolution-high-lumen-for-plants-DIY-indoor-led-grow-light-chip-full-spectrum-380-840nm/1579564129.html','1579564129.html','indoor grow kits diy'),
(23,'http://image.dhgate.com/albu_559524827_00-1.0x0/2014-new-arrival-150w-diy-led-grow-kit-150w.jpg','http://www.dhgate.com/product/2014-new-arrival-150w-diy-led-grow-kit-150w/183775575.html','183775575.html','indoor grow kits diy'),
(24,'http://oldworldgardenfarms.files.wordpress.com/2013/01/seed-stand.jpg','http://oldworldgardenfarms.com/2013/01/08/how-to-build-an-indoor-seed-starting-rack-cheap','how to build an indoor seed starting rack cheap','indoor grow kits diy'),
(25,'http://aquaponicswork.com/wp-content/uploads/2014/03/small-hydroponic-kit-3.jpg','http://aquaponicswork.com/small-hydroponic-kit-diy-aquaponics-quickly-build-your-aquaponics-system','small hydroponic kit diy aquaponics quickly build your aquaponics system','indoor grow kits diy'),
(26,'http://www.redefiningfederalism.org/wp-content/uploads/2014/03/led-lighting-home-lighting-light-bulbs-fixtures-light-lighting-design-indoor-light-appealing-led-grow-lights-indoor-gardening-led-grow-light-journalled-grow-light-johannesburgled-grow-light-inf.jpg','http://argas.info/378-led-grow-light-kits-diy','378 led grow light kits diy','indoor grow kits diy'),
(27,'http://i01.i.aliimg.com/photo/v0/60133473233_4/smart_whole_indoor_grow_light_kit_diy.jpg','http://hydrofarm.en.alibaba.com/product/60133473233-800496818/smart_whole_indoor_grow_light_kit_diy_hydroponics_grow_kit.html','smart_whole_indoor_grow_light_kit_diy_hydroponics_grow_kit.html','indoor grow kits diy'),
(28,'http://i01.i.aliimg.com/photo/v0/60133473233_5/smart_whole_indoor_grow_light_kit_diy.jpg','http://hydrofarm.en.alibaba.com/product/60133473233-800496818/smart_whole_indoor_grow_light_kit_diy_hydroponics_grow_kit.html','smart_whole_indoor_grow_light_kit_diy_hydroponics_grow_kit.html','indoor grow kits diy'),
(29,'http://image.dhgate.com/albu_622538573_00/1.0x0.jpg','http://m.dhgate.com/product/diy-led-grow-kit-150w-full-spectrum-grow/187627162.html','187627162.html','indoor grow kits diy'),
(30,'http://i00.i.aliimg.com/wsphoto/v0/32242918504_1/Free-Shipping-China-Factory-Wholesale-Full-Spectrum-600w-Cob-Led-Grow-Light-DIY-Hydroponic-Grow-font.jpg','http://www.aliexpress.com/popular/wholesale-indoor-greenhouse-kits.html','wholesale indoor greenhouse kits.html','indoor grow kits diy'),
(31,'http://i01.i.aliimg.com/wsphoto/v0/32239476089_1/Free-Shipping-Wholesale-2PCS-200w-COB-Led-Grow-Light-China-Full-Spectrum-Easy-Use-DIY-Hydroponic.jpg','http://www.aliexpress.com/price/indoor-gardening-kits_price.html','indoor gardening kits_price.html','indoor grow kits diy'),
(32,'http://www.peachgarden.org/wp-content/uploads/2014/10/vegetable-garden-indoor-vegetable-farming-indoor-vertical-vegetable-garden-kit-indoor-vegetable-garden-starter-kit-indoor-organic-vegetable-garden-kit-indoor-hydroponic-vegetable-garden-kit-indoo.jpg','http://www.peachgarden.org/concept-indoor-hydroponic-vegetable-garden-kit','concept indoor hydroponic vegetable garden kit','indoor grow kits diy'),
(33,'http://www.motherearthnews.com/~/media/Images/MEN/Editorial/Articles/Magazine%252520Articles/2001/12-01/Build%252520an%252520Indoor%252520Growlight%252520Plant%252520Stand/bookcase%252520ill2001-12-01-1.jpg','http://www.motherearthnews.com/diy/indoor-grow-light-plant-stand-zmaz01djzgoe.aspx','indoor grow light plant stand zmaz01djzgoe.aspx','indoor grow kits diy'),
(34,'http://www.hapihour.org/wp-content/uploads/2014/03/christmas-lights-led-lighting-indoor-light-home-lighting-lighting-design-lovely-diy-led-grow-light-strip-diy-led-grow-light-youtubediy-cree-xlamp-led-grow-light-kitdiy-led-grow-light-wavelength.jpg','http://www.hapihour.org/antique-diy-led-grow-light-wavelength','antique diy led grow light wavelength','indoor grow kits diy'),
(35,'http://www.peachgarden.org/wp-content/uploads/2014/10/vegetable-garden-inspiring-indoor-vegetable-box-indoor-vertical-vegetable-garden-kit-indoor-vegetable-garden-starter-kit-indoor-organic-vegetable-garden-kit-indoor-hydroponic-vegetable-garden-kit.jpg','http://www.peachgarden.org/indoor-vegetable-container-gardening','indoor vegetable container gardening','indoor grow kits diy'),
(36,'http://easyverticalgardening.com/wp-content/uploads/2013/05/algreengarden.jpg','http://easyverticalgardening.com','easyverticalgardening.com','indoor grow kits diy'),
(37,'http://i01.i.aliimg.com/photo/v0/60133473233_6/smart_whole_indoor_grow_light_kit_diy.jpg','http://hydrofarm.en.alibaba.com/product/60133473233-800496818/smart_whole_indoor_grow_light_kit_diy_hydroponics_grow_kit.html','smart_whole_indoor_grow_light_kit_diy_hydroponics_grow_kit.html','indoor grow kits diy'),
(38,'http://cdn.instructables.com/FG3/8S1I/FQ6EFBEX/FG38S1IFQ6EFBEX.LARGE.jpg','http://www.instructables.com/id/DIY-Hydroponics','DIY Hydroponics','indoor grow kits diy'),
(39,'http://www.peachgarden.org/wp-content/uploads/2014/10/vegetable-garden-easy-indoor-vegetable-garden-indoor-vertical-vegetable-garden-kit-indoor-vegetable-garden-starter-kit-indoor-organic-vegetable-garden-kit-indoor-hydroponic-vegetable-garden-kit-i.jpg','http://www.peachgarden.org/enchanting-indoor-vegetable-garden-artificial-light','enchanting indoor vegetable garden artificial light','indoor grow kits diy'),
(40,'http://i00.i.aliimg.com/wsphoto/v2/1496587974_1/Free-shipping-50W-DIY-font-b-grow-b-font-font-b-kit-b-font-cob-red.jpg','http://www.aliexpress.com/popular/indoor-growing-kit.html','indoor growing kit.html','indoor grow kits diy'),
(41,'http://image.dhgate.com/albu_438592913_00-1.0x0/100w-indoor-plant-growing-kit-660nm-460nm.jpg','http://www.dhgate.com/product/100w-indoor-plant-growing-kit-660nm-460nm/171384629.html','171384629.html','indoor grow kits diy'),
(42,'http://icmag.com/ic/picture.php%253Falbumid%253D6486%2526pictureid%253D104803','https://www.icmag.com/ic/showthread.php?t%3D127260','showthread.php?t%3D127260','indoor grow kits diy'),
(43,'http://www.hapihour.org/wp-content/uploads/2014/03/led-lighting-homey-diy-led-grow-lights-led-grow-lights-reviewled-grow-light-kitsbuild-led-grow-lightsdiy-led-grow-lightsled-grow-lights-vs-hpsufo-led-grow-lightsled-grow-lights-forumled-grow-l.jpg','http://www.hapihour.org/amazing-90w-ufo-led-grow-light-ebay','amazing 90w ufo led grow light ebay','indoor grow kits diy'),
(44,'http://i01.i.aliimg.com/wsphoto/v2/1507149663_1/Free-Shipping-Led-Grow-Light-400w-cob-Best-Full-Spectrum-font-b-Diy-b-font-leds.jpg','http://www.aliexpress.com/popular/indoor-greenhouse-diy.html','indoor greenhouse diy.html','indoor grow kits diy'),
(45,'http://thecadc.com/wp-content/uploads/2014/11/Herb-Garden-Kit-miracle-gro-aerogarden-extra-led-indoor-garden-with-gourmet-herb-seed-pod-kit.jpg','http://thecadc.com/tag/herb-garden-kit-winnipeg','herb garden kit winnipeg','indoor grow kits diy'),
(46,'http://3.bp.blogspot.com/-bqBABTQuIQg/UsslMmw9F6I/AAAAAAAAgJc/hOIhNelbpxI/s1600/snowball%252Bkit.jpg','http://www.growingajeweledrose.com/2014/01/indoor-snowball-fight-diy-kit.html','indoor snowball fight diy kit.html','indoor grow kits diy'),
(47,'http://i.ytimg.com/vi/mdMdD4Oc7Gk/maxresdefault.jpg','http://www.youtube.com/watch?v%3DmdMdD4Oc7Gk','watch?v%3DmdMdD4Oc7Gk','indoor grow kits diy'),
(48,'http://i00.i.aliimg.com/wsphoto/v1/2026965852_1/Professional-LED-font-b-Grow-b-font-Light-E27-7W-6-1-AC85-265V-Indoor-Plants.jpg','http://www.aliexpress.com/popular/grow-tents-kits.html','grow tents kits.html','indoor grow kits diy'),
(49,'http://www.hapihour.org/wp-content/uploads/2014/03/led-lighting-christmas-lights-home-lighting-lighting-design-astounding-diy-cree-xlamp-led-grow-light-kit-diy-led-grow-light-youtubediy-cree-xlamp-led-grow-light-kitdiy-led-grow-light-wavelength.jpg','http://www.hapihour.org/exciting-diy-led-grow-light-strip','exciting diy led grow light strip','indoor grow kits diy'),
(50,'http://www.peachgarden.org/wp-content/uploads/2014/10/vegetable-garden-formal-indoor-vegetable-growing-guide-indoor-vegetable-garden-hydroponics-indoor-vegetable-garden-how-to-indoor-vegetable-garden-at-home-indoor-vegetable-and-herb-garden-indoor-h.jpg','http://www.peachgarden.org/marvellous-indoor-vegetable-container-gardening','marvellous indoor vegetable container gardening','indoor grow kits diy'),
(51,'http://i42.photobucket.com/albums/e318/vaga69/Grow/C360_2012-10-1317-21-15_org.jpg','http://forum.grasscity.com/do-yourself/1122585-diy-grow-box.html','1122585 diy grow box.html','indoor grow kits diy'),
(52,'http://i.ytimg.com/vi/KqyS8gdyl_E/maxresdefault.jpg','http://www.youtube.com/watch?v%3DKqyS8gdyl_E','watch?v%3DKqyS8gdyl_E','indoor grow kits diy'),
(53,'http://www.sarahwilson.com.au/wp-content/uploads/2012/12/4RC-KzDLtYstjAIORsWYM5KPizcs7Zhh7NtnJwXY6A4.jpeg','http://www.sarahwilson.com/2012/12/my-christmas-gift-guide','my christmas gift guide','indoor grow kits diy'),
(54,'http://tracemypreps.com/wp-content/uploads/2012/04/attach-board.jpg','http://tracemypreps.com/2012/04/30/diy-indoor-grow-box','diy indoor grow box','indoor grow kits diy'),
(55,'http://i01.i.aliimg.com/wsphoto/v3/1696070947_1/Free-Shipping-Factory-Wholesale-900w-font-b-Diy-b-font-Led-Grow-Light-Kits-for-font.jpg','http://www.aliexpress.com/cheap/cheap-indoor-greenhouse-diy.html','cheap indoor greenhouse diy.html','indoor grow kits diy'),
(56,'http://i00.i.aliimg.com/img/pb/696/755/706/706755696_551.jpg','http://gehlled.en.alibaba.com/product/1118910865-219025598/600W_Noah_4_diy_led_grow_lights_full_spectrum_indoor_veg_fruits.html','600W_Noah_4_diy_led_grow_lights_full_spectrum_indoor_veg_fruits.html','indoor grow kits diy'),
(57,'http://i00.i.aliimg.com/wsphoto/v0/1496590068/Newest-72W-DIY-font-b-grow-b-font-font-b-kit-b-font-red-and-blue.jpg','http://www.aliexpress.com/popular/indoor-growing-kit.html','indoor growing kit.html','indoor grow kits diy'),
(58,'http://www.ismokemag.co.uk/wp-content/uploads/2012/12/WD9m9h.jpg','http://www.ismokemag.co.uk/diy-indoor-grow-garden-hours','diy indoor grow garden hours','indoor grow kits diy'),
(59,'http://4.bp.blogspot.com/-0aAS4kAsxvw/TbV2Bk5BWHI/AAAAAAAAABA/hr3_ynHsWG4/s1600/ebay%252Bshot%252B1.jpg','http://aquaponicsmadesimple.blogspot.com','aquaponicsmadesimple.blogspot.com','indoor grow kits diy'),
(60,'http://www.diyindoorgrow.com/wp-content/uploads/2013/10/GS-D006.41.jpg','http://www.diyindoorgrow.com/home/page/4','4','indoor grow kits diy'),
(61,'http://i1280.photobucket.com/albums/a500/DanielleBuckley99/Compact-Tabletop-Sunlitereg-Jump-Start-Kit_zpsff1f0665.jpg','http://www.ybom.co.kr/index.php?mid%3Dnoticeybom%26search_target%3Dtag%26search_keyword%3Dled%2Bgrow%2Blight%2Breview%26document_srl%3D25267%26listStyle%3Dviewer%26page%3D2','index.php?mid%3Dnoticeybom%26search_target%3Dtag%26search_keyword%3Dled%2Bgrow%2Blight%2Breview%26document_srl%3D25267%26listStyle%3Dviewer%26page%3D2','indoor grow kits diy'),
(62,'http://www.hapihour.org/wp-content/uploads/2014/03/indoor-light-light-bulbs-natural-grow-lights-for-indoor-cannabis-plants-grow-lights-for-indoor-plants-grow-light-bulbs-for-indoor-plants-cheap-grow-lights-for-indoor-plants-lights-for-growing-pl.jpg','http://www.hapihour.org/magnificent-best-led-grow-light-kits','magnificent best led grow light kits','indoor grow kits diy'),
(63,'http://www.420magazine.com/gallery/data/500/2011-07-28_14_26_22.jpg','http://www.420magazine.com/forums/abandoned-journals/148343-my-first-grow-indoor-clone-w-diy-cfl-s.html','148343 my first grow indoor clone w diy cfl s.html','indoor grow kits diy'),
(64,'http://image.dhgate.com/albu_894658692_00/1.0x0.jpg','http://m.dhgate.com/product/2014-diy-led-grow-kit-100w-7band-led-grow/207590124.html','207590124.html','indoor grow kits diy'),
(65,'http://g03.s.alicdn.com/kf/HTB1gsM7FFXXXXbHXpXXq6xXFXXX5/221245130/HTB1gsM7FFXXXXbHXpXXq6xXFXXX5.jpg','http://www.alibaba.com/product-detail/indoor-diy-wholesale-diy-led-grow_1932619106.html','indoor diy wholesale diy led grow_1932619106.html','indoor grow kits diy'),
(66,'http://www.hapihour.org/wp-content/uploads/2014/03/indoor-light-fixtures-light-led-lighting-light-bulbs-creative-led-grow-light-bulbs-review-review-of-led-grow-lightsnova-led-grow-lights-reviewnew-led-grow-light-reviewsled-grow-light-reviews.jpg','http://www.hapihour.org/stunning-best-led-grow-lights-high-times','stunning best led grow lights high times','indoor grow kits diy'),
(67,'http://i00.i.aliimg.com/wsphoto/v1/1581750534_1/Free-shipping-80W-DIY-font-b-grow-b-font-font-b-kit-b-font-cob-red.jpg','http://www.aliexpress.com/popular/indoor-growing-kit.html','indoor growing kit.html','indoor grow kits diy'),
(68,'http://www.woodsyend.com/wp-content/uploads/2013/12/indoor-light-garden-construction-plan.jpg','http://www.woodsyend.com/using-grow-lights-for-indoor-gardens/indoor-light-garden-construction-plan','indoor light garden construction plan','indoor grow kits diy'),
(69,'http://i00.i.aliimg.com/wsphoto/v2/1893239326_1/2014-Free-Shipping-Mini-Full-Spectrum100w-Led-Grow-Light-Greenhouse-font-b-Hydroponic-b-font-Lighting.jpg','http://www.aliexpress.com/cheap/cheap-diy-indoor-hydroponics.html','cheap diy indoor hydroponics.html','indoor grow kits diy'),
(70,'http://i42.photobucket.com/albums/e318/vaga69/Grow/Untitled.png','http://forum.grasscity.com/do-yourself/1122585-diy-grow-box.html','1122585 diy grow box.html','indoor grow kits diy'),
(71,'http://www.thebohemiankitchen.net/wp-content/uploads/2013/03/002.jpg','http://www.thebohemiankitchen.net/tag/diy','diy','indoor grow kits diy'),
(72,'http://thecadc.com/wp-content/uploads/2014/11/Herb-Garden-Kit-Miracle-Gro-AeroGarden-3-Pod-Indoor-Garden-with-Gourmet-Herb-Seed-Kit.jpg','http://thecadc.com/garden/herb-garden-kit/attachment/herb-garden-kit-miracle-gro-aerogarden-3-pod-indoor-garden-with-gourmet-herb-seed-kit','herb garden kit miracle gro aerogarden 3 pod indoor garden with gourmet herb seed kit','indoor grow kits diy'),
(73,'http://intelyex.com/wp-content/uploads/2014/11/Windowsill-Herb-Garden-Kit-Indoor-Herb-Garden-Kit-with-Grow-Light.jpg','http://intelyex.com/2014/windowsill-herb-garden-kit-inspired-for-interior-garden-design-ideas/attachment/windowsill-herb-garden-kit-diy-windowsill-herb-garden','windowsill herb garden kit diy windowsill herb garden','indoor grow kits diy'),
(74,'http://i01.i.aliimg.com/wsphoto/v0/1814792033_3/Hydroponics-Equipment-Helios-Led-DIY-Grow-Light-Output-360w-100-240V-Cree-Outdoor-Led-Lamps-Plant.jpg','http://www.aliexpress.com/item/Equal-600w-HPS-Grow-Light-Kit-210w-DIY-Led-Planting-Lamp-100-240V-Voltage-and-High/1814792033.html','1814792033.html','indoor grow kits diy'),
(75,'http://i00.i.aliimg.com/wsphoto/v0/32257224136_1/12W-110V-220v-AC-10red-2blue-led-font-b-grow-b-font-light-raton-660nm-apollo.jpg','http://www.aliexpress.com/price/diy-grow-box_price.html','diy grow box_price.html','indoor grow kits diy'),
(76,'http://ecx.images-amazon.com/images/I/817vsoibs1L._SL1500_.jpg','http://www.amazon.com/hydroponic-grow-lights/b?ie%3DUTF8%26node%3D14252941','b?ie%3DUTF8%26node%3D14252941','indoor grow kits diy'),
(77,'http://i01.i.aliimg.com/wsphoto/v0/1814792033_2/Hydroponics-Equipment-Helios-Led-DIY-Grow-Light-Output-360w-100-240V-Cree-Outdoor-Led-Lamps-Plant.jpg','http://www.aliexpress.com/item/Equal-600w-HPS-Grow-Light-Kit-210w-DIY-Led-Planting-Lamp-100-240V-Voltage-and-High/1814792033.html','1814792033.html','indoor grow kits diy'),
(78,'http://image.dhgate.com/albu_894662558_00/1.0x0.jpg','http://m.dhgate.com/product/2014-diy-led-grow-kit-100w-7band-led-grow/207590610.html','207590610.html','indoor grow kits diy'),
(79,'http://www.prepperforums.net/forum/attachments/urban-rural-survival/1599d1362200846-diy-plans-awesome-indoor-vertical-garden-aquagarden3624flyer282kb.jpg','http://www.prepperforums.net/forum/urban-rural-survival/3420-diy-plans-awesome-indoor-vertical-garden.html','3420 diy plans awesome indoor vertical garden.html','indoor grow kits diy'),
(80,'http://image.dhgate.com/albu_628224193_00/1.0x0.jpg','http://m.dhgate.com/product/diy-led-grow-kit-150w-full-spectrum-grow/187627162.html','187627162.html','indoor grow kits diy'),
(81,'http://www.windowbox.com/media/catalog/product/cache/2/image/940x750/9df78eab33525d08d6e5fb8d27136e95/w/a/water-collector-tray-b2-coll-t-wb.jpg','http://www.windowbox.com/pots-planters/living-wall-systems/diy-living-wall-systems/living-wall-water-collector.html','living wall water collector.html','indoor grow kits diy'),
(82,'http://i00.i.aliimg.com/wsphoto/v0/32245420244_1/wholesale-font-b-600W-b-font-cob-led-font-b-grow-b-font-light-font-b.jpg','http://www.aliexpress.com/price/600w-grow-kit_price.html','600w grow kit_price.html','indoor grow kits diy'),
(83,'http://www.hapihour.org/wp-content/uploads/2014/03/led-lighting-indoor-light-magnificent-best-led-grow-light-kits-best-led-grow-lights-of-2013best-led-grow-lights-of-2014best-led-grow-lights-of-2012best-led-grow-lights-on-the-market-2013bes.JPG','http://www.hapihour.org/amazing-best-grow-lights-for-indoor-plants','amazing best grow lights for indoor plants','indoor grow kits diy'),
(84,'http://image.dhgate.com/albu_622538155_00/1.0x0.jpg','http://www.dhgate.com/product/new-arrival-diy-led-grow-kit-50w-full-spectrum/189730765.html','189730765.html','indoor grow kits diy'),
(85,'http://thecadc.com/wp-content/uploads/2014/11/Herb-Garden-Kit-culinary-salsa-growing-kit-4.jpg','http://thecadc.com/tag/hydroponic-herb-garden-indoor-kit','hydroponic herb garden indoor kit','indoor grow kits diy'),
(86,'http://i01.i.aliimg.com/wsphoto/v3/1553767121_1/Free-Shipping-font-b-Mini-b-font-200w-Led-Grow-Light-Full-Spectrum-Grow-Leds-for.jpg','http://www.aliexpress.com/popular/diy-mini-greenhouse.html','diy mini greenhouse.html','indoor grow kits diy'),
(87,'http://hydroponiceconomics.com/blog/wp-content/uploads/2010/07/Grow-Room-Electrical-Outlets.jpg','http://hydroponiceconomics.com/blog/grow-rooms-and-grow-boxes/indoor-grow-closet-create-grow-room','indoor grow closet create grow room','indoor grow kits diy'),
(88,'http://www.hapihour.org/wp-content/uploads/2014/03/home-lighting-led-lighting-christmas-lights-lighting-design-appealing-diy-1000-watt-led-grow-light-diy-led-grow-light-youtubediy-cree-xlamp-led-grow-light-kitdiy-led-grow-light-wavelengthdiy.jpg','http://www.hapihour.org/delectable-best-led-grow-light-for-citrus','delectable best led grow light for citrus','indoor grow kits diy'),
(89,'http://i.ytimg.com/vi/Fz5ylk6O_4c/maxresdefault.jpg','http://www.youtube.com/watch?v%3DFz5ylk6O_4c','watch?v%3DFz5ylk6O_4c','indoor grow kits diy'),
(90,'http://i.ytimg.com/vi/nnYDJ1p04rw/maxresdefault.jpg','http://www.youtube.com/watch?v%3DnnYDJ1p04rw','watch?v%3DnnYDJ1p04rw','indoor grow kits diy'),
(91,'http://www.peachgarden.org/wp-content/uploads/2014/10/vegetable-garden-indoor-vegetable-container-gardening-indoor-vertical-vegetable-garden-kit-indoor-vegetable-garden-starter-kit-indoor-organic-vegetable-garden-kit-indoor-hydroponic-vegetable-garde.jpg','http://www.peachgarden.org/ingenious-vertical-vegetable-garden-how-to','ingenious vertical vegetable garden how to','indoor grow kits diy'),
(92,'http://www.frincor.com/wp-content/uploads/2014/01/breathtaking-how-to-grow-your-own-indoor-herb-garden.jpg','http://www.frincor.com/astonishing-happiness-is-an-indoor-herb-garden/breathtaking-how-to-grow-your-own-indoor-herb-garden','breathtaking how to grow your own indoor herb garden','indoor grow kits diy'),
(93,'http://i01.i.aliimg.com/wsphoto/v1/1242983093_1/Free-shipping-2PCS-300W-full-spectrum-led-font-b-grow-b-font-light-china-with-lens.jpg','http://www.aliexpress.com/cheap/cheap-indoor-growing-kits.html','cheap indoor growing kits.html','indoor grow kits diy'),
(94,'http://thecadc.com/wp-content/uploads/2014/11/Herb-Garden-Kit-ToniHerbGarden3.jpg','http://thecadc.com/tag/herb-garden-kit-diy','herb garden kit diy','indoor grow kits diy'),
(95,'http://www.hapihour.org/wp-content/uploads/2014/03/led-lighting-lighting-design-home-lighting-christmas-lights-ingenious-diy-led-grow-light-kit-diy-led-grow-light-youtubediy-cree-xlamp-led-grow-light-kitdiy-led-grow-light-wavelengthdiy-led-gro.jpg','http://www.hapihour.org/ingenious-diy-led-grow-light-kit','ingenious diy led grow light kit','indoor grow kits diy'),
(96,'http://image.dhgate.com/albu_586951130_00/1.0x0.jpg','http://m.dhgate.com/product/2014-new-arrival-150w-diy-led-grow-kit-150w/183775575.html','183775575.html','indoor grow kits diy'),
(97,'http://somewhatsketchy.com/wp-content/uploads/2010/06/IMG_0139.jpg','http://somewhatsketchy.com/?p%3D18','?p%3D18','indoor grow kits diy'),
(98,'http://www.hapihour.org/wp-content/uploads/2014/03/led-lighting-indoor-light-beautiful-diy-led-grow-lights-led-grow-lights-reviewled-grow-light-kitsbuild-led-grow-lightsdiy-led-grow-lightsled-grow-lights-vs-hpsufo-led-grow-lightsled-grow-lights.jpg','http://www.hapihour.org/beautiful-led-grow-light-kits','beautiful led grow light kits','indoor grow kits diy'),
(99,'http://www.420magazine.com/gallery/data/500/100_00461.JPG','http://www.420magazine.com/forums/completed-journals/135912-sukafr33-s-first-indoor-grow-cfls-bag-seed-all-different-strains-diy-grow-cab.html','135912 sukafr33 s first indoor grow cfls bag seed all different strains diy grow cab.html','indoor grow kits diy'),
(100,'http://www.windowbox.com/media/catalog/product/cache/2/image/940x750/9df78eab33525d08d6e5fb8d27136e95/b/2/b2-bg-cf8-x-living-wall-country-frame-wb.jpg','http://www.windowbox.com/pots-planters/living-wall-systems/diy-living-wall-systems/rustic-indoor-living-wall-kit-1.html','rustic indoor living wall kit 1.html','indoor grow kits diy'),
(101,'http://i00.i.aliimg.com/wsphoto/v0/32249318616_1/10Pcs-50W-UFO-LED-Grow-light-Red-Blue-font-b-Indoor-b-font-49x1W-LED-Mini.jpg','http://www.aliexpress.com/popular/diy-indoor-hydroponics.html','diy indoor hydroponics.html','indoor grow kits diy'),
(102,'http://www.peachgarden.org/wp-content/uploads/2014/10/vegetable-garden-good-looking-indoor-classroom-vegetable-garden-indoor-vertical-vegetable-garden-kit-indoor-vegetable-garden-starter-kit-indoor-organic-vegetable-garden-kit-indoor-hydroponic-vege.jpg','http://www.peachgarden.org/good-looking-indoor-classroom-vegetable-garden','good looking indoor classroom vegetable garden','indoor grow kits diy'),
(103,'http://2.bp.blogspot.com/-iIHzlLwuz3o/UjxbjwanilI/AAAAAAAACS4/yQDgCy-gadA/s1600/4x4%252Blightand%252Bvent%252Blayout.jpg','http://gregsgardens.blogspot.com/2013/09/grow-your-best-indoors.html','grow your best indoors.html','indoor grow kits diy'),
(104,'http://www.hapihour.org/wp-content/uploads/2014/04/home-lighting-indoor-light-led-lighting-new-led-grow-lights-edmonton-led-plant-lights-home-depotled-grow-lights-high-timesled-grow-lights-hydroponicsled-grow-lights-heat-outputled-grow-ligh.jpg','http://www.hapihour.org/easy-on-the-eye-diy-led-grow-lights','easy on the eye diy led grow lights','indoor grow kits diy'),
(105,'http://3.bp.blogspot.com/-NQ2bNimzkCc/U2wGOBX8ypI/AAAAAAAAAE0/suPf78KtrTA/s1600/4800watt%252BMegaMax.jpg','http://weedgrowlighttypes.blogspot.com/2014_08_01_archive.html','2014_08_01_archive.html','indoor grow kits diy'),
(106,'http://oldworldgardenfarms.files.wordpress.com/2013/04/seedlings.jpg','http://oldworldgardenfarms.com/2013/01/08/how-to-build-an-indoor-seed-starting-rack-cheap','how to build an indoor seed starting rack cheap','indoor grow kits diy'),
(107,'http://img.frbiz.com/nimg/ff/ba/55f937afc46ea6634564433c1135-0x0-0/strong_style_color_b82220_diy_led_strong_grow_plant_light_rcg144_3w_for_hydroponics_greenhouse_3_5times_hps.jpg','http://www.frbiz.com/image-diy-hydroponic-led-lights','image diy hydroponic led lights','indoor grow kits diy'),
(108,'https://lh3.googleusercontent.com/-4opUn8_Aucg/TXf-JjZxg3I/AAAAAAAAALg/XmFVk55ZvAo/s1600/indoor%252Bgreenhouse%252Bwith%252Bgrow%252Blights%252Bwarming%252Bmat.jpg','http://theurbanhomestaed.blogspot.com/2011/03/diy-inexpensive-seed-starting-setup-or.html','diy inexpensive seed starting setup or.html','indoor grow kits diy'),
(109,'http://www.peachgarden.org/wp-content/uploads/2014/10/vegetable-garden-easy-on-the-eye-build-indoor-vegetable-garden-indoor-vegetable-garden-hydroponics-indoor-vegetable-garden-how-to-indoor-vegetable-garden-at-home-indoor-vegetable-and-herb-garden.jpg','http://www.peachgarden.org/good-looking-indoor-classroom-vegetable-garden','good looking indoor classroom vegetable garden','indoor grow kits diy'),
(110,'http://cdn.instructables.com/F0X/79VV/G79F1N97/F0X79VVG79F1N97.LARGE.jpg','http://www.instructables.com/id/Simple-Indoor-Herb-Garden-With-Adjustable-Grow-Lig','Simple Indoor Herb Garden With Adjustable Grow Lig','indoor grow kits diy'),
(111,'http://spectrum.ieee.org/img/06FoodAquaponicsf2-1369330393968.jpg','http://spectrum.ieee.org/green-tech/buildings/the-indoor-aquaponics-farm','the indoor aquaponics farm','indoor grow kits diy'),
(112,'http://www.diyindoorgrow.com/wp-content/uploads/2014/04/20140122_023833-e1397492621543.jpg','http://www.diyindoorgrow.com','www.diyindoorgrow.com','indoor grow kits diy'),
(113,'http://weedgear.com/wp-content/uploads/marijuana-products_massive_lumatek_high_perf_grow_light_kit__28742.png','http://weedgear.com/lighting-info-beginning-cannabis-growers','lighting info beginning cannabis growers','indoor grow kits diy'),
(114,'http://howtogrowmarijuana.com/wp-content/uploads/2013/12/DIY-LED-Grow-Light-front.jpg','http://howtogrowmarijuana.com/diy-led-grow-light','diy led grow light','indoor grow kits diy'),
(115,'http://i.ytimg.com/vi/_fyGORvV850/maxresdefault.jpg','http://www.youtube.com/watch?v%3D_fyGORvV850','watch?v%3D_fyGORvV850','indoor grow kits diy'),
(116,'http://www.diyindoorgrow.com/wp-content/uploads/2014/04/20140222_225104.jpg','http://www.diyindoorgrow.com','www.diyindoorgrow.com','indoor grow kits diy'),
(117,'http://3.bp.blogspot.com/-NTzy37kb22k/USAzriIzTbI/AAAAAAAACa4/7I7nEzPTPng/s1600/IMGP1527edit1.jpg','http://restoringtheroost.blogspot.com/2013/02/starting-seeds-indoors-diy-grow-light.html','starting seeds indoors diy grow light.html','indoor grow kits diy'),
(118,'http://cdn.instructables.com/FJP/505C/FMMCVJ0L/FJP505CFMMCVJ0L.LARGE.jpg','http://www.instructables.com/id/Hydroponics-grow-kits-Grow-it','Hydroponics grow kits Grow it','indoor grow kits diy'),
(119,'http://lh6.ggpht.com/_mxIKfbL3Gno/SyWb1EBYySI/AAAAAAAAa5k/OB_Tl2JbldE/s400/FILE0018.JPG','http://mike.creuzer.com/2009/02/diy-automated-indoor-container-garden-irrigation.html','diy automated indoor container garden irrigation.html','indoor grow kits diy'),
(120,'http://cdn.instructables.com/FXG/T68T/G79DOWNQ/FXGT68TG79DOWNQ.LARGE.jpg','http://www.instructables.com/id/Simple-Indoor-Herb-Garden-With-Adjustable-Grow-Lig','Simple Indoor Herb Garden With Adjustable Grow Lig','indoor grow kits diy'),
(121,'http://3.bp.blogspot.com/-0jj5-Cr65cg/UjxbmDjOD4I/AAAAAAAACTA/dDYE8Fqk49k/s1600/4x8%252Blight%252Band%252Bvent%252Blayout.jpg','http://gregsgardens.blogspot.com/2013/09/grow-your-best-indoors.html','grow your best indoors.html','indoor grow kits diy'),
(122,'http://i00.i.aliimg.com/wsphoto/v5/1462188448_1/Free-Shipping-Newest-COB-Full-Spectrum-Led-Grow-Light-800w-font-b-DIY-b-font-High.jpg','http://www.aliexpress.com/popular/indoor-greenhouse-diy.html','indoor greenhouse diy.html','indoor grow kits diy'),
(123,'http://www.hapihour.org/wp-content/uploads/2014/04/home-lighting-led-lighting-indoor-light-bloomboss-ufo-led-grow-light-ufo-led-grow-lights-weedufo-led-grow-light-wholesaledo-ufo-led-grow-lights-workufo-led-grow-light-90-wattsfull-spectrum-9.jpg','http://www.hapihour.org/elegant-led-grow-light-kits','elegant led grow light kits','indoor grow kits diy'),
(124,'http://4.bp.blogspot.com/-d1EaTL5ndi8/T3SgLTfl9LI/AAAAAAAABMU/UaiwkLZVQ9g/s1600/rope%252Bladder.jpg','http://growingplay.blogspot.com/2012/03/diy-rope-ladder-for-indoor-active-play.html','diy rope ladder for indoor active play.html','indoor grow kits diy'),
(125,'http://www.420magazine.com/gallery/data/500/100_0054.JPG','http://www.420magazine.com/forums/completed-journals/135912-sukafr33-s-first-indoor-grow-cfls-bag-seed-all-different-strains-diy-grow-cab.html','135912 sukafr33 s first indoor grow cfls bag seed all different strains diy grow cab.html','indoor grow kits diy'),
(126,'http://ecx.images-amazon.com/images/I/81VTwemmXoL._SL1500_.jpg','http://www.sarahtitus.com/2014/04/16/mothers-day-gift-guide','mothers day gift guide','indoor grow kits diy'),
(127,'http://cdn.growgenius.co.uk/wp-content/uploads/2014/01/led-grow-tent-kit.gif','http://growgenius.co.uk/product/led-grow-tent-kit','led grow tent kit','indoor grow kits diy'),
(128,'http://i.imgur.com/ws6xTsE.jpg','http://www.reddit.com/r/gardening/comments/2obsjb/my_reddit_secret_santa_got_me_an_indoor_growing','my_reddit_secret_santa_got_me_an_indoor_growing','indoor grow kits diy'),
(129,'http://www.420magazine.com/gallery/data/500/mommas_phone_pics_023.jpg','http://www.420magazine.com/forums/completed-journals/154436-my-very-1st-indoor-grow-bag-seeds-mg-soil-4.html','154436 my very 1st indoor grow bag seeds mg soil 4.html','indoor grow kits diy'),
(130,'http://i01.i.aliimg.com/img/pb/502/140/487/487140502_350.jpg','http://www.alibaba.com/product-detail/Indoor-greenhouse-Apollo-2G-diy-300w_599523464.html','Indoor greenhouse Apollo 2G diy 300w_599523464.html','indoor grow kits diy'),
(131,'http://www.peachgarden.org/wp-content/uploads/2014/10/vegetable-garden-home-and-garden-indoor-vegetable-garden-at-home-indoor-vegetable-gardening-kits-indoor-hydroponic-vegetable-garden-kit-indoor-vegetable-garden-starter-kit-indoor-organic-vegetabl.jpg','http://www.peachgarden.org/contemporary-indoor-vegetable-garden-diy','contemporary indoor vegetable garden diy','indoor grow kits diy'),
(132,'http://i01.i.aliimg.com/wsphoto/v2/767866659_1/Draw-Power-200W-Apollo-90x3W-led-grow-light-DIY-Ratio-Optic-lens-led-3w-high-power.jpg','http://www.aliexpress.com/item/Draw-Power-200W-Apollo-90x3W-led-grow-light-DIY-Ratio-Optic-lens-led-3w-high-power/767866659.html','767866659.html','indoor grow kits diy'),
(133,'http://www.peachgarden.org/wp-content/uploads/2014/10/garden-ideas-garden-doors-elegant-indoor-herb-gardens-ideas-indoor-herb-garden-ideas-pinterest-indoor-herb-garden-ideas-indoor-herb-garden-ideas-pinterest-indoor-herb-gardens-ideas-indoor-wind.jpg','http://www.peachgarden.org/wonderful-indoor-wall-garden-australia','wonderful indoor wall garden australia','indoor grow kits diy'),
(134,'https://s-media-cache-ak0.pinimg.com/originals/cb/cc/c0/cbccc06ac34f61edb61e93a350ca06c9.jpg','https://www.pinterest.com/bridges1991/gardening','gardening','indoor grow kits diy'),
(135,'http://i01.i.aliimg.com/img/pb/367/803/899/899803367_880.jpg','http://www.aliexpress.com/store/product/New-Arrival-30w-led-grow-lights-full-spectrum-380nm-840nm-for-hydrpobnic-greenhouse-indoor-garden-plant/121917_1548812264.html','121917_1548812264.html','indoor grow kits diy'),
(136,'http://static1.squarespace.com/static/51a4368fe4b0d80d8a74ed71/t/51a57f87e4b03e3c01272dd3/1369800585985/Grow%252BCloset.jpg','http://awesomenessprojects.com','awesomenessprojects.com','indoor grow kits diy'),
(137,'http://i01.i.aliimg.com/wsphoto/v0/2055569681_1/hydroponic-font-b-grow-b-font-font-b-kit-b-font-led-growth-lamp-240w-font.jpg','http://www.aliexpress.com/price/indoor-grow-kits_price.html','indoor grow kits_price.html','indoor grow kits diy'),
(138,'https://lh6.googleusercontent.com/-0q4th1wu25c/UubgZwqo6UI/AAAAAAAABns/B4TKmipxNgg/s640/HowToGrow%25252520GrassIndoors_thethingswedo_blog.jpg','http://thethings-we-do.com/diy-cat-grass','diy cat grass','indoor grow kits diy'),
(139,'https://danman1453.files.wordpress.com/2012/05/img_17381.jpg','https://danman1453.wordpress.com/tag/diy','diy','indoor grow kits diy'),
(140,'http://somewhatsketchy.com/wp-content/uploads/2010/06/IMG_0141.JPG','http://somewhatsketchy.com/?p%3D18','?p%3D18','indoor grow kits diy'),
(141,'http://www.peachgarden.org/wp-content/uploads/2014/10/vegetable-garden-amusing-indoor-vegetable-growing-containers-indoor-vegetable-garden-hydroponics-indoor-vegetable-garden-how-to-indoor-vegetable-garden-at-home-indoor-vegetable-and-herb-garden-i.jpg','http://www.peachgarden.org/indoor-vegetable-garden-lights','indoor vegetable garden lights','indoor grow kits diy'),
(142,'http://www.gardenista.com/files/styles/733_0s/public/img/sub/uimg/10-2012/700_agrarian-heirloom-seed-kit-jpeg.jpg','http://gardenista.com/posts/5-favorites-planting-pots-for-starting-seeds-indoors','5 favorites planting pots for starting seeds indoors','indoor grow kits diy'),
(143,'http://www.gardeningknowhow.com/wp-content/uploads/2007/12/indoor-garden.jpg','http://www.gardeningknowhow.com/garden-how-to/projects/an-indoor-garden-how-to-diy-indoor-garden-room-ideas.htm','an indoor garden how to diy indoor garden room ideas.htm','indoor grow kits diy'),
(144,'http://i.ytimg.com/vi/PmL-p0pqLko/maxresdefault.jpg','http://www.youtube.com/watch?v%3DPmL-p0pqLko','watch?v%3DPmL p0pqLko','indoor grow kits diy'),
(145,'http://i00.i.aliimg.com/wsphoto/v0/32273697038_1/252pcs-3W-Best-Led-font-b-Hydroponic-b-font-Lamp-Factory-font-b-Diy-b-font.jpg','http://www.aliexpress.com/price/diy-hydroponics_price.html','diy hydroponics_price.html','indoor grow kits diy'),
(146,'http://cdn.greenhousemegastore.com/images/uploads/9286_5363_popup.jpg','http://www.greenhousemegastore.com/product/indoor-seed-starter-plus/seed-starting-kits','seed starting kits','indoor grow kits diy'),
(147,'http://www.hapihour.org/wp-content/uploads/2014/03/christmas-lights-led-lighting-lighting-design-home-lighting-entertaining-diy-led-plant-grow-light-diy-led-grow-light-youtubediy-cree-xlamp-led-grow-light-kitdiy-led-grow-light-wavelengthdiy-l.358862','http://www.hapihour.org/wonderful-best-led-grow-light-color','wonderful best led grow light color','indoor grow kits diy'),
(148,'http://i.ytimg.com/vi/dmZDDVx9uTs/maxresdefault.jpg','http://www.youtube.com/watch?v%3DdmZDDVx9uTs','watch?v%3DdmZDDVx9uTs','indoor grow kits diy'),
(149,'http://i00.i.aliimg.com/photo/v0/60126573542_6/Diy_LED_Grow_Lights_Vs_Hps_LED.jpg','http://www.enjoy-ing.cn/product/60126573542-800797141/Diy_LED_Grow_Lights_Vs_Hps_LED_Plant_Grow_Lights.html','Diy_LED_Grow_Lights_Vs_Hps_LED_Plant_Grow_Lights.html','indoor grow kits diy'),
(150,'http://www.constructionrepair.net/wp-content/uploads/2014/4/build-an-indoor-grow-light-plant-stand-diy-mother_1.jpg','http://www.constructionrepair.net/build-an-indoor-grow-light-plant-stand-diy-mother.html','build an indoor grow light plant stand diy mother.html','indoor grow kits diy'),
(151,'http://g03.s.alicdn.com/kf/HTB14hIVFFXXXXciXXXXq6xXFXXXB/221245130/HTB14hIVFFXXXXciXXXXq6xXFXXXB.jpg','http://www.alibaba.com/product-detail/indoor-diy-wholesale-diy-led-grow_1932619106.html','indoor diy wholesale diy led grow_1932619106.html','indoor grow kits diy'),
(152,'http://cdn.home-designing.com/wp-content/uploads/2014/08/indoor-garden-wall.jpg','http://galleryhip.com/indoor-vertical-garden.html','indoor vertical garden.html','indoor grow kits diy'),
(153,'http://i.ytimg.com/vi/8CyE6i7L7Mw/maxresdefault.jpg','http://www.youtube.com/watch?v%3D8CyE6i7L7Mw','watch?v%3D8CyE6i7L7Mw','indoor grow kits diy'),
(154,'http://thecadc.com/wp-content/uploads/2014/11/Herb-Garden-Kit-Fluorescent-Lighting-for-Your-Indoor-Herb-Garden.jpg','http://thecadc.com/garden/herb-garden-kit','herb garden kit','indoor grow kits diy'),
(155,'http://www.urbangardensweb.com/wp-content/uploads/2013/05/this-is-eliooo-urbangardensweb1.jpg','http://www.urbangardensweb.com/2013/06/01/how-to-build-indoor-hydroponic-gardens-using-ikea-storage-boxes','how to build indoor hydroponic gardens using ikea storage boxes','indoor grow kits diy'),
(156,'http://cdn.instructables.com/FRC/TDTU/0UUEP27YP6G/FRCTDTU0UUEP27YP6G.LARGE.jpg','http://www.instructables.com/tag/type-id/?sort%3Dnone%26q%3Dindoor%2Blighting','?sort%3Dnone%26q%3Dindoor%2Blighting','indoor grow kits diy'),
(157,'http://kerrydwyer.net/ig/2015/01/garden-jewelry-box-diy-indoor-succulent-garden-growing-simple-beautiful-indoor-succulent-garden-ideas-indoor-garden-kickstarter-indoor-herb-garden-year-round-indoor-garden-machine-indoor-urban.jpg','http://kerrydwyer.net/growing-simple-beautiful-indoor-succulent-garden-ideas','growing simple beautiful indoor succulent garden ideas','indoor grow kits diy'),
(158,'http://i00.i.aliimg.com/wsphoto/v1/1783357168_1/Cheapest-China-UFO-Energy-Saving-Led-font-b-Grow-b-font-Light-90pcsx3w-Flowering-Lamp-Greenhouse.jpg','http://www.aliexpress.com/cheap/cheap-indoor-growing-kits.html','cheap indoor growing kits.html','indoor grow kits diy'),
(159,'http://farm6.static.flickr.com/5175/5422935307_9fc7f06546_m.jpg','http://www.cheaphack.net/2011/02/diy-grow-lamp.html','diy grow lamp.html','indoor grow kits diy'),
(160,'http://rik94566.files.wordpress.com/2014/02/back-side-equipment.jpg','http://www.popularwoodworkingprojects.com/?s%3DIndoor%2BAquaponics%2BDiy','?s%3DIndoor%2BAquaponics%2BDiy','indoor grow kits diy'),
(161,'http://i.ytimg.com/vi/amQx-pPeIcw/maxresdefault.jpg','http://www.youtube.com/watch?v%3DamQx-pPeIcw','watch?v%3DamQx pPeIcw','indoor grow kits diy'),
(162,'http://www.windowbox.com/media/catalog/product/cache/2/image/940x750/9df78eab33525d08d6e5fb8d27136e95/l/i/living-wall-plant-frame-modern-brick-b2-bg-mm8-xx-wb.jpg','http://www.windowbox.com/pots-planters/living-wall-systems/diy-living-wall-systems/modern-indoor-living-wall-kit.html','modern indoor living wall kit.html','indoor grow kits diy'),
(163,'http://www.motherearthnews.com/~/media/Images/MEN/Editorial/Articles/Magazine%252520Articles/2012/12-01/Best%252520Tips%252520for%252520Starting%252520Seeds%252520Indoors/Starting-Seeds-Indoors.jpg','http://www.motherearthnews.com/organic-gardening/starting-seeds-indoors-zm0z12djzsor.aspx','starting seeds indoors zm0z12djzsor.aspx','indoor grow kits diy'),
(164,'http://www.hapihour.org/wp-content/uploads/2014/03/led-lighting-appealing-diy-led-grow-lights-led-grow-lights-reviewled-grow-light-kitsbuild-led-grow-lightsdiy-led-grow-lightsled-grow-lights-vs-hpsufo-led-grow-lightsled-grow-lights-forumled-gr.jpg','http://www.hapihour.org/appealing-diy-led-grow-lights','appealing diy led grow lights','indoor grow kits diy'),
(165,'http://1.bp.blogspot.com/-MjMZEti1tpY/Ujxd3qSyaxI/AAAAAAAACTU/FBqXHxhiOak/s1600/8x8%252Blight%252Band%252Bvent%252Blayout.jpg','http://gregsgardens.blogspot.com/2013/09/grow-your-best-indoors.html','grow your best indoors.html','indoor grow kits diy'),
(166,'http://aquaponicshowtobuild.landscapeideasandpicture.com/images/aquaponic-kits-3.jpg','http://aquaponicshowtobuild.landscapeideasandpicture.com/aquaponic-kits','aquaponic kits','indoor grow kits diy'),
(167,'http://3.bp.blogspot.com/-rQEQ3xFeEuY/TbV194FlEnI/AAAAAAAAAA8/vvmfcQ_ATpI/s1600/100_1293.jpg','http://aquaponicsmadesimple.blogspot.com','aquaponicsmadesimple.blogspot.com','indoor grow kits diy'),
(168,'http://www.420magazine.com/gallery/data/500/100_00532.JPG','http://www.420magazine.com/forums/completed-journals/135912-sukafr33-s-first-indoor-grow-cfls-bag-seed-all-different-strains-diy-grow-cab-2.html','135912 sukafr33 s first indoor grow cfls bag seed all different strains diy grow cab 2.html','indoor grow kits diy'),
(169,'http://i00.i.aliimg.com/wsphoto/v1/1995314690_1/Free-shipping-900w-full-spectrum-cob-led-font-b-grow-b-font-lights-hydroponic-font-b.jpg','http://www.aliexpress.com/cheap/cheap-indoor-growing-kits.html','cheap indoor growing kits.html','indoor grow kits diy'),
(170,'http://www.hapihour.org/wp-content/uploads/2014/04/indoor-light-led-lighting-home-lighting-spectacular-led-grow-lights-dublin-led-plant-lights-home-depotled-grow-lights-high-timesled-grow-lights-hydroponicsled-grow-lights-heat-outputled-gro.jpg','http://www.hapihour.org/marvellous-led-grow-light-kits','marvellous led grow light kits','indoor grow kits diy'),
(171,'http://i01.i.aliimg.com/wsphoto/v0/1762793139_1/2014-font-b-Diy-b-font-font-b-Led-b-font-font-b-Grow-b-font.jpg','http://www.aliexpress.com/price/diy-led-grow-lights_price.html','diy led grow lights_price.html','indoor grow kits diy'),
(172,'http://www.420magazine.com/gallery/data/500/2010-07-07_12_35_48.jpg','http://www.420magazine.com/forums/abandoned-journals/123472-first-time-grow-over-our-heads.html','123472 first time grow over our heads.html','indoor grow kits diy'),
(173,'http://fsldk.org/wp-content/uploads/2014/07/diy-grow-lights-cfl-grow-lights-cfl.jpg','http://diy.1woodworks.com/tag/diy-cfl-grow-light','diy cfl grow light','indoor grow kits diy'),
(174,'http://ecx.images-amazon.com/images/I/81cnS8mcqML._SL1500_.jpg','http://www.amazon.com/b?node%3D3480699011','b?node%3D3480699011','indoor grow kits diy'),
(175,'http://cdn.instructables.com/FGE/J0WE/FCEIOH9S/FGEJ0WEFCEIOH9S.LARGE.jpg','http://www.instructables.com/id/high-power-LED-grow-lights-M.k2','high power LED grow lights M.k2','indoor grow kits diy'),
(176,'http://1.bp.blogspot.com/-D5bjyBo0FW8/USAzn6Ny_WI/AAAAAAAACaw/bDKahXRtJVI/s1600/IMGP1524edit1.jpg','http://restoringtheroost.blogspot.com/2013/02/starting-seeds-indoors-diy-grow-light.html','starting seeds indoors diy grow light.html','indoor grow kits diy'),
(177,'http://i00.i.aliimg.com/wsphoto/v0/1875911448_1/-font-b-Indoor-b-font-font-b-Grow-b-font-Lighting-270w-Led-font-b.jpg','http://www.aliexpress.com/price/indoor-grow-kits_price.html','indoor grow kits_price.html','indoor grow kits diy'),
(178,'http://lghttp.17653.nexcesscdn.net/808B16/cdn_images/media/catalog/product/cache/1/thumbnail/9df78eab33525d08d6e5fb8d27136e95/s/p/spr210-a.jpg','http://www.groworganic.com/portabella-mushroom-kit.html','portabella mushroom kit.html','indoor grow kits diy'),
(179,'http://www.greenmoxie.com/wp/wp-content/uploads/Aquaponics-DIy.jpg','http://galleryhip.com/diy-aquaponics.html','diy aquaponics.html','indoor grow kits diy'),
(180,'http://www.breakfastwithaudrey.com.au//wp-content/myuploads//sky-parlour.jpg','http://www.breakfastwithaudrey.com.au/diy-guest-blog-sky-parlour-indoor-herb-garden','diy guest blog sky parlour indoor herb garden','indoor grow kits diy'),
(181,'http://www.doomsdaypreppermagazine.com/wp-content/uploads/2014/08/seedlings.jpg','http://www.doomsdaypreppermagazine.com/archives/216','216','indoor grow kits diy'),
(182,'http://www.gardenista.com/files/styles/733_0s/public/img/sub/uimg/03-2013/700_hanging-moss-balls-diy.jpg','http://gardenista.com/posts/10-easy-pieces-the-most-magical-mosses','10 easy pieces the most magical mosses','indoor grow kits diy'),
(183,'http://somewhatsketchy.com/wp-content/uploads/2011/01/jar_sprouter1.jpg','http://somewhatsketchy.com/?p%3D120','?p%3D120','indoor grow kits diy'),
(184,'http://www.mommygaga.com/wp-content/uploads/2014/04/10-DIY-Indoor-Garden-Ideas.jpg','http://www.mommygaga.com/2014/04/10-diy-indoor-planter-and-herb-garden-ideas.html','10 diy indoor planter and herb garden ideas.html','indoor grow kits diy'),
(185,'http://img.bizgoco.com/upload/20130607/diy_led_grow_lights_metal_halide_grow.jpg','http://tuningpp.com/diy-led-grow-lights','diy led grow lights','indoor grow kits diy'),
(186,'http://image.dhgate.com/albu_622538423_00/1.0x0.jpg','http://m.dhgate.com/product/diy-led-grow-kit-150w-full-spectrum-grow/187627162.html','187627162.html','indoor grow kits diy'),
(187,'http://i01.i.aliimg.com/img/pb/015/140/487/487140015_584.jpg','http://www.alibaba.com/product-detail/Indoor-greenhouse-Apollo-2G-diy-300w_599523464.html','Indoor greenhouse Apollo 2G diy 300w_599523464.html','indoor grow kits diy'),
(188,'http://www.peachgarden.org/wp-content/uploads/2014/10/vegetable-garden-tremendous-indoor-organic-vegetable-garden-kit-organic-vegetable-gardening-pest-control-organic-vegetable-gardening-pdf-organic-vegetable-garden-plans-organic-vegetable-garden-pe.jpg','http://www.peachgarden.org/indoor-vegetable-grow-box','indoor vegetable grow box','indoor grow kits diy'),
(189,'http://img.alibaba.com/img/pb/686/290/926/926290686_694.jpg','http://www.aliexpress.com/store/product/2014-New-Arrival-high-lumen-super-intensity-full-spectrum-380-840nm-120W-DIY-led-grow-chip/140148_1606479453.html','140148_1606479453.html','indoor grow kits diy'),
(190,'http://www.gardenista.com/files/styles/733_0s/public/fields/Compost%252520Garden%252520potato.jpg','http://www.gardenista.com/posts/diy-grow-an-indoor-compost-garden','diy grow an indoor compost garden','indoor grow kits diy'),
(191,'http://howtogrowmarijuana.com/wp-content/uploads/2014/02/002%252520aerponics%252520system%252520diagram.png','http://howtogrowmarijuana.com/aeroponics','aeroponics','indoor grow kits diy'),
(192,'http://www.hydrogardencenter.com/images/products/detail/IMG_06902.jpg','http://www.hydrogardencenter.com/diycompostteakit.aspx','diycompostteakit.aspx','indoor grow kits diy'),
(193,'http://i.ytimg.com/vi/TJ5XbnegSto/maxresdefault.jpg','http://www.youtube.com/watch?v%3DTJ5XbnegSto','watch?v%3DTJ5XbnegSto','indoor grow kits diy'),
(194,'https://lh3.googleusercontent.com/-oV3lro-kQMQ/TXgvZGRS1TI/AAAAAAAAALk/WSdSO7L0Ts4/s1600/undercabinet%252Bflourecent%252Bgrow%252Blight%252Bduck%252Btapped.jpg','http://theurbanhomestaed.blogspot.com/2011/03/diy-inexpensive-seed-starting-setup-or.html','diy inexpensive seed starting setup or.html','indoor grow kits diy'),
(195,'http://1.bp.blogspot.com/_jVnMN3q33YU/TIgUaTdloxI/AAAAAAAAAB8/1cDqe6GA6_M/s1600/S1_open2.jpg','http://vertical-hydroponic-system.blogspot.com/2010_09_05_archive.html','2010_09_05_archive.html','indoor grow kits diy'),
(196,'http://www.garden-galaxy.com/photos/Halo-drip01.jpg','http://www.garden-galaxy.com','www.garden galaxy.com','indoor grow kits diy'),
(197,'http://www.marijuanagrowershq.com/wp-content/uploads/2011/12/Managing-Heat-in-Grow-Rooms.jpg','http://www.marijuanagrowershq.com/heat-management-in-grow-rooms','heat management in grow rooms','indoor grow kits diy'),
(198,'http://www.420magazine.com/gallery/data/500/001224.JPG','http://weddingdecorateideas.com/diy/diy-grow-box.html','diy grow box.html','indoor grow kits diy'),
(199,'http://cdn.instructables.com/FLL/LIDH/GZ38JD1Z/FLLLIDHGZ38JD1Z.LARGE.jpg','http://www.instructables.com/id/DIY-Indoor-Seedling-Grow-Box-Recycled-Tool-Ches/step4/Lining-the-inside-box-with-Tin-Foil-or-Mylar','Lining the inside box with Tin Foil or Mylar','indoor grow kits diy'),
(200,'https://growingwildceeds.files.wordpress.com/2012/03/about-1-month-7.jpg','https://growingwildceeds.wordpress.com/2012/03/10/how-to-grow-a-lemon-tree-from-seed','how to grow a lemon tree from seed','indoor grow kits diy'),
(201,'http://www.hapihour.org/wp-content/uploads/2014/03/indoor-light-light-bulbs-astonishing-growing-lights-for-plants-indoor-grow-lights-for-indoor-plants-grow-light-bulbs-for-indoor-plants-cheap-grow-lights-for-indoor-plants-lights-for-growing-plant.jpg','http://www.hapihour.org/homey-best-led-grow-lights-available','homey best led grow lights available','indoor grow kits diy'),
(202,'http://aquaponicshowtodiy.landscapeideasandpicture.com/images/growing-systems-3.jpg','http://aquaponicshowtodiy.landscapeideasandpicture.com/growing-systems','growing systems','indoor grow kits diy'),
(203,'https://www.icmag.com/ic/picture.php%253Falbumid%253D12490%2526pictureid%253D279852','https://www.icmag.com/ic/showthread.php?t%3D156190','showthread.php?t%3D156190','indoor grow kits diy'),
(204,'http://thecadc.com/wp-content/uploads/2014/11/Herb-Garden-Kit-Amazing-Indoor-Herb-Garden-Kit.jpg','http://thecadc.com/tag/buy-herb-garden-kits-online','buy herb garden kits online','indoor grow kits diy'),
(205,'http://www.hapihour.org/wp-content/uploads/2014/03/christmas-lights-led-lighting-indoor-light-lighting-design-home-lighting-plan-diy-led-grow-light-cannabis-diy-led-grow-light-youtubediy-cree-xlamp-led-grow-light-kitdiy-led-grow-light-wavelength.jpg','http://www.hapihour.org/plan-diy-led-grow-light-cannabis','plan diy led grow light cannabis','indoor grow kits diy'),
(206,'http://i.ytimg.com/vi/Zw4cGq83SG0/maxresdefault.jpg','http://www.youtube.com/watch?v%3DZw4cGq83SG0','watch?v%3DZw4cGq83SG0','indoor grow kits diy'),
(207,'http://onelowell.net/g/2014/09/garden-awesome-vertical-indoor-garden-decor-designs-with-red-carpet-creative-and-awesome-indoor-gardening-ideas-for-modern-home-indoor-garden-growing-indoor-garden-diy-gardening-diy.jpg','http://onelowell.net/1879/creative-and-awesome-indoor-gardening-ideas-for-modern-home/smart-and-creative-small-indoor-garden-ideas-with-oriental-water-indoor-feature-design','smart and creative small indoor garden ideas with oriental water indoor feature design','indoor grow kits diy'),
(208,'http://cdn.instructables.com/FKP/SN3B/H1YONJLN/FKPSN3BH1YONJLN.LARGE.jpg','http://www.instructables.com/id/DIY-Indoor-Seed-Starting-System','DIY Indoor Seed Starting System','indoor grow kits diy'),
(209,'http://3.bp.blogspot.com/-Uvgs6bmSxMk/UUsD03notrI/AAAAAAAAq80/n6JwSehgY8I/s1600/Growlight1.JPG','http://marksvegplot.blogspot.com/2013/03/growlights.html','growlights.html','indoor grow kits diy'),
(210,'http://www.aquaponicsdesignsdiy.com/wp-content/uploads/2014/07/Tabletop-Indoor-Aquaponics-systems-design.png','http://imgkid.com/diy-indoor-aquaponics.shtml','diy indoor aquaponics.shtml','indoor grow kits diy'),
(211,'http://i.ytimg.com/vi/yDz4VdSBJrc/maxresdefault.jpg','http://www.youtube.com/watch?v%3DyDz4VdSBJrc','watch?v%3DyDz4VdSBJrc','indoor grow kits diy'),
(212,'http://www.420magazine.com/gallery/data/500/100_00501.JPG','http://www.420magazine.com/forums/completed-journals/135912-sukafr33-s-first-indoor-grow-cfls-bag-seed-all-different-strains-diy-grow-cab-3.html','135912 sukafr33 s first indoor grow cfls bag seed all different strains diy grow cab 3.html','indoor grow kits diy'),
(213,'http://www.peachgarden.org/wp-content/uploads/2014/10/vegetable-garden-easy-on-the-eye-indoor-fruit-vegetable-garden-indoor-vertical-vegetable-garden-kit-indoor-vegetable-garden-starter-kit-indoor-organic-vegetable-garden-kit-indoor-hydroponic-vegeta.jpg','http://www.peachgarden.org/warm-hanging-indoor-vegetable-garden','warm hanging indoor vegetable garden','indoor grow kits diy'),
(214,'http://www.windowbox.com/media/catalog/product/cache/2/image/940x750/9df78eab33525d08d6e5fb8d27136e95/l/i/living-wall-plant-frame-traditional-b2-bg-tr8-x-wb.jpg','http://www.windowbox.com/pots-planters/living-wall-systems/diy-living-wall-systems/traditional-indoor-living-wall-kit.html','traditional indoor living wall kit.html','indoor grow kits diy'),
(215,'http://www.h2ogrowing.com/wp-content/uploads/2012/11/71DcQTe5huL.jpg','http://www.h2ogrowing.com','www.h2ogrowing.com','indoor grow kits diy'),
(216,'http://forums.gardenweb.com/forums/hydro/msg0201012311067.060947496273.jpg','http://forums.gardenweb.com/forums/load/hydro/msg0201012311067.html','msg0201012311067.html','indoor grow kits diy'),
(217,'http://3.bp.blogspot.com/_jVnMN3q33YU/TIgUKvGSA3I/AAAAAAAAABs/3W8WuUp1Qrg/s1600/akdetail%252Bcross%252Bbar2.jpg','http://vertical-hydroponic-system.blogspot.com/2010_09_05_archive.html','2010_09_05_archive.html','indoor grow kits diy'),
(218,'http://petitefarmstead.com/wp-content/uploads/2013/04/DIY-Grow-Light-for-Seedlings-10.jpg','http://petitefarmstead.com/2013/04/diy-grow-light-for-seedlings','diy grow light for seedlings','indoor grow kits diy'),
(219,'http://boards.cannabis.com/attachments/indoor-growing/138916d1180624271-diy-grow-room-log-grrm05.jpg','http://www.gopixpic.com/1024/thread-grow-room-rebuilt-hydro-setup-pics/http:%257C%257Cboards*cannabis*com%257Cattachments%257Ccannabis-pictures%257C168032d1196338063-grow-room-rebuilt-hydro-setup-pics-photo-0136*jpg','http:%257C%257Cboards*cannabis*com%257Cattachments%257Ccannabis pictures%257C168032d1196338063 grow room rebuilt hydro setup pics photo 0136*jpg','indoor grow kits diy'),
(220,'http://www.420magazine.com/gallery/data/829/tmp_2014-05-27_17_13_43-1581000016.jpg','http://www.420magazine.com/forums/abandoned-journals/221240-ayzo-s-first-indoor-grow-cfl-45x45x60-diy-cabinet-2014-a.html','221240 ayzo s first indoor grow cfl 45x45x60 diy cabinet 2014 a.html','indoor grow kits diy'),
(221,'http://www.growell.co.uk/media/catalog/product/cache/1/image/9df78eab33525d08d6e5fb8d27136e95/S/q/Square-Pots.jpg','http://www.growell.co.uk/growing-systems/pots-trays.html','pots trays.html','indoor grow kits diy'),
(222,'http://www.windowbox.com/media/catalog/product/cache/2/image/9df78eab33525d08d6e5fb8d27136e95/l/i/living-wall-planter-frame-rustic-oak-b2-bg-wm8-x-wb.jpg','http://www.windowbox.com/pots-planters/living-wall-systems/diy-living-wall-systems/rustic-indoor-living-wall-kit.html','rustic indoor living wall kit.html','indoor grow kits diy'),
(223,'http://cdn.instructables.com/F90/0ZT6/GYVDJ6VW/F900ZT6GYVDJ6VW.LARGE.jpg','http://www.instructables.com/id/DIY-Indoor-Seedling-Grow-Box-Recycled-Tool-Ches','DIY Indoor Seedling Grow Box Recycled Tool Ches','indoor grow kits diy'),
(224,'http://howtogrowmarijuana.com/wp-content/uploads/Indoors_rev-2xvoru2murkf4uq9b53bwq.png','http://howtogrowmarijuana.com','howtogrowmarijuana.com','indoor grow kits diy'),
(225,'http://www.diyindoorgrow.com/wp-content/uploads/2014/07/1-2.jpg','http://www.diyindoorgrow.com/page/4/?taxonomy%3Dproduct_type%26term%3Dsimple','?taxonomy%3Dproduct_type%26term%3Dsimple','indoor grow kits diy'),
(226,'https://ncrenaissancewoman.files.wordpress.com/2013/01/p1020356.jpg','https://ncrenaissancewoman.wordpress.com/tag/do-it-yourself','do it yourself','indoor grow kits diy'),
(227,'http://plant-alchemy.com/sites/default/files/diy50wgrowled7.jpg','http://funny-pictures.picphotos.net/indoor-grow-light/img.bhs4.com*7A*B*7AB0D592C01BF420EB57D4CD6267CD04AFB6C858_lis.jpg','img.bhs4.com*7A*B*7AB0D592C01BF420EB57D4CD6267CD04AFB6C858_lis.jpg','indoor grow kits diy'),
(228,'https://rik94566.files.wordpress.com/2014/05/maker-faire-2014.jpg','https://rik94566.wordpress.com/tag/rik-kretzinger','rik kretzinger','indoor grow kits diy'),
(229,'http://2.bp.blogspot.com/-N9ZMLHbFjmA/UsspogxeoiI/AAAAAAAAgKM/L5WVkAIMbFo/s1600/snowball%252Bkit%252B9.jpg','http://www.growingajeweledrose.com/2014/01/indoor-snowball-fight-diy-kit.html','indoor snowball fight diy kit.html','indoor grow kits diy'),
(230,'http://www.thebohemiankitchen.net/wp-content/uploads/2013/04/011.jpg','http://www.thebohemiankitchen.net/diy-how-to-make-an-indoor-greenhouse','diy how to make an indoor greenhouse','indoor grow kits diy'),
(231,'http://www.peachgarden.org/wp-content/uploads/2014/10/vegetable-garden-frugal-indoor-vegetable-gardening-blog-indoor-vertical-vegetable-garden-kit-indoor-vegetable-garden-starter-kit-indoor-organic-vegetable-garden-kit-indoor-hydroponic-vegetable-gar.JPG','http://www.peachgarden.org/amusing-indoor-vegetable-growing-containers','amusing indoor vegetable growing containers','indoor grow kits diy'),
(232,'http://i.ytimg.com/vi/3T6rUyp_Z-k/maxresdefault.jpg','http://www.youtube.com/watch?v%3D3T6rUyp_Z-k','watch?v%3D3T6rUyp_Z k','indoor grow kits diy'),
(233,'http://upload.wikimedia.org/wikipedia/commons/d/df/Hydroponic_system-sloped_PNr%2525C2%2525B00067.jpg','http://de.wikipedia.org/wiki/Indoor-Growing','Indoor Growing','indoor grow kits diy'),
(234,'http://kerrydwyer.net/ig/2015/01/garden-diy-indoor-succulent-garden-with-many-round-pot-in-one-place-brown-color-growing-simple-beautiful-indoor-succulent-garden-ideas-indoor-succulents-flowering-indoor-garden-wall-indoor-garden.jpg','http://kerrydwyer.net/growing-simple-beautiful-indoor-succulent-garden-ideas','growing simple beautiful indoor succulent garden ideas','indoor grow kits diy'),
(235,'http://www.agsproperties.com/wp-content/uploads/2014/10/indoor-greenhouse-diy.jpg','http://www.agsproperties.com/4-great-diy-greenhouse-ideas.html/indoor-greenhouse-diy','indoor greenhouse diy','indoor grow kits diy'),
(236,'http://aquaponicsplan.com/wp-content/uploads/2013/04/aquaponic-11.jpg','http://www.popularwoodworkingprojects.com/home-aquaponics-garden.html','home aquaponics garden.html','indoor grow kits diy'),
(237,'http://anonfed.com/wp-content/uploads/2014/12/Amazing-Diy-Indoor-Herbs-Garden-For-Indoor-Herb-Garden-ideas.jpg','http://anonfed.com/date/2014/12/09','09','indoor grow kits diy'),
(238,'http://persephonemagazine.com/wp-content/uploads/2011/04/herbgardenbefore-1024x768.jpg','http://persephonemagazine.com/2011/04/the-lazy-ladys-guide-to-diy-hanging-herb-garden','the lazy ladys guide to diy hanging herb garden','indoor grow kits diy'),
(239,'http://www.mommygaga.com/wp-content/uploads/2014/04/Mason-Jar-Indoor-Herb-Garden-Camille-Styles.jpg','http://www.mommygaga.com/2014/04/10-diy-indoor-planter-and-herb-garden-ideas.html','10 diy indoor planter and herb garden ideas.html','indoor grow kits diy'),
(240,'http://img.tapatalk.com/d/14/05/03/yqene8uh.jpg','http://www.phalaenopsis.net/phpBB/viewtopic.php?f%3D3%26t%3D16215','viewtopic.php?f%3D3%26t%3D16215','indoor grow kits diy'),
(241,'http://www.garden-galaxy.com/photos/SolarFamily01.jpg','http://www.garden-galaxy.com','www.garden galaxy.com','indoor grow kits diy'),
(242,'https://lmcniff.files.wordpress.com/2012/05/img_0591.jpg%253Fw%253D1240%2526h%253D827','https://lmcniff.wordpress.com','lmcniff.wordpress.com','indoor grow kits diy'),
(243,'http://practicallyfunctional.com/wp-content/uploads/2012/05/1333069734358_64fcd1.png','http://www.practicallyfunctional.com/indoor-herb-garden-update-keeping','indoor herb garden update keeping','indoor grow kits diy'),
(244,'http://1.bp.blogspot.com/-WRviQ1U0hL4/TsD21KmNxLI/AAAAAAAABSw/ZNbxhOkln0Y/s1600/IMG_5414.JPG','http://evergrowingfarm.com/2011/11/diy-grow-light-stand.html','diy grow light stand.html','indoor grow kits diy'),
(245,'http://www.hapihour.org/wp-content/uploads/2014/03/led-lighting-indoor-light-fetching-best-led-grow-lights-grasscity-best-led-grow-lights-of-2013best-led-grow-lights-of-2014best-led-grow-lights-of-2012best-led-grow-lights-on-the-market-2013.jpg','http://www.hapihour.org/awesome-diy-led-grow-light-pdf','awesome diy led grow light pdf','indoor grow kits diy'),
(246,'http://www.frincor.com/wp-content/uploads/2014/03/awesome-bizarre-indoor-aquaponics-city-dwelling-vegetable-farming-while-making-use.jpg','http://www.frincor.com/page/1829','1829','indoor grow kits diy'),
(247,'http://cdn.instructables.com/F4R/DOGS/HQ0IQNDI/F4RDOGSHQ0IQNDI.LARGE.jpg','http://www.instructables.com/id/high-power-LED-grow-lights-M.k2','high power LED grow lights M.k2','indoor grow kits diy'),
(248,'http://i.ytimg.com/vi/70vDLxUsfFA/maxresdefault.jpg','http://www.youtube.com/watch?v%3D70vDLxUsfFA','watch?v%3D70vDLxUsfFA','indoor grow kits diy'),
(249,'https://farm6.staticflickr.com/5592/14858015281_1154447ed5_z.jpg','http://www.skunkboyblog.com/2014/08/diy-skunk-planter.html','diy skunk planter.html','indoor grow kits diy'),
(250,'http://cdn.instructables.com/FA1/1IKQ/6SYERXTS3XI/FA11IKQ6SYERXTS3XI.LARGE.jpg','http://www.instructables.com/id/DIY-Hydroponics','DIY Hydroponics','indoor grow kits diy'),
(251,'http://www.hapihour.org/wp-content/uploads/2014/03/led-lighting-lavish-led-grow-lights-vs-hps-led-grow-lights-reviewled-grow-light-kitsbuild-led-grow-lightsdiy-led-grow-lightsled-grow-lights-vs-hpsufo-led-grow-lightsled-grow-lights-forumled-gro.JPG','http://www.hapihour.org/beautiful-diy-led-grow-lights','beautiful diy led grow lights','indoor grow kits diy'),
(252,'https://www.icmag.com/ic/picture.php%253Falbumid%253D36803%2526pictureid%253D872510','https://www.icmag.com/ic/showthread.php?t%3D236262','showthread.php?t%3D236262','indoor grow kits diy'),
(253,'http://cdn.instructables.com/F9H/1YVY/FMEGAKYM/F9H1YVYFMEGAKYM.LARGE.jpg','http://www.instructables.com/id/Hydroponics-grow-kits-Grow-it','Hydroponics grow kits Grow it','indoor grow kits diy'),
(254,'http://cdn.instructables.com/F5Z/JX29/GZ38JCIN/F5ZJX29GZ38JCIN.LARGE.jpg','http://www.instructables.com/id/DIY-Indoor-Seedling-Grow-Box-Recycled-Tool-Ches/step3/Cutting-the-holes-for-Switch-Fans-Light','Cutting the holes for Switch Fans Light','indoor grow kits diy'),
(255,'https://lh6.googleusercontent.com/-mhX99aaNGoY/Uw3DuDXK4aI/AAAAAAAACmA/wOMe3ZgdDMw/w493-h539-no/1.JPG','http://www.shopclues.com/indoor-plant-toy-diy-growing-grass-head-doll.html','indoor plant toy diy growing grass head doll.html','indoor grow kits diy'),
(256,'http://1.bp.blogspot.com/_jVnMN3q33YU/TIgUSaIpU3I/AAAAAAAAAB0/nExwZ1K8xO4/s1600/akdetail%252Bwheel.jpg','http://vertical-hydroponic-system.blogspot.com/2010/09/vertical-growing-method-is-most_08.html','vertical growing method is most_08.html','indoor grow kits diy'),
(257,'http://cdn.instructables.com/FMM/Z7YL/H026JEFN/FMMZ7YLH026JEFN.LARGE.jpg','http://www.instructables.com/id/Grow-High-Light-Plants-Indoors-Without-Hydroponics','Grow High Light Plants Indoors Without Hydroponics','indoor grow kits diy'),
(258,'http://www.frincor.com/wp-content/uploads/2014/01/incredible-home-garden.jpg','http://www.frincor.com/page/1919','1919','indoor grow kits diy'),
(259,'http://1.bp.blogspot.com/-c-fv5lBe-f0/T2VLEkfNNjI/AAAAAAAAAMg/vN_9P6PaJkM/s1600/Herb%252BGarden_1808e.png','http://www.practicallyfunctional.com/starting-indoor-herb-garden','starting indoor herb garden','indoor grow kits diy'),
(260,'http://www.420magazine.com/gallery/data/500/100_0045.JPG','http://www.gopixpic.com/500/completed-$100-diy-workbench/http:%257C%257Crobertsdonovan*com%257Cwp-content%257Cuploads%257Cimgp7541*jpg','http:%257C%257Crobertsdonovan*com%257Cwp content%257Cuploads%257Cimgp7541*jpg','indoor grow kits diy'),
(261,'http://www.frincor.com/wp-content/uploads/2014/01/stunning-diy-mason-jar-indoor-herb-garden-in-the-kitchen.jpg','http://www.frincor.com/page/1918','1918','indoor grow kits diy'),
(262,'http://i.ytimg.com/vi/OCM5mD5kca4/maxresdefault.jpg','http://www.youtube.com/watch?v%3DOCM5mD5kca4','watch?v%3DOCM5mD5kca4','indoor grow kits diy'),
(263,'http://www.420magazine.com/gallery/data/829/tmp_2014-06-06_11_44_04-1449006895.jpg','http://www.420magazine.com/forums/abandoned-journals/221240-ayzo-s-first-indoor-grow-cfl-45x45x60-diy-cabinet-2014-a.html','221240 ayzo s first indoor grow cfl 45x45x60 diy cabinet 2014 a.html','indoor grow kits diy'),
(264,'http://blog.fullbloomhydroponics.net/wp-content/uploads/2014/01/indoor-grow-01.jpg','http://blog.fullbloomhydroponics.net/category/diy-hydroponics','diy hydroponics','indoor grow kits diy'),
(265,'http://diyhomehacks.com/wp-content/uploads/2014/02/How-to-Grow-a-Lemon-Tree-from-a-Seed.jpg','http://diyhomehacks.com/diy-tutorial-how-to-grow-a-lemon-tree-from-a-seed','diy tutorial how to grow a lemon tree from a seed','indoor grow kits diy'),
(266,'http://i1238.photobucket.com/albums/ff496/bakerspeppers/DIY%252520Hydro%252520stuff/BakersPeppersDIYHydroDripSetupFinal.jpg','http://www.chiligrower.com/index.php/forum/technology/12197-germ-indoor-grow-setups?start%3D12','12197 germ indoor grow setups?start%3D12','indoor grow kits diy'),
(267,'http://thethings-we-do.com/wp-content/uploads/2014/01/DIY_Cat_Grass_title.jpg','http://thethings-we-do.com/diy-cat-grass','diy cat grass','indoor grow kits diy'),
(268,'http://s3-us-west-1.amazonaws.com/static.brit.co/wp-content/uploads/2014/04/herbs1.jpg','http://www.brit.co/herb-gardens','herb gardens','indoor grow kits diy'),
(269,'http://ww1.prweb.com/prfiles/2013/10/11/12234531/Amaryllis%252520Kit.jpg','http://www.prweb.com/releases/2014/10/prweb12234531.htm','prweb12234531.htm','indoor grow kits diy'),
(270,'http://cdn.instructables.com/FF6/FF6E/I24LXBYA/FF6FF6EI24LXBYA.LARGE.jpg','http://www.instructables.com/id/How-To-Make-DIY-Grow-Lights-With-LED-Strip-Lights/step3/Install-the-Aluminum-Bars-fitted-with-Strip-Lights','Install the Aluminum Bars fitted with Strip Lights','indoor grow kits diy'),
(271,'http://4.bp.blogspot.com/-amJgPnD_N-M/Taz_w36dIMI/AAAAAAAABnQ/cXwdECp1zfM/s1600/grow%252Bop%252Bat%252Bfull%252Bcapacity%252Btomatoes%252Bpeppers%252Beggplants.jpg','http://goneferalinid.blogspot.com/2011/04/april-re-cap.html','april re cap.html','indoor grow kits diy'),
(272,'http://boingboing.net/wp-content/uploads/2014/11/a3.jpg','http://boingboing.net/2014/11/06/space-buckets-diy-indoor-gard.html','space buckets diy indoor gard.html','indoor grow kits diy'),
(273,'http://bacbs.com/wp-content/uploads/2014/10/Amazing-Natural-And-Creative-Indoor-Herbs-Garden-Ideas-With-Awesome-Diy-Indoor-Herbs-Garden-Ideas.jpg','http://smarthomeideas.net/creative-diy-herb-garden-ideas.htm','creative diy herb garden ideas.htm','indoor grow kits diy'),
(274,'http://chemicallygreen.com/wp-content/uploads/2014/11/DIY-Indoor-Gardening-Tips.jpg','http://www.gopixpic.com/2041/diy-indoor-grow-box/http:%257C%257Ctracemypreps*com%257Cwp-content%257Cuploads%257C2012%257C04%257Call-thread-rods*jpg','http:%257C%257Ctracemypreps*com%257Cwp content%257Cuploads%257C2012%257C04%257Call thread rods*jpg','indoor grow kits diy'),
(275,'http://data.uncommongoods.com.edgesuite.net/images/newweb/product/21269_zoom2.jpg','http://www.uncommongoods.com/product/micro-green-kits','micro green kits','indoor grow kits diy'),
(276,'http://www.adafruit.com/images/1200x900/1776-05.jpg','http://www.adafruit.com/category/203','203','indoor grow kits diy'),
(277,'http://files.growery.org/files/g13-11/302143808-054.jpg','http://www.growery.org/forums/showflat.php/Number/661785','661785','indoor grow kits diy'),
(278,'http://a1128.g.akamai.net/7/1128/497/0001/origin-d5.scene7.com/is/image/ProvideCommerce/Planter-Advanced-blog140414','http://www.personalcreations.com/blog/diy-home-gardening','diy home gardening','indoor grow kits diy'),
(279,'http://www.adireo.com/m/2014/10/architecture-our-vianti-falls-kits-can-be-fountains-diy-water-feature-backyard-waterfalls-fountain-how-to-build-waterfall-powered-large-indoor-wall-landscape-features-ideas-gardens-indoor-waterfall-kits.jpg','http://www.adireo.com/indoor-wall-water-features-kits/our-vianti-falls-kits-can-be-fountains-diy-water-feature-backyard-waterfalls-fountain-how-to-build-waterfall-powered-large-indoor-wall-landscape-features-ideas-gardens','our vianti falls kits can be fountains diy water feature backyard waterfalls fountain how to build waterfall powered large indoor wall landscape features ideas gardens','indoor grow kits diy'),
(280,'http://i.ytimg.com/vi/OPgxbOEkKnQ/maxresdefault.jpg','http://www.youtube.com/watch?v%3DOPgxbOEkKnQ','watch?v%3DOPgxbOEkKnQ','indoor grow kits diy'),
(281,'http://data.uncommongoods.com.edgesuite.net/images/newweb/product/21303_zoom1.jpg','http://www.uncommongoods.com/product/grow-kits-for-kids','grow kits for kids','indoor grow kits diy'),
(282,'http://i1.wp.com/whatsurhomestory.com/wp-content/uploads/2015/01/force-grow-paperwhites-in-water.jpg%253Fresize%253D600%25252C900','http://whatsurhomestory.com','whatsurhomestory.com','indoor grow kits diy'),
(283,'http://www.420magazine.com/gallery/data/500/100_02002.JPG','http://www.420magazine.com/forums/completed-journals/135912-sukafr33-s-first-indoor-grow-cfls-bag-seed-all-different-strains-diy-grow-cab-8.html','135912 sukafr33 s first indoor grow cfls bag seed all different strains diy grow cab 8.html','indoor grow kits diy'),
(284,'http://www.420magazine.com/gallery/data/500/100_05324.JPG','http://www.420magazine.com/forums/completed-journals/135912-sukafr33-s-first-indoor-grow-cfls-bag-seed-all-different-strains-diy-grow-cab-27.html','135912 sukafr33 s first indoor grow cfls bag seed all different strains diy grow cab 27.html','indoor grow kits diy'),
(285,'http://1.bp.blogspot.com/-wblh8P9oIEM/USA0GvTaFcI/AAAAAAAACbo/2ervIw83aHk/s1600/IMGP1561edit1.jpg','http://restoringtheroost.blogspot.com/2013/02/starting-seeds-indoors-diy-grow-light.html','starting seeds indoors diy grow light.html','indoor grow kits diy'),
(286,'http://spinfarming.com/tips/wp-content/uploads/2013/10/SPIN-photo-grow-table-in-basement-2.jpeg','http://spinfarming.com/tips/tag/indoor-production','indoor production','indoor grow kits diy'),
(287,'http://1.bp.blogspot.com/-o-Md6LJPxh4/T2FuBUH65vI/AAAAAAAABn0/h-qZnwFrnds/s1600/before.jpg','http://www.madebymunchiesmama.com/2012/04/02/what-mama-made-monday-diy-toddler-actvity-table-tutorial','what mama made monday diy toddler actvity table tutorial','indoor grow kits diy'),
(288,'http://2.bp.blogspot.com/-7wCUeDGoZsw/UWbwtThZ_JI/AAAAAAAACKM/27TaFoKx1IU/s1600/wormery6.jpg','http://thetenaciousgardener.blogspot.com/2013/04/my-diy-wormery.html','my diy wormery.html','indoor grow kits diy'),
(289,'http://www.gardenista.com/files/styles/733_0s/public/rocks%252520for%252520the%252520bottom%252520of%252520a%252520planter.jpg','http://www.gardenista.com/posts/urban-gardening-diy-shade-tolerant-windowsill-herbs-to-grow-in-your-apartment','urban gardening diy shade tolerant windowsill herbs to grow in your apartment','indoor grow kits diy'),
(290,'http://i.ytimg.com/vi/VBspR2p0YYM/maxresdefault.jpg','http://www.youtube.com/watch?v%3DVBspR2p0YYM','watch?v%3DVBspR2p0YYM','indoor grow kits diy'),
(291,'http://img.tapatalk.com/d/14/05/03/utuhu2un.jpg','http://www.phalaenopsis.net/phpBB/viewtopic.php?f%3D3%26t%3D16215','viewtopic.php?f%3D3%26t%3D16215','indoor grow kits diy'),
(292,'http://i1370.photobucket.com/albums/ag268/macrogroups/growPROdetail-06_zps95ca405f.png','http://www.ebay.com.au/bhp/hydroponic-lights','hydroponic lights','indoor grow kits diy'),
(293,'http://cdn.instructables.com/FTJ/36P6/FIHRVEDQ/FTJ36P6FIHRVEDQ.LARGE.jpg','http://www.instructables.com/id/Grow-your-own-wheatgrass','Grow your own wheatgrass','indoor grow kits diy'),
(294,'http://karmakiss.net/images/detailed/3/money_lg.jpg','http://karmakiss.net/en/gift-republic.html','gift republic.html','indoor grow kits diy'),
(295,'http://i905.photobucket.com/albums/ac258/direct2bargain/4E3B56FE3-LOGO_zpsf0386cf7.jpg','http://www.ebay.co.uk/bhp/grow-tent-light','grow tent light','indoor grow kits diy'),
(296,'https://s-media-cache-ak0.pinimg.com/736x/43/05/be/4305be0ca75af36cdf47fcf7d58fd24d.jpg','https://www.pinterest.com/pin/390194755186009212','390194755186009212','indoor grow kits diy'),
(297,'http://p.ekvan.com/2011/07/excellent-stately-diy-mini-indoor-garden.jpg','http://ekvan.com/affective-growing-your-own-world/excellent-stately-diy-mini-indoor-garden','excellent stately diy mini indoor garden','indoor grow kits diy'),
(298,'http://www.wikihow.com/images/4/46/Make-a-DIY-Indoor-Aquaponics-System-Step-15.jpg','http://www.wikihow.com/Make-an-Indoor-Aquaponics-System','Make an Indoor Aquaponics System','indoor grow kits diy'),
(299,'http://img.wonderhowto.com/img/08/82/63475271624577/0/make-hydroponic-aquaponic-indoor-grow-system.1280x600.jpg','http://gardening-guide.wonderhowto.com/how-to/make-hydroponic-aquaponic-indoor-grow-system-166975','make hydroponic aquaponic indoor grow system 166975','indoor grow kits diy'),
(300,'http://www.amdaro.com/wp-content/uploads/2014/09/indoor-herb-garden-kits.jpg','http://www.amdaro.com/tips-for-indoor-herb-garden.html','tips for indoor herb garden.html','indoor grow kits diy'),
(301,'https://s3.amazonaws.com/ksr/assets/000/740/094/a544bb89b7aa3c47e01675645dfaca93_large.jpg%253F1373590020','https://www.kickstarter.com/projects/spirulinasystems/food-of-the-future-home-grown-spirulina-superfood','food of the future home grown spirulina superfood','indoor grow kits diy'),
(302,'http://img.photobucket.com/albums/v159/fishfearme/DSC03752.jpg','http://thehotpepper.com/topic/15947-easy-indoor-outdoor-diy-flood-and-drain-hydro','15947 easy indoor outdoor diy flood and drain hydro','indoor grow kits diy'),
(303,'http://ny-image1.etsy.com/il_fullxfull.204809117.jpg','http://www.modernparentsmessykids.com/2011/03/fresh-finds-etsy-container-gardens-your.html','fresh finds etsy container gardens your.html','indoor grow kits diy'),
(304,'http://www.didyasee.com/wp-content/uploads/2012/06/hydro-kitchen_3.jpg','http://diy.1woodworks.com/tag/diy-cfl-grow-light','diy cfl grow light','indoor grow kits diy'),
(305,'http://data.uncommongoods.com.edgesuite.net/images/newweb/product/21303_zoom2.jpg','http://www.uncommongoods.com/product/grow-kits-for-kids','grow kits for kids','indoor grow kits diy'),
(306,'http://cdn.instructables.com/FYE/3998/GZ0JIH7W/FYE3998GZ0JIH7W.LARGE.jpg','http://www.instructables.com/id/DIY-Indoor-Seedling-Grow-Box-Recycled-Tool-Ches/step7/Installing-the-120-volt-wiring','Installing the 120 volt wiring','indoor grow kits diy'),
(307,'http://rik94566.files.wordpress.com/2011/10/sketch-changes.jpg','http://www.popularwoodworkingprojects.com/?s%3DIndoor%2BAquaponics%2BDiy','?s%3DIndoor%2BAquaponics%2BDiy','indoor grow kits diy'),
(308,'http://bacbs.com/wp-content/uploads/2014/10/Amazing-Natural-And-Creative-Indoor-Herbs-Garden-Ideas-With-Hanging-Jars-Into-An-Indoor-Herb-Garden-And-Amazing-Diy-Indoor-Herbs-Garden-Ideas.jpg','http://bacbs.com/15451/amazing-natural-and-creative-indoor-herbs-garden-ideas','amazing natural and creative indoor herbs garden ideas','indoor grow kits diy'),
(309,'http://www.gardenista.com/files/styles/733_0s/public/lily%252520of%252520the%252520valley%252520blooming%252520indoors_0.jpg','http://www.gardenista.com/posts/forcing-lily-of-the-valley-indoors-windowsill-garden','forcing lily of the valley indoors windowsill garden','indoor grow kits diy'),
(310,'http://2.bp.blogspot.com/-E39UPaGo4Mw/T3PJSDHuizI/AAAAAAAACpc/_zzZzZZyaxE/s1600/garden%252Bmarkers%252B2.jpg','http://the-pickled-herring.blogspot.com/2012/03/diy-washi-tape-garden-markers.html','diy washi tape garden markers.html','indoor grow kits diy'),
(311,'http://i.ytimg.com/vi/BAiOZslL2Qs/maxresdefault.jpg','http://www.youtube.com/watch?v%3DBAiOZslL2Qs','watch?v%3DBAiOZslL2Qs','indoor grow kits diy'),
(312,'http://www.getcreativejuice.com/wp-content/uploads/2014/04/Indoor-kitchen-herb-garden-ideas-diy.jpg','http://www.getcreativejuice.com/2014/04/indoor-herb-garden-ideas.html','indoor herb garden ideas.html','indoor grow kits diy'),
(313,'http://www.greenyourdecor.com/wp-content/uploads/2014/12/aerogardenintro2.png','http://www.greenyourdecor.com/11535/aerogarden-perfect-lazy-gardener','aerogarden perfect lazy gardener','indoor grow kits diy'),
(314,'http://www.growtronix.com/store/image//indoor_grow_room.jpg','http://www.growtronix.com','www.growtronix.com','indoor grow kits diy'),
(315,'https://onlyartblog.files.wordpress.com/2012/05/img_9433.jpg','https://onlyartblog.wordpress.com/2012/05/15/herb-cubes-for-soup-and-other-dishes','herb cubes for soup and other dishes','indoor grow kits diy'),
(316,'http://img.frbiz.com/nimg/62/2f/3664ca8d9a121a6de033658b35dd-0x0-0/18w_waterproof_strong_style_color_b82220_diy_led_strong_aquarium_light.jpg','http://www.frbiz.com/image-diy-hydroponic-led-lights','image diy hydroponic led lights','indoor grow kits diy'),
(317,'http://img.tjskl.org.cn/nimg/d9/1a/7e0446aee0d1382ededeb72e8cb2-0x0-0/diy_steel_raised_garden_beds_galvanizing_steel_strong_style_color_b82220_flower_strong_pot_rectangle.jpg','http://www.tjskl.org.cn/wholesale-flower-seed-images','wholesale flower seed images','indoor grow kits diy'),
(318,'http://uhomemoo.com/wp-content/uploads/2014/06/diy-indoor-hydroponic-vegetable-garden.jpg','http://uhomemoo.com/how-to-do-indoor-organic-vegetable-garden/diy-indoor-hydroponic-vegetable-garden','diy indoor hydroponic vegetable garden','indoor grow kits diy'),
(319,'http://www.thelashop.com/images/P/23TEN001-484878R-N.jpg','http://www.thelashop.com/225-blue-red-orange-white-led-plant-grow-light-panel.html','225 blue red orange white led plant grow light panel.html','indoor grow kits diy'),
(320,'http://www.jadelouisedesigns.com/wp-content/uploads/2014/11/Northpole-1-of-1-28-yellow.png','http://www.jadelouisedesigns.com/diy-indoor-snowball-fight-and-northpole','diy indoor snowball fight and northpole','indoor grow kits diy'),
(321,'http://www.agsproperties.com/wp-content/uploads/2014/10/diy-indoor-greenhouse-1024x659.jpg','http://www.agsproperties.com/4-great-diy-greenhouse-ideas.html/diy-lean-to-greenhouse','diy lean to greenhouse','indoor grow kits diy'),
(322,'http://www.conceptualdevices.com/wp-content/uploads/2012/09/ELIOOO8_COMPONENTS_WIDE-DSC_2385.jpg','http://www.conceptualdevices.com/2012/09/eliooo-grow-your-food-or-how-to-go-to-ikea%25C2%25AE-and-build-a-device-to-grow-salad-in-your-apartment','eliooo grow your food or how to go to ikea%25C2%25AE and build a device to grow salad in your apartment','indoor grow kits diy'),
(323,'http://farm3.staticflickr.com/2518/3727768240_b09b00b472_o.jpg','http://www.realfarmacy.com/6-vegetables-that-grow-indoors','6 vegetables that grow indoors','indoor grow kits diy'),
(324,'http://ecx.images-amazon.com/images/I/91SWEsahw1L._SL1500_.jpg','http://yourhomegardenblog.com/vegetable-gardening/how-to-make-amazing-tomato-planters-from-soda-bottles-an-easy-do-it-yourself-project','how to make amazing tomato planters from soda bottles an easy do it yourself project','indoor grow kits diy'),
(325,'http://www.vegetablegardener.com/assets/uploads/posts/11658/IMG_6495_sm.jpg','http://www.vegetablegardener.com/item/11658/diy-heat-mat-speeds-seed-starting','diy heat mat speeds seed starting','indoor grow kits diy'),
(326,'https://s-media-cache-ak0.pinimg.com/736x/d3/7d/07/d37d07848726c6b99f0af89e3e559016.jpg','https://www.pinterest.com/explore/jungle-gym','jungle gym','indoor grow kits diy'),
(327,'http://static1.squarespace.com/static/51a4368fe4b0d80d8a74ed71/t/51a6a716e4b05eecc4417c6c/1369876256724/DIY%252BHydro%252BCloset','http://awesomenessprojects.com/step-by-step-instructions-1','step by step instructions 1','indoor grow kits diy'),
(328,'http://www.powerhousehydroponics.com/wp-content/uploads/2014/03/Indoor-Grow-Lights-Vertical-Gardening.jpg','http://www.powerhousehydroponics.com/tag/hydroponic-lighting','hydroponic lighting','indoor grow kits diy'),
(329,'http://www.kijanigrows.com/wp-content/uploads/2010/07/smartGarden.jpg','http://www.kijanigrows.com/buy_now','buy_now','indoor grow kits diy'),
(330,'https://img1.etsystatic.com/041/0/9280272/il_fullxfull.576923753_c76y.jpg','https://www.etsy.com/market/indoor_garden','indoor_garden','indoor grow kits diy'),
(331,'http://4.bp.blogspot.com/-Y61N51l2oac/UQIJ8Tw6W3I/AAAAAAAAAQA/pL_YpIDcJwM/s1600/Top.jpg','http://beersnbeans.blogspot.com/2013/01/diy-pallet-living-wall.html','diy pallet living wall.html','indoor grow kits diy'),
(332,'http://www.420magazine.com/gallery/data/500/2011-07-28_14_28_49.jpg','http://www.420magazine.com/forums/abandoned-journals/148343-my-first-grow-indoor-clone-w-diy-cfl-s.html','148343 my first grow indoor clone w diy cfl s.html','indoor grow kits diy'),
(333,'http://www.windowbox.com/media/catalog/product/cache/2/image/940x750/9df78eab33525d08d6e5fb8d27136e95/l/i/living-wall-planter-w-moisture-mat-bxd-b2-bg-20-600-wb.jpg','http://www.windowbox.com/pots-planters/living-wall-systems/diy-living-wall-systems.html','diy living wall systems.html','indoor grow kits diy'),
(334,'http://s4f32d9db8d339.img.gostorego.com/809E82/cdn/media/s4/f3/2d/9d/b8/d3/39/catalog/product/cache/1/image/9df78eab33525d08d6e5fb8d27136e95/k/i/kind-led-grow-lights.jpg','http://diy-gardensupplies.com/grow-lights/hid-grow-lamp-system-work.html','hid grow lamp system work.html','indoor grow kits diy'),
(335,'http://howtogrowmarijuana.com/wp-content/uploads/earth-cab-grow-box-2xvopxyys6ocuk5qjmvy16.jpg','http://howtogrowmarijuana.com/stealth-grow-box','stealth grow box','indoor grow kits diy'),
(336,'http://gardentherapy.ca/wp-content/uploads/2012/04/Kale-and-cucumber-seedlings-growing-under-lights-Medium.jpg','http://gardentherapy.ca/grow-light-project','grow light project','indoor grow kits diy'),
(337,'http://1.bp.blogspot.com/-1y2niVEQHlg/UmBOxDIzDkI/AAAAAAAAAus/yiX9sWTq5V0/s1600/20131017_125919.jpg','http://www.thegrowingupdiaries.com/2013/10/diy-halloween-tombstones.html','diy halloween tombstones.html','indoor grow kits diy'),
(338,'http://soshartford.files.wordpress.com/2014/07/img_4601.jpg','http://solutionaries.net','solutionaries.net','indoor grow kits diy'),
(339,'https://s-media-cache-ak0.pinimg.com/736x/41/3b/8b/413b8bd651973b3547f48973b8ff0a3d.jpg','https://www.pinterest.com/michaellaleahy/pets-corner','pets corner','indoor grow kits diy'),
(340,'https://oldworldgardenfarms.files.wordpress.com/2015/01/table-top-seed-stand.jpg','http://oldworldgardenfarms.com/2015/01/16/how-to-build-an-inexpensive-table-top-seed-starting-stand-and-start-your-garden-seeds-indoors-this-year','how to build an inexpensive table top seed starting stand and start your garden seeds indoors this year','indoor grow kits diy'),
(341,'http://www.ledsupply.com/images/LED-reef-tank-app.png','http://www.ledsupply.com/led-pictures','led pictures','indoor grow kits diy'),
(342,'http://bandacpa.com/wp-content/uploads/2014/12/Awesome-And-Cool-Indoor-Herb-Garden-Design-Ideas-With-Amazing-Diy-Indoor-Herb-Gardens-Idea.jpg','http://homelilys.com/how-to-grow-an-indoor-herb-garden-about-outdoor-garden-ideas.htm','how to grow an indoor herb garden about outdoor garden ideas.htm','indoor grow kits diy'),
(343,'http://onelowell.net/g/2014/09/garden-office-waiting-room-vertical-garden-feature-wall-for-restaurant-with-ceiling-lighting-creative-and-awesome-indoor-gardening-ideas-for-modern-home-indoor-vertical-wall-garden-diy.jpeg','http://onelowell.net/1879/creative-and-awesome-indoor-gardening-ideas-for-modern-home/small-indoor-garden-modern-single-house-design-with-glass-window-and-white-interior-color-decorating-ideas','small indoor garden modern single house design with glass window and white interior color decorating ideas','indoor grow kits diy'),
(344,'https://growingwildceeds.files.wordpress.com/2012/03/picture-003.jpg','https://growingwildceeds.wordpress.com/tag/organic','organic','indoor grow kits diy'),
(345,'https://onelowell.net/g/2014/09/garden-indoor-and-outdoor-container-ideas-for-miniature-gardening-creative-and-awesome-indoor-gardening-ideas-for-modern-home-outdoor-gardening-indoor-indoor-gardening-indoor-wonderful-1024x767.jpg','https://onelowell.net/date/2014/09','09','indoor grow kits diy'),
(346,'http://www.peachgarden.org/wp-content/uploads/2014/10/vegetable-garden-landscape-garden-astonishing-container-vegetable-gardening-california-container-vegetable-gardening-florida-container-vegetable-gardening-fall-container-vegetable-gardening-for.jpg','http://www.peachgarden.org/astonishing-indoor-vegetable-garden-during-winter','astonishing indoor vegetable garden during winter','indoor grow kits diy'),
(347,'http://www.gardenista.com/files/styles/733_0s/public/img/sub/uimg/01-2013/700_paperwhite-bulbs-in-the-window-9932-jpeg.jpg','http://gardenista.com/posts/diy-bottle-fed-paperwhites','diy bottle fed paperwhites','indoor grow kits diy'),
(348,'https://s-media-cache-ak0.pinimg.com/736x/37/ee/ff/37eeff22d0bad9acda83df39b92c674f.jpg','https://www.pinterest.com/pin/333899759845950301','333899759845950301','indoor grow kits diy'),
(349,'http://www.420magazine.com/gallery/data/500/2011-07-29_23_29_39.jpg','http://www.420magazine.com/forums/abandoned-journals/148343-my-first-grow-indoor-clone-w-diy-cfl-s-2.html','148343 my first grow indoor clone w diy cfl s 2.html','indoor grow kits diy'),
(350,'https://s-media-cache-ak0.pinimg.com/originals/c6/c3/1f/c6c31f4de4c92ea7f5e002c4441aac2f.jpg','https://www.pinterest.com/thepickinlady/aquaponics-more-aquaponics-under-gardening-tips-fi','aquaponics more aquaponics under gardening tips fi','indoor grow kits diy'),
(351,'http://cdn.homedit.com/wp-content/uploads/2011/09/plantable-green-project2.jpg','http://www.homedit.com/25-ways-of-including-indoor-plants-into-your-homes-decor','25 ways of including indoor plants into your homes decor','indoor grow kits diy'),
(352,'http://ssheltonimages.com/img/4f/4f1/Hydroponics_Growing_Best_of_Hydroponics_Grow_Box_Systems_Indoor_Gardening_LED_Grow_Lights.jpg','http://funny-quotes.picphotos.net/hydroponics-growing-system-how-to-build-a-homemade-diy-deep-water/fhulops.com*site*img*f*r*e*free-funny-videos.jpg','fhulops.com*site*img*f*r*e*free funny videos.jpg','indoor grow kits diy'),
(353,'https://fbcdn-sphotos-b-a.akamaihd.net/hphotos-ak-ash4/999753_10153161191685066_2089898030_n.jpg','http://emeraldandmay.blogspot.com/2013/06/diy-how-to-grow-herbs-indoors.html','diy how to grow herbs indoors.html','indoor grow kits diy'),
(354,'http://media.diyprojectsworld.com/wp-content/uploads/diy-mason-jar-oil-lamp.jpg','http://www.diyprojectsworld.com/how-to-make-a-beautiful-diy-mason-jar-oil-lamp-for-indoors-or-outdoors.html','how to make a beautiful diy mason jar oil lamp for indoors or outdoors.html','indoor grow kits diy'),
(355,'http://coolmomtech.com/wp-content/uploads/sites/2/2014/03/Click-and-Grow-Garden.jpg','http://coolmomtech.com/2014/03/indoor-herb-garden-click-and-grow','indoor herb garden click and grow','indoor grow kits diy'),
(356,'http://anonfed.com/wp-content/uploads/2014/12/Wall-Indoor-Herb-Garden-For-Indoor-Herb-Garden-ideas.jpg','http://anonfed.com/category/garden','garden','indoor grow kits diy'),
(357,'https://onelowell.net/g/2014/09/garden-outdoor-interior-garden-pond-design-ideas-indoor-garden-pond-design-creating-an-indoor-garden-ideas-creative-and-awesome-indoor-gardening-ideas-for-modern-home-indoor-japanese-garden.jpg','https://onelowell.net/date/2014/09','09','indoor grow kits diy'),
(358,'http://www.peachgarden.org/wp-content/uploads/2014/10/vegetable-garden-chic-container-vegetable-gardens-for-shade-container-vegetable-gardening-florida-container-vegetable-gardening-fall-container-vegetable-gardening-for-beginners-container-vegetabl.jpg','http://www.peachgarden.org/astonishing-indoor-vegetable-garden-during-winter','astonishing indoor vegetable garden during winter','indoor grow kits diy'),
(359,'http://www.iluvdiy.com/wp-content/uploads/2015/01/DIY-Lemon-Tree-from-Seeds-Indoors.jpg','http://www.iluvdiy.com/diy-lemon-tree-from-seeds-indoors','diy lemon tree from seeds indoors','indoor grow kits diy'),
(360,'http://www.lulusoso.com/upload/20120314/LED_indoor_grow_lighting_LED_Hydroponics_lighting.jpg','http://www.lulusoso.com/products/Diy-Indoor-Vertical-Hydroponics.html','Diy Indoor Vertical Hydroponics.html','indoor grow kits diy'),
(361,'http://img.wonderhowto.com/img/58/90/63475654177479/0/make-light-box-for-growing-seedlings-indoors.1280x600.jpg','http://gardening-guide.wonderhowto.com/how-to/make-light-box-for-growing-seedlings-indoors-239960','make light box for growing seedlings indoors 239960','indoor grow kits diy'),
(362,'http://farm4.staticflickr.com/3593/5694053639_640bcf3c34.jpg','http://www.plantingvegetables.net/how-to-grow-never-ending-green-onions','how to grow never ending green onions','indoor grow kits diy'),
(363,'http://www.gardenista.com/files/styles/733_0s/public/fields/hero%252520lily%2525202.jpg','http://www.gardenista.com/posts/field-guide-lily-of-the-valley','field guide lily of the valley','indoor grow kits diy'),
(364,'http://diy-gardensupplies.com/wp-content/uploads/2014/11/cashcrop40.jpg','http://diy-gardensupplies.com/hydroponics/dealzer-hydroponics-grow-system.html','dealzer hydroponics grow system.html','indoor grow kits diy'),
(365,'http://www.thedesignconfidential.com/sites/default/files/1Play-House-Dimensions.jpg','http://www.thedesignconfidential.com/diy/outdoor','outdoor','indoor grow kits diy'),
(366,'http://tracemypreps.com/wp-content/uploads/2012/04/all-thread-rods.jpg','http://www.gopixpic.com/640/thread-my-diy-canister-filter/http:%257C%257Cindianaquariumhobbyist*com%257Cgallery2%257Cd%257C22696-2%257Cspraybar-n-strainer*jpg','http:%257C%257Cindianaquariumhobbyist*com%257Cgallery2%257Cd%257C22696 2%257Cspraybar n strainer*jpg','indoor grow kits diy'),
(367,'http://www.gardenista.com/files/styles/733_0s/public/img/sub/uimg/01-2013/700_paperwhites-sprouting-in-glass-jars-9833-jpeg.jpg','http://gardenista.com/posts/diy-bottle-fed-paperwhites','diy bottle fed paperwhites','indoor grow kits diy'),
(368,'http://farm9.staticflickr.com/8207/8156499925_cfde6ba3e6_o.png','http://www.realfarmacy.com/6-vegetables-that-grow-indoors','6 vegetables that grow indoors','indoor grow kits diy'),
(369,'http://data.uncommongoods.com.edgesuite.net/images/newweb/product/18763_zoom1.jpg','http://www.cookingquidnunc.com/2011/09/diy-kits.html','diy kits.html','indoor grow kits diy'),
(370,'http://4.bp.blogspot.com/-XGyFrPEyfew/Uw08BRRerZI/AAAAAAAAAxc/spwUAMge70w/s1600/goodoverview.JPG','http://madloveorganix.blogspot.com/2014/02/growing-lettuce-indoors-with-aeroponic.html','growing lettuce indoors with aeroponic.html','indoor grow kits diy'),
(371,'http://removeandreplace.com/wp-content/uploads/2013/05/grow-romaine-lettuce.jpg','http://removeandreplace.com/2013/05/07/how-to-easily-re-grow-romaine-lettuce-from-a-stump-indoors','how to easily re grow romaine lettuce from a stump indoors','indoor grow kits diy'),
(372,'http://floragrubb.com/florasblog/wp-content/uploads/2011/11/grubb0810-017665_2947783738_o-e1350334992832.jpg','http://floragrubb.com/florasblog/?p%3D894','?p%3D894','indoor grow kits diy'),
(373,'http://4.bp.blogspot.com/-jtjSWyGF9PY/U1RY_Cg8bLI/AAAAAAAAM4U/VA5OcSu3WnU/s1600/20140327_100200.jpg','http://www.aluckyladybug.com/2014/04/zerosoil-mini-indoor-garden-review-and.html','zerosoil mini indoor garden review and.html','indoor grow kits diy'),
(374,'http://cdn.greenhousemegastore.com/images/uploads/9285_5364_popup.jpg','http://www.greenhousemegastore.com/product/indoor-seed-starter-plus/seed-starting-kits','seed starting kits','indoor grow kits diy'),
(375,'http://i.imgur.com/iWbaxgj.jpg','http://www.reddit.com/r/trees/comments/27pm1g/check_out_my_flat_plant_scrog_in_a_space_bucket_6','check_out_my_flat_plant_scrog_in_a_space_bucket_6','indoor grow kits diy'),
(376,'http://mommyfootprint.com/wp-content/uploads/2014/03/roll1.jpg','http://mommyfootprint.com/toilet-paper-seed-starter-diy','toilet paper seed starter diy','indoor grow kits diy'),
(377,'http://www.plowhearth.com/plow_assets/images/shop/catalog/52611x.jpg','http://www.tinasdynamichomeschoolplus.com/2013/11/23/50winterhomeschoolingactivities1','50winterhomeschoolingactivities1','indoor grow kits diy'),
(378,'http://julieblanner.com/wp-content/uploads/2014/12/copper-tealights.jpg','http://julieblanner.com/diy-copper-tealights','diy copper tealights','indoor grow kits diy'),
(379,'http://static1.squarespace.com/static/517fd415e4b01eeb7aead79b/t/54a444dce4b09c6fe3fcb38e/1420051678314/DIY%252BNew.png','http://growediblewalls.com','growediblewalls.com','indoor grow kits diy'),
(380,'http://www.gardenista.com/files/styles/733_0s/public/teak%252520window%252520box%252520from%252520above_0.jpg','http://www.gardenista.com/posts/urban-gardening-diy-shade-tolerant-windowsill-herbs-to-grow-in-your-apartment','urban gardening diy shade tolerant windowsill herbs to grow in your apartment','indoor grow kits diy'),
(381,'http://www.diyindoorgrow.com/wp-content/uploads/2014/06/UG_BA400ECO.jpg','http://www.diyindoorgrow.com/product-category/light-ballasts','light ballasts','indoor grow kits diy'),
(382,'http://waldenlabs.com/wp-content/uploads/2014/09/aerogarden-review.jpg','http://waldenlabs.com/windowfarms','windowfarms','indoor grow kits diy'),
(383,'http://www.thedesignconfidential.com/sites/default/files/1Play-House-Side-Rail.jpg','http://www.thedesignconfidential.com/diy/outdoor','outdoor','indoor grow kits diy'),
]