[(1,'<img src="http://cleverpinkpirate.com/wp-content/uploads/2012/02/DSC07488.jpg" style="width:300px">','http://cleverpinkpirate.com/2012/02/07/diy-love-sign','diy love sign','love sign diy'),
(2,'<img src="http://palletfurniturediy.com/wp-content/uploads/2014/05/pallet-love-wall-shelf-2.jpg" style="width:300px">','http://palletfurniturediy.com/pallet-shelves/diy-pallet-love-wall-shlelf','diy pallet love wall shlelf','love sign diy'),
(4,'<img src="http://blog.thelovenerds.com/wp-content/uploads/2014/02/valentines-day-decor.jpg" style="width:300px">','http://blog.thelovenerds.com/2014/01/love-sign-with-ombre-rose-heart.html','love sign with ombre rose heart.html','love sign diy'),
(5,'<img src="http://tietheknotsantorini.com/sites/default/files/sites/default/files/blogcontent/02_10_LOVESIGN.jpg" style="width:300px">','http://tietheknotsantorini.com/diy-love-signs','diy love signs','love sign diy'),
(9,'<img src="http://just2sisters.com/wp-content/uploads/2013/03/pallet-love.jpg" style="width:300px">','http://just2sisters.com/pallet-signs-love-diy-tutorial','pallet signs love diy tutorial','love sign diy'),
(10,'<img src="http://www.shelterness.com/pictures/romantic-diy-love-signs-to-excite-your-beloved2.jpg" style="width:300px">','http://www.shelterness.com/11-romantic-diy-love-signs-to-excite-your-beloved','11 romantic diy love signs to excite your beloved','love sign diy'),
(11,'<img src="https://img1.etsystatic.com/006/0/6860705/il_fullxfull.393375907_ialq.jpg" style="width:300px">','https://www.etsy.com/listing/114473518/love-sign-diy-wedding-decoration-wall','love sign diy wedding decoration wall','love sign diy'),
(12,'<img src="http://just2sisters.com/wp-content/uploads/2013/03/love-sign-6.jpg" style="width:300px">','http://just2sisters.com/pallet-signs-love-diy-tutorial','pallet signs love diy tutorial','love sign diy'),
(13,'<img src="http://4.bp.blogspot.com/-CceDzkM7gZQ/USOi0ldxipI/AAAAAAAAHnY/fAEbmMZOZF0/s1600/love%252Bsign%252Bcollage%252B01a.jpg" style="width:300px">','http://www.simplydesigning.net/diy-love-sign','diy love sign','love sign diy'),
(14,'<img src="http://2.bp.blogspot.com/-BJmNt_Vw1mY/USOiq8QnejI/AAAAAAAAHnI/H9fR8OoCwhU/s1600/love%252B01a.jpg" style="width:300px">','http://www.simplydesigning.net/diy-love-sign','diy love sign','love sign diy'),
(15,'<img src="http://www.sasinteriors.net/wp-content/uploads/2013/01/DIY_Love-Wooden-Sign.jpg" style="width:300px">','http://www.jennaburger.com/2013/01/love-connection-wood-sign','love connection wood sign','love sign diy'),
(16,'<img src="http://1.bp.blogspot.com/-oLgdOv0zh4Y/VLnYxSw2YiI/AAAAAAAAGxA/IgMpNWICQGE/s1600/diy%25252Blove%25252Bsign.jpg" style="width:300px">','http://www.meatloafandmelodrama.com/2015/01/easy-diy-love-sign.html','easy diy love sign.html','love sign diy'),
(17,'<img src="http://4.bp.blogspot.com/-Yt137X74qGs/URptuOsus1I/AAAAAAAAAkg/wYlWci3Zc_4/s1600/love%252Bsign.jpg" style="width:300px">','http://517creations.blogspot.com/2013/02/diy-love-hand-and-footprints.html','diy love hand and footprints.html','love sign diy'),
(18,'<img src="http://palletfurniturediy.com/wp-content/uploads/2014/05/pallet-love-wall-shelf-1.jpg" style="width:300px">','http://palletfurniturediy.com/pallet-shelves/diy-pallet-love-wall-shlelf','diy pallet love wall shlelf','love sign diy'),
(19,'<img src="http://thehappyhousie.com/wp-content/uploads/2014/01/Valentines-Day-Mantel-with-DIY-Ombre-Pallet-Sign-and-string-art-heart-at-The-Happy-Housie-1024x682.jpg" style="width:300px">','http://thehappyhousie.com/diy-ombre-love-pallet-sign-on-our-valentines-day-mantel','diy ombre love pallet sign on our valentines day mantel','love sign diy'),
(20,'<img src="http://thehappyhousie.com/wp-content/uploads/2014/01/Valentines-Day-Mantel-with-DIY-Ombre-Pallet-Sign-at-The-Happy-Housie-792x1024.jpg" style="width:300px">','http://thehappyhousie.com/diy-ombre-love-pallet-sign-on-our-valentines-day-mantel','diy ombre love pallet sign on our valentines day mantel','love sign diy'),
(24,'<img src="http://www.myanythingandeverything.com/wp-content/uploads/2015/01/LoveSign-2_pin.jpg" style="width:300px">','http://www.myanythingandeverything.com/diy-love-sign-guest-post-making-mountains','diy love sign guest post making mountains','love sign diy'),
(25,'<img src="http://blog.thelovenerds.com/wp-content/uploads/2014/10/Fall-Decor-2.jpg" style="width:300px">','http://blog.thelovenerds.com/2014/10/diy-fall-decor-signs.html','diy fall decor signs.html','love sign diy'),
(26,'<img src="http://3.bp.blogspot.com/-ZH9vJqP0tZE/VLnY9rMQKaI/AAAAAAAAGxQ/Ug2gPw6Wlro/s1600/love%25252Bsign2%25252B.jpg" style="width:300px">','http://www.meatloafandmelodrama.com/2015/01/easy-diy-love-sign.html','easy diy love sign.html','love sign diy'),
(28,'<img src="http://4.bp.blogspot.com/-7BNyeqrxklI/VLnY41HEv7I/AAAAAAAAGxI/JA9PLnATujY/s1600/love%25252Bsign1.jpg" style="width:300px">','http://www.meatloafandmelodrama.com/2015/01/easy-diy-love-sign.html','easy diy love sign.html','love sign diy'),
(30,'<img src="http://4.bp.blogspot.com/-6D5-pG6lI3s/UZhExJryKLI/AAAAAAAAJYE/hjw_EzL-jgw/s1600/Wedding-Day-Family-Sign-1.jpg" style="width:300px">','http://lovegrowswild.com/2013/05/how-to-create-a-diy-family-sign-with-your-wedding-date','how to create a diy family sign with your wedding date','love sign diy'),
(32,'<img src="http://2.bp.blogspot.com/-aGrS-9SDruA/Tq3kN5slGtI/AAAAAAAAFbc/1qVZ6QeX0B8/s1600/Sign10.jpg" style="width:300px">','http://www.tenjuneblog.com/2011/10/living-room-tweak-list-diy-wall-sign.html','living room tweak list diy wall sign.html','love sign diy'),
(33,'<img src="http://i1230.photobucket.com/albums/ee491/tmknott611/ChickenSandwichandDIY2.jpg" style="width:300px">','http://www.tiedtheknott.com/2012/06/diy-love-sign.html','diy love sign.html','love sign diy'),
(35,'<img src="http://101pallets.com/wp-content/uploads/2014/03/diy-pallet-love-sign-board-2.jpg" style="width:300px">','http://101pallets.com/pallet-ideas/diy-pallet-love-sign-board','diy pallet love sign board','love sign diy'),
(36,'<img src="http://1.bp.blogspot.com/-YbJ8t4uV4uI/USOisZADRHI/AAAAAAAAHnQ/39XXevtSFtU/s1600/love%252B02a.jpg" style="width:300px">','http://www.simplydesigning.net/diy-love-sign','diy love sign','love sign diy'),
(37,'<img src="http://cherishedbliss.com/wp-content/uploads/2013/11/Joy-Sign-copy1.jpg" style="width:300px">','http://lovegrowswild.com/2013/11/diy-mini-chalkboard-joy-sign','diy mini chalkboard joy sign','love sign diy'),
(38,'<img src="http://seecatecreate.com/wp-content/uploads/2013/09/LoveMarquee-052.jpg" style="width:300px">','http://seecatecreate.com/diy-vintage-light-up-marqueelove-sign','diy vintage light up marqueelove sign','love sign diy'),
(39,'<img src="http://3.bp.blogspot.com/-E_OEgflAc7s/VFU8MwMBHaI/AAAAAAAAGXw/AghgvIEkwRA/s1600/transferring%25252Btext%25252Bto%25252Bwood,%25252Bdiy%25252Bscrap%25252Bwood%25252Bsign.jpg" style="width:300px">','http://www.restorationbeauty.com/2014/11/diy-market-scrap-wood-sign-and-easy.html','diy market scrap wood sign and easy.html','love sign diy'),
(41,'<img src="http://www.week99er.com/uploads/2/9/4/8/2948871/3413681_orig.jpg" style="width:300px">','http://www.week99er.com/new/diy-valentines-decoration-glittered-love-sign','diy valentines decoration glittered love sign','love sign diy'),
(42,'<img src="http://3.bp.blogspot.com/-mRsFDAsTLNU/VLi8x83745I/AAAAAAAAJg0/rEjLzCDJ1Hg/s1600/LOVE-banner.jpg" style="width:300px">','http://www.tellloveandchocolate.com/2015/01/tell-diy-valentine-sign.html','tell diy valentine sign.html','love sign diy'),
(43,'<img src="http://lovegrowswild.com/wp-content/uploads/2014/09/DIY-Fall-Chalkboard-Sign-4.jpg" style="width:300px">','http://lovegrowswild.com/2014/09/diy-chalkboard-sign','diy chalkboard sign','love sign diy'),
(45,'<img src="http://www.howtoinstructions.org/wp-content/uploads/2013/09/How-to-make-lovely-sign-boards-step-by-step-DIY-tutorial-instructions-400x2089.jpg" style="width:300px">','http://www.howtoinstructions.org/how-to-make-lovely-sign-boards-step-by-step-diy-tutorial-instructions','how to make lovely sign boards step by step diy tutorial instructions','love sign diy'),
(46,'<img src="http://www.diyinspired.com/wp-content/uploads/2014/02/stencil-marquee-sign-tutorial-.jpg" style="width:300px">','http://www.diyinspired.com/diy-marquee-sign','diy marquee sign','love sign diy'),
(47,'<img src="http://jamiezanotti.com/wp-content/uploads/2013/03/IMG_6829p2.jpg" style="width:300px">','http://www.jamiezanotti.com/diy-toy-crate','diy toy crate','love sign diy'),
(48,'<img src="http://blog.thelovenerds.com/wp-content/uploads/2013/08/Kunstler-Reception-12.jpg" style="width:300px">','http://blog.thelovenerds.com/2013/08/diy-wedding-guest-book-plate.html','diy wedding guest book plate.html','love sign diy'),
(49,'<img src="http://1.bp.blogspot.com/-VoIs2DYwjUc/UdHbHv3o-dI/AAAAAAAAK-g/jaMaH19Jiuw/s1127/DIY-Market-Fresh-Kitchen-Sign-11.png" style="width:300px">','http://lovegrowswild.com/2013/07/diy-market-fresh-rustic-wood-kitchen-sign','diy market fresh rustic wood kitchen sign','love sign diy'),
(50,'<img src="http://2.bp.blogspot.com/-pDD_VN-3vpQ/USUuw8I6_eI/AAAAAAAAHqg/Gx5sI169XM4/s1600/together-is-our-favorite-place-to-be-11a.jpg" style="width:300px">','http://www.simplydesigning.net/pallet-style-diy-sign-together-is-our','pallet style diy sign together is our','love sign diy'),
(51,'<img src="http://thebridaldetective.com/wp-content/uploads/2012/07/diy-light-up-signs.png" style="width:300px">','http://thebridaldetective.com/light-up-your-love-with-vintage-lights','light up your love with vintage lights','love sign diy'),
(52,'<img src="http://fancyfrugallife.com/wp-content/uploads/2013/08/DIY-Pallet-Sign-for-bedroom.jpg" style="width:300px">','http://fancyfrugallife.com/diy-hand-painted-rustic-wood-sign-for-the-bedroom','diy hand painted rustic wood sign for the bedroom','love sign diy'),
(53,'<img src="http://2beesinapod.com/wp-content/uploads/2014/12/Rustic-DIY-Merry-Christmas-Handpainted-Sign-2.jpg" style="width:300px">','http://2beesinapod.com/2014/12/08/diy-rustic-merry-christmas-sign','diy rustic merry christmas sign','love sign diy'),
(54,'<img src="http://www.icuaw.com/wp-content/uploads/2014/08/interior-design-diy-madame-love-lovely-and-simple-diy-love-sign.jpg" style="width:300px">','http://www.icuaw.com/lovely-and-simple-diy-love-sign/giant-distressed-fall-sign-love-grows-wild','giant distressed fall sign love grows wild','love sign diy'),
(55,'<img src="http://s3.weddbook.com/t1/2/0/8/2081550/cute-diy-threaded-love-sign-for-your-wedding-decor-weddingomania.jpg" style="width:300px">','http://weddbook.com/entry/2081550/cute-diy-threaded-love-sign-for-your-wedding-decor-weddingomania','cute diy threaded love sign for your wedding decor weddingomania','love sign diy'),
(56,'<img src="http://worldinsidepictures.com/wp-content/uploads/2014/01/1337.jpg" style="width:300px">','http://worldinsidepictures.com/23-romantic-valentines-day-diy-love-signs','23 romantic valentines day diy love signs','love sign diy'),
(57,'<img src="http://petticoatjunktion.com/wp-content/uploads/2014/01/Hometalk-Love-Sign-Graphic-Petticoat-Junktion-Clipboard1.jpg" style="width:300px">','http://petticoatjunktion.com/signs-2/20-awesome-diy-love-signs','20 awesome diy love signs','love sign diy'),
(58,'<img src="http://1.bp.blogspot.com/-q8AlphdCJmE/T9fFBCNY26I/AAAAAAAAFHs/5FNVzehERWQ/s1600/love%252Bsign_edited-1.jpg" style="width:300px">','http://www.meadowlakeroad.com/diy-projects/diy-wooden-love-sign','diy wooden love sign','love sign diy'),
(59,'<img src="https://poshrepurposing.files.wordpress.com/2015/01/img_2841.jpg" style="width:300px">','http://poshrepurposing.com/2015/01/04/diy-repurposing-state-love-wooden-sign','diy repurposing state love wooden sign','love sign diy'),
(60,'<img src="http://4.bp.blogspot.com/-U6GXANfVcYs/UdHbMugAbkI/AAAAAAAAK-s/pUXqP62v2fI/s900/DIY-Market-Fresh-Kitchen-Sign-1.jpg" style="width:300px">','http://lovegrowswild.com/2013/07/diy-market-fresh-rustic-wood-kitchen-sign','diy market fresh rustic wood kitchen sign','love sign diy'),
(62,'<img src="http://www.bespoke-bride.com/wp-content/uploads/2014/09/All-You-Need-Is-Love-Sign-DIY-Tutorial.jpg" style="width:300px">','http://www.bespoke-bride.com/2014/09/03/31-diy-decor-ideas-for-your-wedding','31 diy decor ideas for your wedding','love sign diy'),
(64,'<img src="http://yuppielove.org/wp-content/uploads/2012/10/detail1.jpg" style="width:300px">','http://yuppielove.org/2012/10/19/diy-oh-my-sign','diy oh my sign','love sign diy'),
(66,'<img src="http://3.bp.blogspot.com/-DxDJCXpSJO4/UPikNnPyeVI/AAAAAAAAesE/hIhSL9LbuXk/s1600/YourRetailHelper%252BLove%252BLetters%252BDIY%252B1.jpeg" style="width:300px">','http://yourretailhelper.blogspot.com/2014/01/diy-valentines-day-projects-sparkle-gem.html','diy valentines day projects sparkle gem.html','love sign diy'),
(67,'<img src="http://www.icuaw.com/wp-content/uploads/2014/08/interior-design-easy-diy-ornaments-from-household-items-love-from-ginger-lovely-and-simple-diy-love-sign.jpg" style="width:300px">','http://www.icuaw.com/lovely-and-simple-diy-love-sign/easy-diy-ornaments-from-household-items-love-from-ginger','easy diy ornaments from household items love from ginger','love sign diy'),
(68,'<img src="http://3.bp.blogspot.com/-xG7TnDa31wg/UvlYANxdS7I/AAAAAAAAFJI/jVJIUiTX5rg/s1600/131.jpg" style="width:300px">','http://runningwithagluegun.blogspot.com/2014/02/love-sign-diy.html','love sign diy.html','love sign diy'),
(69,'<img src="http://www.uniongrovedesign.com/wp-content/uploads/2014/03/imagejpeg_2.jpg" style="width:300px">','http://www.uniongrovedesign.com/diy-projects','diy projects','love sign diy'),
(70,'<img src="http://4.bp.blogspot.com/-A0LllPubAh4/Uvz7lAc0qTI/AAAAAAAABVE/uqIJcu6vL8Y/s1600/IMG_5325.JPG" style="width:300px">','http://burlapandbananas.blogspot.com/2014/02/diy-wood-love-sign.html','diy wood love sign.html','love sign diy'),
(71,'<img src="http://1.bp.blogspot.com/-UakCkfBT7w4/TrvE550tRUI/AAAAAAAAE9A/P-jYEDgGnEQ/s1600/DIY%252BWedding%252BRustic%252BChic%252BWood%252BSigns%252B003.jpg" style="width:300px">','http://loveoffamilyandhome.net/2011/11/diy-wooden-wedding-signs.html','diy wooden wedding signs.html','love sign diy'),
(72,'<img src="http://i.ytimg.com/vi/F5Ao_66JNsY/maxresdefault.jpg" style="width:300px">','http://www.youtube.com/watch?v%3DF5Ao_66JNsY','watch?v%3DF5Ao 66JNsY','love sign diy'),
(73,'<img src="http://www.sohosonnet.com/wp-content/uploads/2014/02/LOVE-SIGN-CRAFT-SPOT-3.jpg" style="width:300px">','http://mycraftyspot.com/gold-glitter-and-felt-rosette-love-sign','gold glitter and felt rosette love sign','love sign diy'),
(76,'<img src="http://www.landeeseelandeedo.com/wp-content/uploads/2015/01/DIY-Valentines-Day-Sign.jpg" style="width:300px">','http://eighteen25.blogspot.com/2015/01/diy-valentines-day-sign.html','diy valentines day sign.html','love sign diy'),
(77,'<img src="http://bekindandsmileoften.files.wordpress.com/2014/02/img_9963.jpg" style="width:300px">','http://bekindandsmileoften.com/2014/02/03/diy-marquee-love-sign','diy marquee love sign','love sign diy'),
(80,'<img src="https://lh5.googleusercontent.com/-ilGu2N-cv0E/TYeH65ma1PI/AAAAAAABExI/2nN56YQwyTY/s1600/Papermash%252BStationery%252BBefore%252Bthe%252BBig%252BDay%252BWedding%252BBlog%252BUK.jpg" style="width:300px">','http://www.beforethebigday.co.uk/2011/04/fun-heart-themed-wedding-stationery.html','fun heart themed wedding stationery.html','love sign diy'),
(81,'<img src="http://lovegrowswild.com/wp-content/uploads/2014/05/DIY-Script-Canvas-Art-9.jpg" style="width:300px">','http://lovegrowswild.com/2014/05/diy-canvas-script-art','diy canvas script art','love sign diy'),
(82,'<img src="https://sosweetcollective.files.wordpress.com/2013/01/yarn-word-love.jpg" style="width:300px">','https://sosweetcollective.wordpress.com/2013/01/30/be-my-diy-valentine','be my diy valentine','love sign diy'),
(83,'<img src="http://media-cache-ec0.pinimg.com/736x/fc/46/7b/fc467b1e1fc96d622f0629fe32f5393f.jpg" style="width:300px">','http://www.pinterest.com/pin/166492517449257419','166492517449257419','love sign diy'),
(84,'<img src="http://1.bp.blogspot.com/-hFmVGZSiWGA/USUuoJQ70CI/AAAAAAAAHpY/fSWy1zNyN5g/s1600/together-is-our-favorite-place-to-be-01a.jpg" style="width:300px">','http://www.simplydesigning.net/pallet-style-diy-sign-together-is-our','pallet style diy sign together is our','love sign diy'),
(85,'<img src="http://3.bp.blogspot.com/-ks21ALre8AI/UZhEyeQ6EkI/AAAAAAAAJYo/kbskjOr6tfs/s1600/Wedding-Day-Family-Sign-13.jpg" style="width:300px">','http://lovegrowswild.com/2013/05/how-to-create-a-diy-family-sign-with-your-wedding-date','how to create a diy family sign with your wedding date','love sign diy'),
(87,'<img src="http://blog.canvascorpbrands.com/wp-content/uploads/2014/11/DIY-Wooden-Sign-Thanksgiving2.jpg" style="width:300px">','http://blog.canvascorpbrands.com/diy-wooden-thanksgiving-sign','diy wooden thanksgiving sign','love sign diy'),
(88,'<img src="http://1.bp.blogspot.com/-DeTohugYerE/UvF7wqiQ4vI/AAAAAAAABIA/f8LGKa7dpTk/s1600/DIY%252BLove%252BSign%252Btitle.jpg" style="width:300px">','http://snaps-of-ginger.blogspot.com/2014/02/pottery-barn-inspired-love-sign.html','pottery barn inspired love sign.html','love sign diy'),
(89,'<img src="https://s-media-cache-ak0.pinimg.com/736x/ff/c5/77/ffc57770bcd202ac7f44af1881168ae5.jpg" style="width:300px">','https://www.pinterest.com/pin/46654546114314210','46654546114314210','love sign diy'),
(94,'<img src="http://apopofpretty.com/wp-content/uploads/2012/04/DSC_1192-680x1024.jpg" style="width:300px">','http://apopofpretty.com/giant-laundry-room-sign-tutorial-endless-love-laundry-free-printable','giant laundry room sign tutorial endless love laundry free printable','love sign diy'),
(95,'<img src="http://4.bp.blogspot.com/-SMAZjkB3gJI/VLi8yMTSqrI/AAAAAAAAJg4/tBXKhoxzCMg/s1600/Love-valentine-day-sign.jpg" style="width:300px">','http://www.tellloveandchocolate.com/2015/01/tell-diy-valentine-sign.html','tell diy valentine sign.html','love sign diy'),
(96,'<img src="http://www.icuaw.com/wp-content/uploads/2014/08/interior-design-diy-make-lovely-bookmarks-for-kids-lovely-and-simple-diy-love-sign.jpg" style="width:300px">','http://www.icuaw.com/lovely-and-simple-diy-love-sign','lovely and simple diy love sign','love sign diy'),
(97,'<img src="http://apopofpretty.com/wp-content/uploads/2012/04/DSC_1177-1024x827.jpg" style="width:300px">','http://apopofpretty.com/giant-laundry-room-sign-tutorial-endless-love-laundry-free-printable','giant laundry room sign tutorial endless love laundry free printable','love sign diy'),
(98,'<img src="http://www.pointerior.com/images/a-creative-diy-wooden-american-flag-sign-decoration-celebrating-independence-day-memorial-day.jpg" style="width:300px">','http://www.pointerior.com/american-flag-decoration/a-creative-diy-wooden-american-flag-sign-decoration-celebrating-independence-day-memorial-day','a creative diy wooden american flag sign decoration celebrating independence day memorial day','love sign diy'),
(99,'<img src="http://searosecottage.com/wp-content/uploads/2013/05/Wood_Lobster.jpg" style="width:300px">','http://searosecottage.com/2013/05/lobster-anyone','lobster anyone','love sign diy'),
(100,'<img src="http://seecatecreate.com/wp-content/uploads/2013/09/lovemarqueecollage1.jpg" style="width:300px">','http://seecatecreate.com/diy-vintage-light-up-marqueelove-sign','diy vintage light up marqueelove sign','love sign diy'),
(101,'<img src="http://creativedominican.files.wordpress.com/2013/09/diy-large-sign9.jpg" style="width:300px">','http://www.creativedominican.com/tag/diy-sign','diy sign','love sign diy'),
(104,'<img src="http://i1.wp.com/www.playlearnlove.com/wp-content/uploads/2014/01/HelloKittyPartySignCollage.jpg" style="width:300px">','http://www.playlearnlove.com/2014/01/hello-kitty-party-signs.html','hello kitty party signs.html','love sign diy'),
(106,'<img src="http://lovegrowswild.com/wp-content/uploads/2014/01/Key-to-my-Heart-Rustic-Wood-Sign-final.png" style="width:300px">','http://lovegrowswild.com/2014/01/key-to-my-heart-rustic-wood-sign','key to my heart rustic wood sign','love sign diy'),
(107,'<img src="http://www.diyinspired.com/wp-content/uploads/2014/02/globe-string-light-for-marquee-sign.jpg" style="width:300px">','http://www.diyinspired.com/diy-marquee-sign','diy marquee sign','love sign diy'),
(108,'<img src="http://greylustergirl.com/wp-content/uploads/2014/09/DIY-Wooden-Thanksgiving-Sign_Thankful.jpg" style="width:300px">','http://greylustergirl.com/diy-double-sided-holiday-sign','diy double sided holiday sign','love sign diy'),
(111,'<img src="http://thekatekeeper.files.wordpress.com/2013/11/20131118-221826.jpg" style="width:300px">','http://thekatekeeper.com/tag/diy-glitter-banner-sign','diy glitter banner sign','love sign diy'),
(112,'<img src="http://3.bp.blogspot.com/-Ia51IC4vgH0/Ui9v216gfQI/AAAAAAAAM98/ORnGbaXQKWo/s1600/Giant-Distressed-Fall-Sign-6.jpg" style="width:300px">','http://lovegrowswild.com/2013/09/giant-distressed-fall-sign','giant distressed fall sign','love sign diy'),
(113,'<img src="http://www.thehappyscraps.com/wp-content/uploads/2014/04/DIY-Aloha-Sign.jpg" style="width:300px">','http://www.thehappyscraps.com/2014/01/diy-aloha-sign.html','diy aloha sign.html','love sign diy'),
(114,'<img src="https://img1.etsystatic.com/000/0/6555884/il_fullxfull.309412685.jpg" style="width:300px">','https://www.etsy.com/market/diy_wall_hanging','diy wall hanging','love sign diy'),
(115,'<img src="http://spoonfulofimagination.com/wp-content/uploads/2014/01/DIY_love_sign-1024x550.jpg" style="width:300px">','http://spoonfulofimagination.com/love-easy-sign-tutorial','love easy sign tutorial','love sign diy'),
(116,'<img src="http://www.pinkous.com/wp-content/uploads/2014/01/giant-love-sign-at-tatertots-and-jello.jpg" style="width:300px">','http://www.pinkous.com/diy-ideas/make-a-giant-valentine-typographic-sign-for-beneath-10.html','make a giant valentine typographic sign for beneath 10.html','love sign diy'),
(117,'<img src="http://media-cache-ec0.pinimg.com/736x/f0/ce/05/f0ce0598805a043857863ef7ce6a40d5.jpg" style="width:300px">','http://www.pinterest.com/pin/484629609873397850','484629609873397850','love sign diy'),
(118,'<img src="https://s-media-cache-ak0.pinimg.com/736x/55/71/2b/55712bd649c57fe32d28495b8ef58c9b.jpg" style="width:300px">','https://www.pinterest.com/pin/385902261793040022','385902261793040022','love sign diy'),
(119,'<img src="http://somethingturquoise.com/wp-content/uploads/2013/09/ST_DIY_hotel_door_sign_mr_mrs_just_married.jpg" style="width:300px">','http://somethingturquoise.com/2013/09/17/newlywed-hotel-door-sign','newlywed hotel door sign','love sign diy'),
(121,'<img src="http://2.bp.blogspot.com/-WeDGcGw3wHk/U0bqjSHtRsI/AAAAAAAAN5k/gHRq1QOxGTI/s1600/Turquoise%252Bbirds%252Bwhite%252Bpolka%252Bdot%252Bgirl%252Bbaby%252Bnursery%252Bname%252Bsign%252BDIY%252Bhand%252Bpainted.jpg" style="width:300px">','http://www.serendipityrefined.com/2014/04/diy-canvas-name-sign-nursery-wall-art.html','diy canvas name sign nursery wall art.html','love sign diy'),
(122,'<img src="http://pulpsushi.typepad.com/.a/6a00d83452c37169e2017744ce27a9970d-pi" style="width:300px">','http://www.pulpsushi.com/2012/09/diy-tutorial-920.html','diy tutorial 920.html','love sign diy'),
(124,'<img src="http://seoulinthemagiccity.files.wordpress.com/2014/06/20140607-111401-40441402.jpg" style="width:300px">','http://seoulinthemagiccity.com/2014/06/07/state-map-wood-sign-diy','state map wood sign diy','love sign diy'),
(125,'<img src="http://www.thehappierhomemaker.com/wp-content/uploads/2014/06/ombre-beach-sign-diy-485x1024.jpg" style="width:300px">','http://www.thehappierhomemaker.com/2014/06/diy-ombre-wood-shim-sign','diy ombre wood shim sign','love sign diy'),
(126,'<img src="http://4.bp.blogspot.com/-SWTR_XV61J4/Uu03ocwcFDI/AAAAAAAAJ5E/Czy8Aq6PfCI/s1600/20140201_100309%2525231.jpg" style="width:300px">','http://bemusedsheninejoon.blogspot.com/2014/02/diy-globe-light-love-sign.html','diy globe light love sign.html','love sign diy'),
(127,'<img src="http://www.pinkous.com/wp-content/uploads/2014/01/giant-love-sign-at-tatertots-and-jello-valentines-day.jpg" style="width:300px">','http://www.pinkous.com/diy-ideas/make-a-giant-valentine-typographic-sign-for-beneath-10.html','make a giant valentine typographic sign for beneath 10.html','love sign diy'),
(128,'<img src="http://3.bp.blogspot.com/-5SXP6X-EAyo/Ux5rNFoh2pI/AAAAAAAAGMA/QlynE_CkfoY/s1600/seatsigns.jpg" style="width:300px">','http://www.foodlovehappiness.com/2014/03/diy-wedding-seat-signs.html','diy wedding seat signs.html','love sign diy'),
(129,'<img src="http://2beesinapod.com/wp-content/uploads/2014/06/Image-1.jpg" style="width:300px">','http://2beesinapod.com/2014/06/24/diy-rustic-sign-made-from-fence-post-and-rope','diy rustic sign made from fence post and rope','love sign diy'),
(133,'<img src="http://just2sisters.com/wp-content/uploads/2013/03/love-sign-2.jpg" style="width:300px">','http://just2sisters.com/pallet-signs-love-diy-tutorial','pallet signs love diy tutorial','love sign diy'),
(135,'<img src="http://bekindandsmileoften.files.wordpress.com/2014/02/img_9909.jpg" style="width:300px">','http://bekindandsmileoften.com','bekindandsmileoften.com','love sign diy'),
(136,'<img src="http://3.bp.blogspot.com/-1iyO0Z-1GLM/URljkX9sfvI/AAAAAAAAAh8/GUDjA-mHqjw/s1600/love1.jpg" style="width:300px">','http://517creations.blogspot.com/2013/02/diy-love-hand-and-footprints.html','diy love hand and footprints.html','love sign diy'),
(137,'<img src="http://www.domestically-speaking.com/wp-content/uploads/2014/10/DIY-Painted-Gather-Wood-Sign-7.jpg" style="width:300px">','http://www.domestically-speaking.com/2014/11/diy-gather-wood-painted-sign.html','diy gather wood painted sign.html','love sign diy'),
(138,'<img src="http://brassandwhatnots.com/wp-content/uploads/2014/02/Love-sign.jpg" style="width:300px">','http://brassandwhatnots.com/last-minute-valentines-day-round-up','last minute valentines day round up','love sign diy'),
(140,'<img src="https://farm6.staticflickr.com/5317/13928066289_01832fdcec_z.jpg" style="width:300px">','http://www.ihanna.nu/postcard-swap','postcard swap','love sign diy'),
(141,'<img src="http://www.iheartnaptime.net/wp-content/uploads/2014/06/DIY-Garden-Marker-Signs-3.jpg" style="width:300px">','http://www.iheartnaptime.net/diy-garden-marker-signs','diy garden marker signs','love sign diy'),
(143,'<img src="https://simplysusane.files.wordpress.com/2014/12/img_7443.jpg" style="width:300px">','https://simplysusane.wordpress.com','simplysusane.wordpress.com','love sign diy'),
(144,'<img src="http://abeautifulmess.typepad.com/.a/6a00d8358081ff69e2019b02412216970d-800wi" style="width:300px">','http://www.abeautifulmess.com/2013/12/christmas-light-up-marquee-diy.html','christmas light up marquee diy.html','love sign diy'),
(145,'<img src="http://2.bp.blogspot.com/-EtQPwrMajJ0/UZhEzgUFp_I/AAAAAAAAJZE/tvcTchW7MHw/s1600/Wedding-Day-Family-Sign-5.jpg" style="width:300px">','http://lovegrowswild.com/2013/05/how-to-create-a-diy-family-sign-with-your-wedding-date','how to create a diy family sign with your wedding date','love sign diy'),
(146,'<img src="http://partypatisserie.com/wp-content/uploads/2012/06/IMG_0623.jpg" style="width:300px">','http://partypatisserie.com/2012/06/diy-napkin-flower-poms','diy napkin flower poms','love sign diy'),
(148,'<img src="http://1.bp.blogspot.com/-k3AuQGIck6k/UqUz4KBeJqI/AAAAAAAARtk/tttdqg6Al84/s1600/DIY%252BJOY%252BChristmas%252BSign%252Bmade%252Bwith%252Bstraws.jpg" style="width:300px">','http://www.curvatude.com/2013/12/luxaholic-decking-halls-diy-joy-sign.html','luxaholic decking halls diy joy sign.html','love sign diy'),
(149,'<img src="http://media-cache-ec0.pinimg.com/736x/17/27/33/17273314f245feb26f5dc347c7f1252b.jpg" style="width:300px">','http://www.pinterest.com/pin/243264817346161399','243264817346161399','love sign diy'),
(150,'<img src="http://4.bp.blogspot.com/-CnJC8gPNudg/TxyQUYGlHNI/AAAAAAAABFY/bshmexZuYyA/s1600/LOVE%252BBURLAP1.jpg" style="width:300px">','http://wonderfullymadebyleslie.blogspot.com/2012/01/diy-love-burlap-sign.html','diy love burlap sign.html','love sign diy'),
(151,'<img src="http://www.love-the-day.com/lovetheday/wordpress/wp-content/uploads/2014/10/DIY-Foam-Signs.jpg" style="width:300px">','http://www.love-the-day.com/lovetheday/wordpress/diy-christmas-ornament','diy christmas ornament','love sign diy'),
(152,'<img src="https://img1.etsystatic.com/026/1/5404943/il_fullxfull.588935603_ax8y.jpg" style="width:300px">','https://www.etsy.com/market/love_is_an_open_door','love is an open door','love sign diy'),
(153,'<img src="http://3.bp.blogspot.com/-W9Tsv4rv-FU/Ui9wBo636rI/AAAAAAAAM-U/RIHQnRLpy_A/s1600/Giant-Distressed-Fall-Sign-7.jpg" style="width:300px">','http://lovegrowswild.com/2013/09/giant-distressed-fall-sign','giant distressed fall sign','love sign diy'),
(154,'<img src="http://jenwoodhouse.com/blog/wp-content/uploads/2014/07/evelyn_namesign_pinterest-584x1024.jpg" style="width:300px">','http://jenwoodhouse.com/blog/2014/07/30/diy-custom-wood-signs','diy custom wood signs','love sign diy'),
(155,'<img src="http://doyledispatch.com/wp-content/uploads/2013/11/IMG_5722.jpg" style="width:300px">','http://doyledispatch.com/2013/11/09/diy-sign-give-thanksmerry-mail','diy sign give thanksmerry mail','love sign diy'),
(156,'<img src="http://jenwoodhouse.com/blog/wp-content/uploads/2014/07/wood_sign_01.jpg" style="width:300px">','http://jenwoodhouse.com/blog/2014/07/30/diy-custom-wood-signs','diy custom wood signs','love sign diy'),
(157,'<img src="http://www.armommy.com/wp-content/uploads/2013/01/love-banner-2.jpg" style="width:300px">','http://www.thecraftedsparrow.com/2013/02/18-great-diy-love-signs.html','18 great diy love signs.html','love sign diy'),
(158,'<img src="http://2.bp.blogspot.com/-eImxAc3fkX4/T9JOwqYPG1I/AAAAAAAAxVQ/kWC8kPljLao/s1600/100_8352.jpg" style="width:300px">','http://www.bonitarose.com/2012/06/diy-beach-sign.html','diy beach sign.html','love sign diy'),
(159,'<img src="http://savedbylovecreations.com/wp-content/uploads/2014/01/Love-SignCutFile.jpg" style="width:300px">','http://savedbylovecreations.com/2014/01/diy-handpainted-sign-free-printable-template.html','diy handpainted sign free printable template.html','love sign diy'),
(160,'<img src="http://www.bloominghomestead.com/wp-content/uploads/2014/11/Winter-Woodland-Sign-copy.jpg" style="width:300px">','http://www.bloominghomestead.com/2014/11/diy-winter-woodland-sign-giveaway.html','diy winter woodland sign giveaway.html','love sign diy'),
(161,'<img src="http://2.bp.blogspot.com/-Z9yg0hLHEuY/T8d-p_E2oZI/AAAAAAAADiU/oVRLbGFlVgQ/s1600/DIY%252BProject.JPG" style="width:300px">','http://www.tiedtheknott.com/2012/06/diy-love-sign.html','diy love sign.html','love sign diy'),
(162,'<img src="http://img2.duitang.com/uploads/item/201205/21/20120521210442_TANhS.jpeg" style="width:300px">','http://www.thecraftedsparrow.com/2013/02/18-great-diy-love-signs.html','18 great diy love signs.html','love sign diy'),
(163,'<img src="http://www.infarrantlycreative.net/wp-content/uploads/2014/07/HugeDIYChalkboard_thumb.jpg" style="width:300px">','http://www.infarrantlycreative.net/oversized-diy-chalkboard-sign','oversized diy chalkboard sign','love sign diy'),
(164,'<img src="http://thisisourbliss.files.wordpress.com/2014/03/img_3194.jpg" style="width:300px">','http://thisisourbliss.com/category/home-tour','home tour','love sign diy'),
(165,'<img src="http://2.bp.blogspot.com/-quZIUDot2oc/TzIi-5iPj_I/AAAAAAAAAJQ/OtMYaIGGfQ0/s1600/draft.jpg" style="width:300px">','http://hermiaswishes.blogspot.com/2012/02/freebies-diy-just-married-sign.html','freebies diy just married sign.html','love sign diy'),
(166,'<img src="http://1.bp.blogspot.com/-e_p7R14jgBg/UqU0jFUbHhI/AAAAAAAARt0/Q0KQuh9b-VQ/s1600/DIY%252BChristmas%252BJOY%252BSign.jpg" style="width:300px">','http://www.curvatude.com/2013/12/luxaholic-decking-halls-diy-joy-sign.html','luxaholic decking halls diy joy sign.html','love sign diy'),
(167,'<img src="http://www.made4aking.com/wp-content/uploads/2013/07/Shoe-Box-Clock-1-1024x768.jpg" style="width:300px">','http://www.made4aking.com/shoe-box-wall-signs','shoe box wall signs','love sign diy'),
(169,'<img src="http://createcraftchere.com/wp-content/uploads/2014/02/vday-block-red-10.jpg" style="width:300px">','http://createcraftchere.com/diy-love-hearts-polka-dots-sign','diy love hearts polka dots sign','love sign diy'),
(170,'<img src="http://1.bp.blogspot.com/-KjdZdL7OXCs/Tfa6QRKblzI/AAAAAAAAA1w/5-L9w8hyL58/s1600/HPIM4383.JPG" style="width:300px">','http://designlove-cynthia.blogspot.com/2011/06/confirmation-and-diy-party-sign.html','confirmation and diy party sign.html','love sign diy'),
(171,'<img src="http://www.vintagenewsjunkie.com/wp-content/uploads/2014/03/hand-painted-wooden-sign-for-guy.jpg" style="width:300px">','http://www.vintagenewsjunkie.com/unique-diy-hand-painted-wooden-sign-silhouette-coupon-code','unique diy hand painted wooden sign silhouette coupon code','love sign diy'),
(172,'<img src="https://creatingforourcreator.files.wordpress.com/2014/03/wedding-wood-signs-diy.jpg" style="width:300px">','https://creatingforourcreator.wordpress.com/2014/03/19/custom-lettering-and-design-for-amies-shabby-chic-vintage-diy-wedding','custom lettering and design for amies shabby chic vintage diy wedding','love sign diy'),
(174,'<img src="http://4.bp.blogspot.com/-CU9zRd5-afg/Uvz1aLpbFSI/AAAAAAAABT8/xiR8V7K_cqU/s1600/IMG_5318.JPG" style="width:300px">','http://burlapandbananas.blogspot.com/2014/02/diy-wood-love-sign.html','diy wood love sign.html','love sign diy'),
(175,'<img src="http://www.pinkous.com/wp-content/uploads/2014/01/love-sign-painted.jpg" style="width:300px">','http://www.pinkous.com/diy-ideas/make-a-giant-valentine-typographic-sign-for-beneath-10.html','make a giant valentine typographic sign for beneath 10.html','love sign diy'),
(176,'<img src="http://2.bp.blogspot.com/-QghmxFAWbR8/UONsYERMFUI/AAAAAAAAAEM/uCgmmWwoN_M/s1600/046.JPG" style="width:300px">','http://createahomeyoulove.blogspot.com/2013/01/diy-welcome-sign.html','diy welcome sign.html','love sign diy'),
(177,'<img src="https://s-media-cache-ak0.pinimg.com/736x/5e/ac/ce/5eacce81412b7e8d93a33aecfa444972.jpg" style="width:300px">','https://uk.pinterest.com/pin/10273905375536449','10273905375536449','love sign diy'),
(179,'<img src="http://s3-us-west-1.amazonaws.com/static.brit.co/wp-content/uploads/2014/04/DIY5MinuteFrameFinished.jpg" style="width:300px">','http://www.brit.co/diy-frames','diy frames','love sign diy'),
(180,'<img src="http://s3images.coroflot.com/user_files/individual_files/original_436937_RlJImjlAtY1QCVYnS4KRr2Btj.jpg" style="width:300px">','http://www.coroflot.com/shanayxw/Final-Project-Rebranding','Final Project Rebranding','love sign diy'),
(181,'<img src="http://www.maisondepax.com/wp-content/uploads/2014/05/anniversary-sign-closer-sign.jpg" style="width:300px">','http://lovegrowswild.com/2014/05/diy-anniversary-sign','diy anniversary sign','love sign diy'),
(182,'<img src="http://cdn.weddingbells.ca/wp-content/uploads/2014/05/diy-rustic-wedding-40-600x899.jpg" style="width:300px">','http://www.weddingbells.ca/real-weddings/a-creative-diy-wedding-in-calgary-alberta','a creative diy wedding in calgary alberta','love sign diy'),
(183,'<img src="http://www.flamingotoes.com/wp-content/uploads/2014/10/Easy-DIY-Wood-Christmas-Sign.jpg" style="width:300px">','http://www.flamingotoes.com/2014/11/merry-bright-christmas-sign','merry bright christmas sign','love sign diy'),
(184,'<img src="http://brittanyestes.com/wp-content/uploads/2013/10/Painted-State-Love-Sign.jpg" style="width:300px">','http://brittanyestes.com/2013/10/diy-state-love-sign.html','diy state love sign.html','love sign diy'),
(185,'<img src="http://4.bp.blogspot.com/-za2_zQowXsE/UvVS_vnl_JI/AAAAAAAAJMw/Uxy0bIkXqk4/s1600/DIY%252BValentines%252BGift.jpg" style="width:300px">','http://www.southerninlaw.com/2014/02/DIY-valentines-project-i-love-you-because-sign-handmade-valentines-gift-ideas.html','DIY valentines project i love you because sign handmade valentines gift ideas.html','love sign diy'),
(186,'<img src="http://img.allw.mn/content/ix/h2/q4546aj5.jpg" style="width:300px">','http://diy.allwomenstalk.com/personal-yet-subtle-touches-to-add-to-your-home/4','4','love sign diy'),
(187,'<img src="http://www.aleshahaley.com/wp-content/uploads/2013/12/cover_pallet_sign.jpg" style="width:300px">','http://www.aleshahaley.com/2014/12/09/diy-pallet-sign','diy pallet sign','love sign diy'),
(188,'<img src="http://apopofpretty.com/wp-content/uploads/2012/12/DSC_1195.jpg" style="width:300px">','http://apopofpretty.com/diy-decorating-for-2012','diy decorating for 2012','love sign diy'),
(189,'<img src="http://www.maisondepax.com/wp-content/uploads/2014/05/anniversary-sign-sign.jpg" style="width:300px">','http://lovegrowswild.com/2014/05/diy-anniversary-sign','diy anniversary sign','love sign diy'),
(190,'<img src="http://www.iheartnaptime.net/wp-content/uploads/2014/06/DIY-Garden-Marker-Signs-4.jpg" style="width:300px">','http://www.iheartnaptime.net/diy-garden-marker-signs','diy garden marker signs','love sign diy'),
(191,'<img src="https://dbj5iadmj0fg6.cloudfront.net/ImageResizer/VML-White-Label/5/1/01/1200v01.jpg" style="width:300px">','http://tinytipsbymichelle.com/diy-marquee-lights-video','diy marquee lights video','love sign diy'),
(192,'<img src="http://www.11magnolialane.com/wp-content/uploads/2014/10/baby-sleeping-pink-640.jpg" style="width:300px">','http://www.11magnolialane.com/2014/10/19/diy-baby-sleeping-door-hanger-sign','diy baby sleeping door hanger sign','love sign diy'),
(194,'<img src="http://spoonfulofimagination.com/wp-content/uploads/2014/06/ripped_fabric-1024x674.jpg" style="width:300px">','http://spoonfulofimagination.com/diy-fabric-flower-pot','diy fabric flower pot','love sign diy'),
(195,'<img src="http://lollyjane.com/wp-content/uploads/2013/05/diy-life-is-good-sign-easy-tutorial.jpg" style="width:300px">','http://lollyjane.com/life-is-good-sign','life is good sign','love sign diy'),
(196,'<img src="http://thehappyhousie.com/wp-content/uploads/2014/08/DIY-Dr.-Seuss-Quote-Map-Sign-how-to-collage-at-The-Happy-Housie.jpg" style="width:300px">','http://thehappyhousie.com/diy-dr-seuss-quote-map-sign','diy dr seuss quote map sign','love sign diy'),
(197,'<img src="http://lollyjane.com/wp-content/uploads/2014/10/easy-washi-tape-feathers.jpg" style="width:300px">','http://lollyjane.com/diy-washi-tape-feathers','diy washi tape feathers','love sign diy'),
(199,'<img src="http://somethingturquoise.com/wp-content/uploads/2014/02/SomethingTurquoise-DIY-glitter-wedding-date-sign_0017.jpg" style="width:300px">','http://somethingturquoise.com/2014/02/07/glitter-wedding-date-sign','glitter wedding date sign','love sign diy'),
(200,'<img src="http://www.naptimedecorator.net/wp-content/uploads/2014/10/DSC_1840.jpg" style="width:300px">','http://www.naptimedecorator.net/uncategorized/lets-create-diy-dry-erase-board','lets create diy dry erase board','love sign diy'),
(201,'<img src="http://2.bp.blogspot.com/-tsT1uYdquhY/UoUq8yxruCI/AAAAAAAAHHE/YByAZ_gEEl8/s1600/wood%252Bsign%252Bknockoff.jpg" style="width:300px">','http://www.twoityourself.com/2013/11/diy-large-christmas-sign-pottery-barn.html','diy large christmas sign pottery barn.html','love sign diy'),
(202,'<img src="https://s-media-cache-ak0.pinimg.com/736x/69/1b/3e/691b3e1f8f04623ca3b1722b3e94d1eb.jpg" style="width:300px">','https://www.pinterest.com/pin/109071622201243746','109071622201243746','love sign diy'),
(203,'<img src="http://anightowlblog.com/wp-content/uploads/2014/02/Four-Leaf-Clover-Sign-2.jpg" style="width:300px">','http://anightowlblog.com/2014/02/diy-four-leaf-clover-sign.html','diy four leaf clover sign.html','love sign diy'),
(204,'<img src="http://interiorsbystudiom.com/wp-content/uploads/2014/05/29.jpg" style="width:300px">','http://interiorsbystudiom.com/marquee-letters-vintage-sign-home-decor-diy-lighting','marquee letters vintage sign home decor diy lighting','love sign diy'),
(206,'<img src="http://somethingturquoise.com/wp-content/uploads/2013/11/ST-DIY-wooden-mr-mrs-wedding-chair-signs-reception_0012.jpg" style="width:300px">','http://somethingturquoise.com/2013/11/29/diy-mr-and-mrs-chair-signs','diy mr and mrs chair signs','love sign diy'),
(207,'<img src="http://lollyjane.com/wp-content/uploads/2014/05/DIY-Turn-Printables-Into-Home-Decor.jpg" style="width:300px">','http://lollyjane.com/turn-printables-into-home-decor','turn printables into home decor','love sign diy'),
(208,'<img src="http://www.artsychicksrule.com/wp-content/uploads/2014/06/Love-the-Beach-DIY-Sign-Tutorial-Finished-Sign-artsychicksrule.com-thrifty-homedecor-beach-sign-coastal-diy.jpg" style="width:300px">','http://www.artsychicksrule.com/2014/06/need-love-beach-thrifty-sign-tutorial.html','need love beach thrifty sign tutorial.html','love sign diy'),
(209,'<img src="https://melanaetoh.files.wordpress.com/2014/09/wpid-20140923_221722.jpg" style="width:300px">','https://melanaetoh.wordpress.com/2014/09/24/my-diy-wedding-love-marquee-sign','my diy wedding love marquee sign','love sign diy'),
(210,'<img src="http://aleshahaley.com/wp-content/uploads/2013/12/Screen-Shot-2013-12-20-at-10.53.54-AM.png" style="width:300px">','http://www.aleshahaley.com/2014/12/09/diy-pallet-sign','diy pallet sign','love sign diy'),
(211,'<img src="http://www.travelparenteat.com/wp-content/uploads/2014/11/thankful-sign-title.jpg" style="width:300px">','http://www.travelparenteat.com/thankful-board-wall-hanging-diy','thankful board wall hanging diy','love sign diy'),
(212,'<img src="http://salvagesecretsdesign.com/wp-content/uploads/2015/01/Make-a-chalkboard-sign-out-an-old-frame-for-DIY-NETWORK-made-by-Joanne-Palmisano-Salvage-Secrets-Design.jpg" style="width:300px">','http://salvagesecretsdesign.com/11-easy-recycled-salvage-storage-and-organizing-ideas','11 easy recycled salvage storage and organizing ideas','love sign diy'),
(213,'<img src="https://lifeissweetasapeach.files.wordpress.com/2014/06/child-library-custom-sign-3.jpg" style="width:300px">','http://lifeissweetasapeach.com/2014/06/27/diy-craft-childs-personalized-library-sign','diy craft childs personalized library sign','love sign diy'),
(214,'<img src="http://i969.photobucket.com/albums/ae178/sypsiedesigns/IMG_7593_zps9479ce89.jpg" style="width:300px">','http://sypsie.com/2013/12/16/hardwood-noel-sign','hardwood noel sign','love sign diy'),
(215,'<img src="http://i.ytimg.com/vi/rJIm5wmKrQU/maxresdefault.jpg" style="width:300px">','http://www.youtube.com/watch?v%3DrJIm5wmKrQU','watch?v%3DrJIm5wmKrQU','love sign diy'),
(217,'<img src="https://theblushchronicles.files.wordpress.com/2014/01/img_1836.jpg" style="width:300px">','https://theblushchronicles.wordpress.com/2014/01/20/diy-plus-sign-pillow','diy plus sign pillow','love sign diy'),
(218,'<img src="http://thecottagemarket.com/wp-content/uploads/2014/02/LOVE-sign-NYC.jpg" style="width:300px">','http://thecottagemarket.com/2014/02/diy-projects-party-time-junkin-joe-welcome.html','diy projects party time junkin joe welcome.html','love sign diy'),
(219,'<img src="https://lh6.googleusercontent.com/-mKajuFli-Jg/TXQVP0IC0lI/AAAAAAAAA_Y/dPZgq341x4g/s1600/My%252BEAT%252BSigns%252B002.jpg" style="width:300px">','http://inspirationformoms.com/2011/03/diy-my-kitchen-eat-sign.html','diy my kitchen eat sign.html','love sign diy'),
(221,'<img src="http://s3-us-west-1.amazonaws.com/static.brit.co/wp-content/uploads/2014/09/ombreweddingchair1.jpg" style="width:300px">','http://www.brit.co/bride-and-groom-chairs','bride and groom chairs','love sign diy'),
(222,'<img src="http://snapcreativity.com/wp-content/uploads/2013/09/DIY-Sleepy-Hallow-Halloween-Sign-5.jpg" style="width:300px">','http://snapcreativity.com/diy-sleepy-hallow-halloween-sign','diy sleepy hallow halloween sign','love sign diy'),
(223,'<img src="http://www.thecraftedsparrow.com/wp-content/uploads/2014/11/DIY-Cocoa-Bar-Marquee-Sign-71.jpg" style="width:300px">','http://www.thecraftedsparrow.com/2014/11/diy-cocoa-bar-marquee-sign.html','diy cocoa bar marquee sign.html','love sign diy'),
(224,'<img src="http://0.tqn.com/d/create/1/0/9/_/2/-/100-1447.JPG" style="width:300px">','http://diyfashion.about.com/u/sty/diyfashion101/DIY_Fashion_Photos/Peace-Sign-Pajamas.htm','Peace Sign Pajamas.htm','love sign diy'),
(225,'<img src="https://preciousplay.files.wordpress.com/2013/09/diy-disney-planes-maths-game7_.jpg" style="width:300px">','https://preciousplay.wordpress.com/2013/09/05/diy-disney-planes-maths-game','diy disney planes maths game','love sign diy'),
(226,'<img src="https://www.thecraftstar.com/Upload/product/501e76ab24c80.jpg" style="width:300px">','http://funny-pictures.picphotos.net/inch-wooden-hanging-love-letters-wild-love-theme-wooden-letters/thesofathrowcompany.com*media*catalog*product*cache*1*image*9df78eab33525d08d6e5fb8d27136e95*s*i*sign_all_you_need_r_lang_.jpg','thesofathrowcompany.com*media*catalog*product*cache*1*image*9df78eab33525d08d6e5fb8d27136e95*s*i*sign all you need r lang .jpg','love sign diy'),
(227,'<img src="http://nobodyputssarahinthecorner.files.wordpress.com/2012/08/20120827-182834.jpg" style="width:300px">','http://nobodyputssarahinthecorner.com/category/diy-projects/page/3','3','love sign diy'),
(228,'<img src="http://www.melissacreates.com/wp-content/uploads/2014/05/i-love-you-sign-i-know.jpg" style="width:300px">','http://www.melissacreates.com/2014/05/star-wars-inspired-wall-decor-diy.html','star wars inspired wall decor diy.html','love sign diy'),
(229,'<img src="http://livethefancylife.com/wp-content/uploads/2014/02/Tips-for-a-lovely-Valentines-Day-at-home-date-night-after-the-kids-go-to-bed.-Collage.jpg" style="width:300px">','http://livethefancylife.com/5-tips-for-an-at-home-valentines-day-date-night-after-the-kids-go-to-bed-plus-a-giveaway','5 tips for an at home valentines day date night after the kids go to bed plus a giveaway','love sign diy'),
(230,'<img src="http://www.maisondepax.com/wp-content/uploads/2013/11/marquee-letters-sign.jpg" style="width:300px">','http://lovegrowswild.com/2013/11/diy-vintage-marquee-letters','diy vintage marquee letters','love sign diy'),
(231,'<img src="http://www.mysocalledcraftylife.com/wp-content/uploads/2014/03/1-DSC_0030-2.jpg" style="width:300px">','http://www.mysocalledcraftylife.com/tag/embroidered-wood-sign','embroidered wood sign','love sign diy'),
(232,'<img src="http://1.bp.blogspot.com/-9tnWTL5YOsg/UpLCeEA1zTI/AAAAAAAASJg/Z1bbzR8R2jE/s1600/DIY%252BGild%252BGold%252BFrame%252Btitle%252Bfg2b.jpg.jpg.jpg" style="width:300px">','http://www.fromgardners2bergers.com/2013/11/how-to-diy-gild-gold-frame-chalkboard.html','how to diy gild gold frame chalkboard.html','love sign diy'),
(233,'<img src="http://craftdictator.com/wp-content/uploads/2014/02/Valentines-4.jpg" style="width:300px">','http://craftdictator.com/2014/02/10/35-last-minute-valentines-projects','35 last minute valentines projects','love sign diy'),
(234,'<img src="http://www.iheartnaptime.net/wp-content/uploads/2014/11/Wooden-Floral-Christmas-Sign.jpg" style="width:300px">','http://www.iheartnaptime.net/diy-wood-christmas-sign','diy wood christmas sign','love sign diy'),
(235,'<img src="http://s2.hubimg.com/u/12049185_f1024.jpg" style="width:300px">','http://stephiejean.hubpages.com/hub/DIY-Hand-Painted-Reclaimed-Wood-Sign-LOVE-DOGS','DIY Hand Painted Reclaimed Wood Sign LOVE DOGS','love sign diy'),
(236,'<img src="http://thehappyhousie.com/wp-content/uploads/2013/06/living-room-with-diy-chalk-paint-media-console-reclaimed-wood-diy-sign-at-thehappyhousie1.png" style="width:300px">','http://www.twelveoeightblog.com/2013/07/reclaimed-wood-sign-with-krista-from-the-happy-housie-guest-post.html','reclaimed wood sign with krista from the happy housie guest post.html','love sign diy'),
(238,'<img src="http://thecraftedlife.com/wp-content/uploads/2014/08/DIY-Wooden-Sign-10.jpg" style="width:300px">','http://thecraftedlife.com/diy-wooden-sign','diy wooden sign','love sign diy'),
(240,'<img src="http://theuncoordinatedmommy.com/wp-content/uploads/2014/02/2014-01-22-14.26.17.jpg" style="width:300px">','http://theuncoordinatedmommy.com/love-diy-wooden-sign-tutorial','love diy wooden sign tutorial','love sign diy'),
(242,'<img src="http://www.thecraftedsparrow.com/wp-content/uploads/2014/06/Hello-Sunshine-Sign-4.jpg" style="width:300px">','http://www.thecraftedsparrow.com/2014/06/diy-slatted-summer-sign.html','diy slatted summer sign.html','love sign diy'),
(243,'<img src="http://whatthegraham.com/wp-content/uploads/2012/01/IMG_4426-10-682x1024.jpg" style="width:300px">','http://whatthegraham.com/pinterest-partayy-new-years-style','pinterest partayy new years style','love sign diy'),
(244,'<img src="http://reallyrisa.files.wordpress.com/2012/08/diy-sweet-love-sign.jpg" style="width:300px">','http://www.reallyrisa.com/category/diy','diy','love sign diy'),
(246,'<img src="http://1.bp.blogspot.com/-pfEi6qwC0ME/UONfsbyUNEI/AAAAAAAAADE/XGG0rh7jchk/s1600/054.JPG" style="width:300px">','http://createahomeyoulove.blogspot.com/2013/01/diy-welcome-sign.html','diy welcome sign.html','love sign diy'),
(247,'<img src="http://www.queenofbees.com/uploads/2/7/3/7/27373043/8059617_orig.jpg" style="width:300px">','http://www.queenofbees.com/home/diy-marquee-sign-under-25','diy marquee sign under 25','love sign diy'),
(248,'<img src="http://pacificcoastspine.com/wp-content/uploads/2015/01/cool-white-fireplace-with-mantle-decorated-using-heart-craft-paper-banner-and-love-sign-with-two-fake-flower-under-red-heart-wreath-design-as-fascinating-valentines-day-fireplace-mantle-decoration-ide-728x970.jpg" style="width:300px">','http://pacificcoastspine.com/adorable-valentines-day-fireplace-mantel-decorations-ideas-for-celebrate-happy-valentines-day/astounding-wooden-fireplace-mantle-decorated-with-happy-valentine-day-banner-also-sweet-candies-on-glass-jar-on-top-design-as-easy-diy-valentines-fireplace-mantel-decoration-ideas','astounding wooden fireplace mantle decorated with happy valentine day banner also sweet candies on glass jar on top design as easy diy valentines fireplace mantel decoration ideas','love sign diy'),
(249,'<img src="http://www.maisondepax.com/wp-content/uploads/2014/05/anniversary-sign-angle.jpg" style="width:300px">','http://www.maisondepax.com/2014/06/diy-anniversary-sign.html','diy anniversary sign.html','love sign diy'),
(250,'<img src="http://1.bp.blogspot.com/-hAZlBB5j0k4/UnHIWNfQZBI/AAAAAAAADPo/FcL05pmsZ70/s1600/SignsCollage.jpg" style="width:300px">','http://www.livelovebe-well.com/2013/11/frugal-bride-diy-wedding-signs.html','frugal bride diy wedding signs.html','love sign diy'),
(251,'<img src="http://blog.canvascorpbrands.com/wp-content/uploads/2014/11/DIY-Wooden-Sign-Thanksgiving3.jpg" style="width:300px">','http://blog.canvascorpbrands.com/diy-wooden-thanksgiving-sign','diy wooden thanksgiving sign','love sign diy'),
(252,'<img src="http://createcraftchere.com/wp-content/uploads/2014/02/vday-block-white-11.jpg" style="width:300px">','http://createcraftchere.com/diy-love-hearts-polka-dots-sign','diy love hearts polka dots sign','love sign diy'),
(254,'<img src="http://www.artsychicksrule.com/wp-content/uploads/2014/11/Santa-DIY-Believe-Sign-Pearl-spray-coat-Santa-believe-Christmas-holidaydecor-santaclaus-artsychicksrule.com_-600x820.jpg" style="width:300px">','http://www.artsychicksrule.com/2014/12/diy-santa-sign-tutorial-believe.html','diy santa sign tutorial believe.html','love sign diy'),
(255,'<img src="http://www.nestnumber4.com/wp-content/uploads/2014/09/fall-decor-Country-Living-fair-011-1024x682.jpg" style="width:300px">','http://www.nestnumber4.com/?p%3D961','?p%3D961','love sign diy'),
(256,'<img src="https://whoneycutt7.files.wordpress.com/2013/09/img_4815.jpg" style="width:300px">','https://whoneycutt7.wordpress.com/2013/09/21/diy-monogram-wall-decor','diy monogram wall decor','love sign diy'),
(257,'<img src="http://1.bp.blogspot.com/-2J35PVuFAOc/UTJHwDgkjVI/AAAAAAAACac/swGnGo4blPg/s1600/photo(12).jpg" style="width:300px">','http://airforcefamilyadventures.blogspot.com/2013/03/diy-love-sign.html','diy love sign.html','love sign diy'),
(259,'<img src="http://cmongetcrafty.com/wp-content/uploads/2013/11/cmongetcraftysignsnowfinal.jpg" style="width:300px">','http://cmongetcrafty.com/diy-winter-wood-sign','diy winter wood sign','love sign diy'),
(260,'<img src="http://www.storymixmedia.com/weddings/blog/wp-content/uploads/2013/12/20.jpg" style="width:300px">','http://www.storymixmedia.com/weddingmix/blog/2013/12/weekly-wedding-inspiration-10-most-darling-diy-wedding-signs-from-weddingmix','weekly wedding inspiration 10 most darling diy wedding signs from weddingmix','love sign diy'),
(261,'<img src="http://3.bp.blogspot.com/-craFT6zIauE/T9fJLg0Xr0I/AAAAAAAAFIA/njidpexwxxQ/s1600/love%252Bsign3.jpg" style="width:300px">','http://www.meadowlakeroad.com/diy-projects/diy-wooden-love-sign','diy wooden love sign','love sign diy'),
(262,'<img src="http://thehappyhousie.com/wp-content/uploads/2013/06/reclaimed-wood-sign-diy-at-thehappyhousie-1024x1024.png" style="width:300px">','http://thehappyhousie.com/simple-diy-reclaimed-wood-sign-for-the-entry-hall','simple diy reclaimed wood sign for the entry hall','love sign diy'),
(263,'<img src="https://craftedincarhartt.files.wordpress.com/2013/08/diymosssign5.jpg" style="width:300px">','https://craftedincarhartt.wordpress.com/2013/08/06/diy-moss-sign','diy moss sign','love sign diy'),
(264,'<img src="http://www.itsalwaysautumn.com/wp-content/uploads/2013/11/cutout-word-diy-believe-christmas-wall-art-4.jpg" style="width:300px">','http://www.itsalwaysautumn.com/2013/11/27/wall-size-cutout-word-art-for-christmas-believe.html','wall size cutout word art for christmas believe.html','love sign diy'),
(265,'<img src="http://somethingturquoise.com/wp-content/uploads/2013/09/ST_DIY_hotel_door_sign_mr_mrs_just_married_3.jpg" style="width:300px">','http://somethingturquoise.com/2013/09/17/newlywed-hotel-door-sign','newlywed hotel door sign','love sign diy'),
(267,'<img src="http://adiamondinthestuff.com/wp-content/uploads/2014/01/IMG_8161.jpg" style="width:300px">','http://adiamondinthestuff.com/2014/01/diy-kitchen-food-signs.html','diy kitchen food signs.html','love sign diy'),
(268,'<img src="http://rachelemilyblog.com/wp-content/uploads/2014/03/3-22-closet-office-022.jpg" style="width:300px">','http://rachelemilyblog.com/2014/03/28/i-found-some-more-good-ones-guys','i found some more good ones guys','love sign diy'),
(269,'<img src="http://blovelyevents.com/wp-content/uploads/2014/06/Love-this-popsicle-printable-Look-how-huge-it-can-be.jpg" style="width:300px">','http://blovelyevents.com/2014/06/20/popsicle-party','popsicle party','love sign diy'),
(270,'<img src="http://www.burlapanddenim.com/wp-content/uploads/2012/11/Antiqued-Light-up-Star-with-C7-White-Christmas-Lights.jpg" style="width:300px">','http://www.burlapanddenim.com/2012/11/diy-light-up-marquee-star','diy light up marquee star','love sign diy'),
(271,'<img src="http://1.bp.blogspot.com/-IJCAuvbtS_Q/UQRViLA7zYI/AAAAAAAAAMM/ecx0P8OmBsU/s1600/IMAG0187.jpg" style="width:300px">','http://diycraftangel.blogspot.com/2013/01/diy-faux-snow-globe-solar-lamp-crate.html','diy faux snow globe solar lamp crate.html','love sign diy'),
(272,'<img src="http://2.bp.blogspot.com/-08PFFXEV8Bc/Ui952q0R64I/AAAAAAAAB08/zB2_RJ_DuKc/s1600/Because.jpg" style="width:300px">','http://dontworrybehappykeeplearning.blogspot.com/2013/09/diy-wooden-sign.html','diy wooden sign.html','love sign diy'),
(274,'<img src="http://162.144.37.240/~cleanap0/wp-content/uploads/2013/05/DIY-dahlia-flower-decor.jpg" style="width:300px">','http://www.cleanandscentsible.com/2013/05/my-sunday-sparks-no-91.html','my sunday sparks no 91.html','love sign diy'),
(275,'<img src="http://www.diyinspired.com/wp-content/uploads/2014/02/making-a-marquee-sign-wood-heart-1024x1016.jpg" style="width:300px">','http://www.diyinspired.com/category/artwork','artwork','love sign diy'),
(276,'<img src="http://www.decoratingyoursmallspace.com/wp-content/uploads/2014/10/DSCN9413.jpg" style="width:300px">','http://www.decoratingyoursmallspace.com/diy-pottery-barn-knock-offs','diy pottery barn knock offs','love sign diy'),
(277,'<img src="http://3.bp.blogspot.com/-DS8W4xgVOyk/UL4_e_RGUvI/AAAAAAAAAms/DWxfp8T-3Q4/s1600/SIGN11.jpg" style="width:300px">','http://southernchiclove.blogspot.com/2012/12/diy-pallet-sign.html','diy pallet sign.html','love sign diy'),
(279,'<img src="http://s2.hubimg.com/u/12042707_f1024.jpg" style="width:300px">','http://stephiejean.hubpages.com/hub/DIY-Distressed-Deer-Head-Silhouette-Rustic-Wood-Sign','DIY Distressed Deer Head Silhouette Rustic Wood Sign','love sign diy'),
(281,'<img src="http://littlebluehousebythebay.com/wp-content/uploads/2013/10/IMG_8434-1024x682.jpg" style="width:300px">','http://littlebluehousebythebay.com/tag/diy-2','diy 2','love sign diy'),
(282,'<img src="http://2.bp.blogspot.com/-sa_xP5ww87Y/Tld9kHbqzqI/AAAAAAAAEHQ/6FCfzw8DZSs/s1600/Number%252BHang%252BTag%252BBallard%252BDesigns%252BKnock%252BOff-23.jpg" style="width:300px">','http://www.thecountrychiccottage.net/2012/05/diy-wedding-ideas-for-your-wedding.html','diy wedding ideas for your wedding.html','love sign diy'),
(283,'<img src="http://www.brepurposed.com/wp-content/uploads/2014/12/Scandinavian-Christmas-Wall-Decor-DIY.jpg" style="width:300px">','http://elizabethjoandesigns.com/category/your-designs-this-time-link-up','your designs this time link up','love sign diy'),
(284,'<img src="http://createcraftchere.com/wp-content/uploads/2014/02/vday-block-supplies-03.jpg" style="width:300px">','http://createcraftchere.com/diy-love-hearts-valentine-signs','diy love hearts valentine signs','love sign diy'),
(285,'<img src="http://3.bp.blogspot.com/-vcgAZA4Cghs/UnxIs5JjePI/AAAAAAAAPCc/n8GA4OqfHvM/s1600/cell%252Bphone%252Bfall%252B2013%252B928.jpg" style="width:300px">','http://beauty4ashes-ellie.blogspot.com/2013/11/wedding-anniversary-sign-diy-art.html','wedding anniversary sign diy art.html','love sign diy'),
(286,'<img src="http://www.burlapanddenim.com/wp-content/uploads/2012/11/Vintage-Light-Up-Metal-Star.jpg" style="width:300px">','http://www.burlapanddenim.com/2012/11/diy-light-up-marquee-star','diy light up marquee star','love sign diy'),
(287,'<img src="http://www.maisondepax.com/wp-content/uploads/2014/11/Vintage-Marquee-Lights-sign-lights-off.jpg" style="width:300px">','http://www.maisondepax.com/2014/11/vintage-marquee-lights.html','vintage marquee lights.html','love sign diy'),
(288,'<img src="http://2beesinapod.com/wp-content/uploads/2014/04/IMG_68961.jpg" style="width:300px">','http://2beesinapod.com/2014/04/07/diy-lake-wall-art','diy lake wall art','love sign diy'),
(291,'<img src="http://lollyjane.com/wp-content/uploads/2014/11/easy-diy-let-it-snow-sign.jpg" style="width:300px">','http://lollyjane.com/let-snow-sign','let snow sign','love sign diy'),
(292,'<img src="http://thecraftedlife.com/wp-content/uploads/2014/08/DIY-Wooden-Sign-FINAL.jpg" style="width:300px">','http://thecraftedlife.com/diy-wooden-sign','diy wooden sign','love sign diy'),
(293,'<img src="https://darcimarquette.files.wordpress.com/2012/02/img_0195.jpg" style="width:300px">','https://darcimarquette.wordpress.com/2012/02/02/14-days-of-love-day-2-diy-love-story-sign','14 days of love day 2 diy love story sign','love sign diy'),
(294,'<img src="http://diyinreallife.com/wp-content/uploads/2014/03/chevronsign-700x700.jpg" style="width:300px">','http://diyinreallife.com/tag/diy','diy','love sign diy'),
(295,'<img src="http://sandandsisal.com/wp-content/uploads/2014/12/Christmas-in-the-Playroom.jpg" style="width:300px">','http://sandandsisal.com/2014/12/coastal-christmas-home-tour.html','coastal christmas home tour.html','love sign diy'),
(296,'<img src="http://todayscreativeblog.net/wp-content/uploads/2014/06/Love-Slat-Art.2-682x1024-600x900.jpg" style="width:300px">','http://todayscreativeblog.net/diy-wood-slat-sign','diy wood slat sign','love sign diy'),
(297,'<img src="http://bekindandsmileoften.files.wordpress.com/2014/02/great-gatsby-wedding-love-marquette-sign-2.jpg" style="width:300px">','http://bekindandsmileoften.com/2014/02/03/diy-marquee-love-sign','diy marquee love sign','love sign diy'),
(298,'<img src="https://s-media-cache-ak0.pinimg.com/originals/71/a0/7d/71a07d43bb5a75a4fd67a85b4f10455f.jpg" style="width:300px">','https://www.pinterest.com/andreajairl/home-entry-way','home entry way','love sign diy'),
(299,'<img src="http://before.theglamfiles.com/wp-content/uploads/2013/08/DSC_0045-1024x758.jpg" style="width:300px">','http://before.theglamfiles.com/diy/diy-prada-marfa-sign','diy prada marfa sign','love sign diy'),
(300,'<img src="http://palletfurnitureplans.com/wp-content/uploads/2014/05/pallet-love-sign.jpg" style="width:300px">','http://palletfurniturex.blogspot.com/2014/08/diy-pallet-love-sign.html','diy pallet love sign.html','love sign diy'),
(302,'<img src="http://exnwhy.com/wp-content/uploads/2013/08/9b5c65c58f92f4fbffb476e4619ea158-1.jpg" style="width:300px">','http://exnwhy.com/2013/08/diy-laundry-room-sign-tutorial','diy laundry room sign tutorial','love sign diy'),
(303,'<img src="http://realhousemoms.com/wp-content/uploads/2014/11/Christmas-Countdown-Sign-HERO.jpg" style="width:300px">','http://realhousemoms.com/diy-christmas-countdown-sign','diy christmas countdown sign','love sign diy'),
(304,'<img src="http://4.bp.blogspot.com/-mu-HAmrA3eY/U8RNLM0Z15I/AAAAAAAAQuA/gCeyk3lJwUY/s1600/hellosignmain.jpg" style="width:300px">','http://www.sisterswhat.com/2014/07/diy-hexagon-hello-sign.html','diy hexagon hello sign.html','love sign diy'),
(305,'<img src="https://lh4.googleusercontent.com/-xIq5XnQlGp0/TXUcVg_IvAI/AAAAAAAAAfc/7suXSSeUA9A/s1600/DIY_Bus_Sign9.jpg" style="width:300px">','http://www.whitenestshop.com/blog/diy-project-vintage-bus-sign','diy project vintage bus sign','love sign diy'),
(307,'<img src="http://www.theemotionpicturestudio.com/wp-content/uploads/2013/07/DIY_wedding_love_sign.jpg" style="width:300px">','http://www.theemotionpicturestudio.com/category/diy-wedding-ideas-2','diy wedding ideas 2','love sign diy'),
(308,'<img src="http://bridalmusings.com/wp-content/uploads/2011/07/spreadthelove.jpg" style="width:300px">','http://bridalmusings.com/2011/07/spread-the-love-jam-favour-diy-tutorial-round-up','spread the love jam favour diy tutorial round up','love sign diy'),
(310,'<img src="http://4.bp.blogspot.com/-LcaQQYyqcjA/UrZciTxF5yI/AAAAAAAATuo/hfJMdw8g_fY/s1600/silhouette_sign1.jpg" style="width:300px">','http://www.ishouldbemoppingthefloor.com/2013/12/diy-biscuits-gravy-cutting-board-sign.html','diy biscuits gravy cutting board sign.html','love sign diy'),
(313,'<img src="https://craftedincarhartt.files.wordpress.com/2013/08/diymosssign6.jpg" style="width:300px">','https://craftedincarhartt.wordpress.com/2013/08/06/diy-moss-sign','diy moss sign','love sign diy'),
(314,'<img src="http://2.bp.blogspot.com/-304IPo14Xeo/UhI1V3KDBNI/AAAAAAAAA70/wDScXGrK638/s1600/IMG_5048.jpg" style="width:300px">','http://www.downoxfordstreet.com/2013/09/nautical-sign-diy.html','nautical sign diy.html','love sign diy'),
(316,'<img src="http://www.alifeinbalance.net/wp-content/uploads/2015/01/valentinesdaydecorations.jpg" style="width:300px">','http://www.alifeinbalance.net/18-valentines-day-decorations-for-a-festive-home','18 valentines day decorations for a festive home','love sign diy'),
(317,'<img src="http://3.bp.blogspot.com/-aJi1B9rK96k/VIUnG21Z4zI/AAAAAAAAUHk/XGjrC0_PdHc/s1600/MyLove2Create,%25252BPottery%25252BBarn%25252Bknock%25252Boff%25252Bpin.jpg" style="width:300px">','http://www.lechateaudesfleurs.com/2014/12/christmas-sign-diy-candy-crafts-monday.html','christmas sign diy candy crafts monday.html','love sign diy'),
(318,'<img src="https://ilidialove.files.wordpress.com/2014/12/image1.jpg" style="width:300px">','http://ilidialove.com/2014/12/09/love-diy-christmas-bunting','love diy christmas bunting','love sign diy'),
(319,'<img src="http://1.bp.blogspot.com/-wOEcR2w1vkA/Uu01iFLArQI/AAAAAAAAJ4w/BVWW88oz8Cc/s1600/IMG_4353%2525231.jpg" style="width:300px">','http://bemusedsheninejoon.blogspot.com/2014/02/diy-globe-light-love-sign.html','diy globe light love sign.html','love sign diy'),
(320,'<img src="http://missbolddesign.com.au/wp-content/uploads/2014/02/04-DIY-typography-sign-001.jpg" style="width:300px">','http://missbolddesign.com.au/crafternoon-diy-typography-sign','crafternoon diy typography sign','love sign diy'),
(321,'<img src="http://ana-white.com/sites/default/files/chalkboard-lighted-sign-christmas-holiday1.jpg" style="width:300px">','http://ana-white.com/node/13412','13412','love sign diy'),
(322,'<img src="https://img1.etsystatic.com/031/0/5239354/il_fullxfull.565781693_oshr.jpg" style="width:300px">','https://www.etsy.com/market/sunglasses_sign','sunglasses sign','love sign diy'),
(323,'<img src="http://frogtape.com/blogsquad/wp-content/uploads/2012/12/DIY-chevron-Christmas-sign-tutorial.jpg" style="width:300px">','http://frogtape.com/blogsquad/?p%3D430','?p%3D430','love sign diy'),
(324,'<img src="http://3.bp.blogspot.com/-Bafh85Cy27s/UuDDXDxaPVI/AAAAAAAAHJA/orEzcOfvZ_Q/s1600/Banner%252B2.jpg" style="width:300px">','http://letsdrinkcoffeedarling.blogspot.com/2014/01/diy-love-birds-wooden-sign.html','diy love birds wooden sign.html','love sign diy'),
(325,'<img src="http://www.morethanmundane.com/wp-content/uploads/2014/02/DIY-Valentines.jpg" style="width:300px">','http://www.morethanmundane.com/2014/02/10/10-quick-and-easy-diy-valentines-gifts','10 quick and easy diy valentines gifts','love sign diy'),
(326,'<img src="http://michellemarttila.com/wp-content/uploads/2014/09/Love-Sign-Angle.jpg" style="width:300px">','http://michellemarttila.com/inspire-me/retro-love-winner-and-diy-autumn-garland','retro love winner and diy autumn garland','love sign diy'),
(327,'<img src="http://www.nookandsea.com/wp-content/uploads/2013/04/NookAndSea-Beach-Bathroom-Art-Wall-Craft-DIY-Sign-Blue-Oar1.jpg" style="width:300px">','http://www.nookandsea.com/a-room-with-a-loo-simple-art-ideas-for-your-water-closet','a room with a loo simple art ideas for your water closet','love sign diy'),
(328,'<img src="http://photos.weddingbycolor-nocookie.com/p000039514-m195720-p-photo-496578/Red.jpg" style="width:300px">','http://www.weddingbycolor.com/lannister/wedding-favors-sugar-cookies-idea-196515','wedding favors sugar cookies idea 196515','love sign diy'),
(329,'<img src="https://sosweetcollective.files.wordpress.com/2013/01/dimensional-heart-garland.jpg" style="width:300px">','https://sosweetcollective.wordpress.com/2013/01/30/be-my-diy-valentine','be my diy valentine','love sign diy'),
(330,'<img src="http://www.99pallets.com/wp-content/uploads/2014/08/pallet-wall-sign-2.jpg" style="width:300px">','http://www.99pallets.com/pallet-art/diy-pallet-love-wall-sign','diy pallet love wall sign','love sign diy'),
(331,'<img src="http://blog.artifactuprising.com/wp-content/uploads/2014/06/MG_80671.jpg" style="width:300px">','http://blog.artifactuprising.com/inspired-design/homesteady-diy','homesteady diy','love sign diy'),
(332,'<img src="https://vintagereflections.files.wordpress.com/2014/03/image10.jpg" style="width:300px">','https://vintagereflections.wordpress.com/2014/03/05/vintage-ballerina-diy-sign-and-candle','vintage ballerina diy sign and candle','love sign diy'),
(333,'<img src="https://vintagereflections.files.wordpress.com/2014/03/image12.jpg" style="width:300px">','https://vintagereflections.wordpress.com/2014/03/05/vintage-ballerina-diy-sign-and-candle','vintage ballerina diy sign and candle','love sign diy'),
(334,'<img src="http://www.icuaw.com/wp-content/uploads/2014/08/interior-design-it-s-a-strange-and-lovely-ride-christmas-countdown-diy-advent-lovely-and-simple-diy-love-sign.jpg" style="width:300px">','http://www.crafthubs.com/giant-distressed-fall-sign/10692','10692','love sign diy'),
(335,'<img src="http://www.theemotionpicturestudio.com/wp-content/uploads/2013/07/DIY_wedding_love_sign2.jpg" style="width:300px">','http://www.theemotionpicturestudio.com/category/diy-wedding-ideas-2','diy wedding ideas 2','love sign diy'),
(337,'<img src="http://img1.etsystatic.com/000/1/6867472/il_fullxfull.333163165.jpg" style="width:300px">','http://dev.easypeach.com/digital-download-tags.php?page%3D5%26id%3D527c3d81a721a%26tag%3Dframed%2520art','digital download tags.php?page%3D5%26id%3D527c3d81a721a%26tag%3Dframed%2520art','love sign diy'),
(338,'<img src="http://thecottagemarket.com/wp-content/uploads/2014/03/IMG_0559.jpg" style="width:300px">','http://thecottagemarket.com/2014/03/fabulous-diy-projects-linky-party-junkin-joe.html','fabulous diy projects linky party junkin joe.html','love sign diy'),
(339,'<img src="http://www.lovemelinda.com/wp-content/uploads/2013/07/IMG_3698.jpg" style="width:300px">','http://www.lovemelinda.com/before-and-after-converted-church','before and after converted church','love sign diy'),
(340,'<img src="http://abeautifulmess.typepad.com/.a/6a00d8358081ff69e2017c366ee8a4970b-800wi" style="width:300px">','http://www.abeautifulmess.com/2013/01/diy-constellations-scarf.html','diy constellations scarf.html','love sign diy'),
(341,'<img src="http://lh5.ggpht.com/-AIucvG5o8gk/Uh8L6xSqunI/AAAAAAAAKCM/hC6nl3s9V-4/DIY%2525252520FRAMED%2525252520WOOD%2525252520SIGN_thumb%252525255B3%252525255D.jpg%253Fimgmax%253D800" style="width:300px">','http://www.alwaysinwonder.com/2013/08/diy-framed-wood-sign-riansroom.html','diy framed wood sign riansroom.html','love sign diy'),
(343,'<img src="http://www.diyswank.com/wp-content/uploads/2013/11/dearsanta.jpg" style="width:300px">','http://www.diyswank.com/diy-santa-stop-here-sign','diy santa stop here sign','love sign diy'),
(344,'<img src="http://thebridaldetective.com/wp-content/uploads/2012/07/wedding-initials-light-up-sign.jpg" style="width:300px">','http://thebridaldetective.com/light-up-your-love-with-vintage-lights','light up your love with vintage lights','love sign diy'),
(345,'<img src="http://www.busymomshelper.com/wp-content/uploads/2014/06/Pirate-Sign-2.jpg" style="width:300px">','http://www.busymomshelper.com/2014/06/diy-pirate-sign.html','diy pirate sign.html','love sign diy'),
(346,'<img src="https://craftedincarhartt.files.wordpress.com/2013/08/diymosssign7.jpg" style="width:300px">','https://craftedincarhartt.wordpress.com/2013/08/06/diy-moss-sign','diy moss sign','love sign diy'),
(348,'<img src="http://www.thatswhatchesaid.net/wp-content/uploads/2013/03/DIY-Home-Decor-Ideas-copy.png" style="width:300px">','http://www.thatswhatchesaid.net/2013/diy-home-ideas','diy home ideas','love sign diy'),
(349,'<img src="http://jenwoodhouse.com/blog/wp-content/uploads/2014/06/jude_sign02.jpg" style="width:300px">','http://jenwoodhouse.com/blog/tag/children','children','love sign diy'),
(350,'<img src="http://www.busykidshappymom.org/wp-content/uploads/2014/02/ombre-hearts.jpg" style="width:300px">','http://www.busykidshappymom.org/i-love-you-sign-language-card','i love you sign language card','love sign diy'),
(352,'<img src="http://thehappyhousie.com/wp-content/uploads/2013/06/How-To-Make-A-Canada-Flag-Pallet-Sign-tutorial-at-thehappyhousie-1024x988.png" style="width:300px">','http://thehappyhousie.com/happy-canada-day-eh-canada-flag-pallet-sign','happy canada day eh canada flag pallet sign','love sign diy'),
(353,'<img src="http://2.bp.blogspot.com/-2htI90ntTZo/Uvz1aFgbFpI/AAAAAAAABT4/kUeempaBJec/s1600/IMG_5319.JPG" style="width:300px">','http://burlapandbananas.blogspot.com/2014/02/diy-wood-love-sign.html','diy wood love sign.html','love sign diy'),
(354,'<img src="http://unskinnyboppy.com/wp-content/uploads/2013/06/SummerMantel201311_thumb.jpg" style="width:300px">','http://unskinnyboppy.com/2013/06/summer-mantel-decorating-2013','summer mantel decorating 2013','love sign diy'),
(355,'<img src="http://i2.wp.com/www.brightgreendoor.com/wp-content/uploads/2013/07/DSC_0202.jpg" style="width:300px">','http://www.brightgreendoor.com/diy-garden-picket-sign','diy garden picket sign','love sign diy'),
(356,'<img src="http://anightowlblog.com/wp-content/uploads/2014/02/Four-Leaf-Clover-Sign-5.jpg" style="width:300px">','http://anightowlblog.com/2014/02/diy-four-leaf-clover-sign.html','diy four leaf clover sign.html','love sign diy'),
(357,'<img src="http://blovelyevents.files.wordpress.com/2013/08/love-this-j-inital-in-this-baseball-wreath.jpg" style="width:300px">','http://blovelyevents.com/2013/08/02/baseball-wreaths','baseball wreaths','love sign diy'),
(358,'<img src="http://www.maisondepax.com/wp-content/uploads/2014/01/red-box-sign.jpg" style="width:300px">','http://www.the36thavenue.com/diy-home-projects','diy home projects','love sign diy'),
(359,'<img src="http://3.bp.blogspot.com/-9MUtvaUe9Sg/URGHwBNnBzI/AAAAAAAAEys/BcghWj6RktU/s1600/Picture1.png" style="width:300px">','http://allthingswalker.blogspot.com/2013/02/diy-valentines-decor-love-story-sign.html','diy valentines decor love story sign.html','love sign diy'),
(360,'<img src="https://beauandarrowevents.files.wordpress.com/2012/02/img_0045.jpg" style="width:300px">','https://beauandarrowevents.wordpress.com/tag/luce-loft','luce loft','love sign diy'),
(361,'<img src="http://2beesinapod.com/wp-content/uploads/2014/04/IMG_6897.jpg" style="width:300px">','http://2beesinapod.com/2014/04/07/diy-lake-wall-art','diy lake wall art','love sign diy'),
(362,'<img src="http://www.flamingotoes.com/wp-content/uploads/2012/11/DIY-Winter-Shadowbox.jpg" style="width:300px">','http://www.flamingotoes.com/2012/12/diy-winter-shadowbox-sign','diy winter shadowbox sign','love sign diy'),
(363,'<img src="http://topwalls.net/wp-content/uploads/2013/06/Sign-Of-Love-.jpg" style="width:300px">','http://topwalls.net/sign-of-love','sign of love','love sign diy'),
(364,'<img src="http://savedbylovecreations.com/wp-content/uploads/2014/12/Joy-Sign.jpg" style="width:300px">','http://savedbylovecreations.com/2014/12/diy-christmas-sign-and-chalky-finish-paint-giveaway.html','diy christmas sign and chalky finish paint giveaway.html','love sign diy'),
(366,'<img src="http://matchmadeonhudson.com/wp-content/uploads/2013/10/image-2.jpeg" style="width:300px">','http://matchmadeonhudson.com/diy-halloween-marquee-sign','diy halloween marquee sign','love sign diy'),
(367,'<img src="http://www.houseontheway.com/wp-content/uploads/2014/11/DIY-Secret-Santa-Gift-2.jpg" style="width:300px">','http://www.houseontheway.com/diy-secret-santa-gift','diy secret santa gift','love sign diy'),
(368,'<img src="http://www.thislittlestreet.com/blog/wp-content/uploads/2012/05/Have_love_will_travel_handmade_suitcase_DIY.png" style="width:300px">','http://www.thislittlestreet.com/blog/category/inspiration/rock-it-yourself/page/7','7','love sign diy'),
(369,'<img src="http://www.uncommondesignsonline.com/wp-content/uploads/2013/03/Home-DIY-Features.png" style="width:300px">','http://www.thatswhatchesaid.net/2013/diy-easter-ideas-mflp','diy easter ideas mflp','love sign diy'),
(370,'<img src="http://sandandsisal.com/wp-content/uploads/2014/12/Bookshelves-decorated-for-Christmas.jpg" style="width:300px">','http://sandandsisal.com/2014/12/coastal-christmas-home-tour.html','coastal christmas home tour.html','love sign diy'),
(371,'<img src="http://2.bp.blogspot.com/-nNz7OOLCoSk/UPz2alh6vOI/AAAAAAAAAds/MCbjoggvXjU/s1600/IMG_4413.JPG" style="width:300px">','http://lovebindsus.blogspot.com/2013/01/diy-guestbook-sign.html','diy guestbook sign.html','love sign diy'),
(372,'<img src="https://tumbleroot.files.wordpress.com/2013/08/finished-product2.jpg" style="width:300px">','https://tumbleroot.wordpress.com/2014/08/08/tumbleroot-diy-college-decor','tumbleroot diy college decor','love sign diy'),
(374,'<img src="http://www.gliks.com/blog/wp-content/uploads/2014/02/7-1-of-1-1024x880.jpg" style="width:300px">','http://www.gliks.com/blog/index.php/2014/02/03/infinity-circle-love-diy-make-infinity-scarf','infinity circle love diy make infinity scarf','love sign diy'),
(375,'<img src="http://lifeinvelvet.com/wp-content/uploads/2013/09/Chalkboard-Sign-2.jpg" style="width:300px">','http://lifeinvelvet.com/2013/09/diy-chalkboard-sign','diy chalkboard sign','love sign diy'),
(376,'<img src="http://www.mysocalledcraftylife.com/wp-content/uploads/2014/03/3-DSC_0036-2.jpg" style="width:300px">','http://www.mysocalledcraftylife.com/tag/embroidered-wood-sign','embroidered wood sign','love sign diy'),
(377,'<img src="http://www.artsychicksrule.com/wp-content/uploads/2014/06/Old-faded-sign-reinvented-Simple-DIY-Beach-Sign-artsychicksrule.com-diy-beach-sign-600x825.jpg" style="width:300px">','http://www.artsychicksrule.com/2014/06/need-love-beach-thrifty-sign-tutorial.html','need love beach thrifty sign tutorial.html','love sign diy'),
(379,'<img src="http://www.iheartnaptime.net/wp-content/uploads/2014/11/DIY-Winter-Sign-and-Snowflake-Craft.jpg" style="width:300px">','http://www.iheartnaptime.net/link-party-palooza-68','link party palooza 68','love sign diy'),
(380,'<img src="http://www.love-the-day.com/lovetheday/wordpress/wp-content/uploads/2014/07/Ice-Cream-Party-With-Cricut1.png" style="width:300px">','http://www.love-the-day.com/lovetheday/wordpress/ice-cream-social','ice cream social','love sign diy'),
(381,'<img src="http://www.99pallets.com/wp-content/uploads/2014/07/pallet-sign-idea-for-wedding-7.jpg" style="width:300px">','http://www.99pallets.com/pallet-art/pallet-sign-ideas-for-wedding','pallet sign ideas for wedding','love sign diy'),
(383,'<img src="http://2.bp.blogspot.com/-wDiQ7Exc5Uk/U0fk8aSroAI/AAAAAAAAHtc/GNmri32-Dus/s1600/final%252Bcabinet%252Bwelcome%252Bsign.jpg" style="width:300px">','http://www.idigpinterest.com/2014/04/diy-welcome-sign-from-cabinet-door.html','diy welcome sign from cabinet door.html','love sign diy'),
(384,'<img src="http://chicvintagebrides.com/wp-content/uploads/2014/11/Clint-Leah-19.jpg_Resized-Duo.jpg" style="width:300px">','http://chicvintagebrides.com/index.php/real-wedding/a-juliet-cap-veil-for-a-stylish-diy-wedding','a juliet cap veil for a stylish diy wedding','love sign diy'),
(385,'<img src="http://athomewiththebarkers.com/wp-content/uploads/2013/11/Wooden-Sign-Deer-with-3-Hanging-Options.jpg" style="width:300px">','http://athomewiththebarkers.com/tag/custom-art','custom art','love sign diy'),
]