http://s3-us-west-1.amazonaws.com/static.brit.co/wp-content/uploads/2014/04/DIY5MinuteFrameFinished.jpg,diy-frames:-love-sign-1.jpg
https://s-media-cache-ak0.pinimg.com/736x/5e/ac/ce/5eacce81412b7e8d93a33aecfa444972.jpg,diy-love-sign--2.jpg
http://createcraftchere.com/wp-content/uploads/2014/02/vday-block-red-10.jpg,diy-love-hearts-polka-dots-sign-3.jpg
http://2.bp.blogspot.com/-Z9yg0hLHEuY/T8d-p_E2oZI/AAAAAAAADiU/oVRLbGFlVgQ/s1600/DIY%252BProject.JPG,diy-love-sign--4.JPG
http://4.bp.blogspot.com/-CnJC8gPNudg/TxyQUYGlHNI/AAAAAAAABFY/bshmexZuYyA/s1600/LOVE%252BBURLAP1.jpg,diy-love-burlap-sign--5.jpg
http://brassandwhatnots.com/wp-content/uploads/2014/02/Love-sign.jpg,DIY-Love-sign:-last-minute-valentines-day-round-up
http://3.bp.blogspot.com/-1iyO0Z-1GLM/URljkX9sfvI/AAAAAAAAAh8/GUDjA-mHqjw/s1600/love1.jpg,diy-love-hand-and-footprints--7.jpg
http://pulpsushi.typepad.com/.a/6a00d83452c37169e2017744ce27a9970d-pi,diy--love-sign-8.a-6a00d83452c37169e2017744ce27a99
http://spoonfulofimagination.com/wp-content/uploads/2014/01/DIY_love_sign-1024x550.jpg,love-easy-sign-tutorial-9.jpg
http://palletfurnitureplans.com/wp-content/uploads/2014/05/pallet-love-sign.jpg,diy-pallet-love-sign--10.jpg
http://todayscreativeblog.net/wp-content/uploads/2014/06/Love-Slat-Art.2-682x1024-600x900.jpg,diy-wood-slat-sign-11.jpg
http://www.diyinspired.com/wp-content/uploads/2014/02/making-a-marquee-sign-wood-heart-1024x1016.jpg,artwork-love-sign-12.jpg
http://pacificcoastspine.com/wp-content/uploads/2015/01/cool-white-fireplace-with-mantle-decorated-using-heart-craft-paper-banner-and-love-sign-with-two-fake-flower-under-red-heart-wreath-design-as-fascinating-valentines-day-fireplace-mantle-decoration-ide-728x970.jpg,astounding-wooden-fireplace-mantle-decorated-with-
http://reallyrisa.files.wordpress.com/2012/08/diy-sweet-love-sign.jpg,diy--love-sign-14.jpg
https://melanaetoh.files.wordpress.com/2014/09/wpid-20140923_221722.jpg,my-diy-wedding-love-marquee-sign-15.jpg
http://cleverpinkpirate.com/wp-content/uploads/2012/02/DSC07488.jpg,diy-love-sign-16.jpg
https://beauandarrowevents.files.wordpress.com/2012/02/img_0045.jpg,diy-love-sign--17.jpg
http://3.bp.blogspot.com/-9MUtvaUe9Sg/URGHwBNnBzI/AAAAAAAAEys/BcghWj6RktU/s1600/Picture1.png,diy-valentines-decor-love-story-sign--18.png
http://www.busykidshappymom.org/wp-content/uploads/2014/02/ombre-hearts.jpg,i-love-you-sign-language-card-19.jpg
http://www.99pallets.com/wp-content/uploads/2014/08/pallet-wall-sign-2.jpg,diy-pallet-love-wall-sign-20.jpg
http://seecatecreate.com/wp-content/uploads/2013/09/lovemarqueecollage1.jpg,diy-vintage-light-up-marqueelove-sign-21.jpg
http://bekindandsmileoften.files.wordpress.com/2014/02/img_9963.jpg,diy-marquee-love-sign-22.jpg
http://www.landeeseelandeedo.com/wp-content/uploads/2015/01/DIY-Valentines-Day-Sign.jpg,diy-valentines-day-sign--23.jpg
http://www.sohosonnet.com/wp-content/uploads/2014/02/LOVE-SIGN-CRAFT-SPOT-3.jpg,gold-glitter-and-felt-rosette-love-sign-24.jpg
http://i.ytimg.com/vi/F5Ao_66JNsY/maxresdefault.jpg,diy-love-sign--25.jpg
http://4.bp.blogspot.com/-A0LllPubAh4/Uvz7lAc0qTI/AAAAAAAABVE/uqIJcu6vL8Y/s1600/IMG_5325.JPG,diy-wood-love-sign--26.JPG
http://www.uniongrovedesign.com/wp-content/uploads/2014/03/imagejpeg_2.jpg,diy-projects:-love-sign-27.jpg
http://3.bp.blogspot.com/-xG7TnDa31wg/UvlYANxdS7I/AAAAAAAAFJI/jVJIUiTX5rg/s1600/131.jpg,love-sign-diy--28.jpg
