[(1,'http://anightowlblog.com/wp-content/uploads/2014/03/Easter-Basket-Ideas-6b.jpg','http://anightowlblog.com/2014/03/easter-basket-ideas-world-market.html','easter basket ideas world market.html','easter basket ideas'),
(2,'http://img.loveitsomuch.com/uploads/201402/17/ea/easter%252520basket%252520ideas%252520ruffled%252520easter%252520basket%252520rustic%252520easter%252520craft%252520ideas%252520easter%252520table%252520decorations-f02831.jpg','http://easteriscoming.loveitsomuch.com/boards/personalized-ideas-about-easter-basket.123586','personalized ideas about easter basket.123586','easter basket ideas'),
(3,'http://www.themomcreative.com/wp-content/uploads/2012/03/EasterBasketGifts-1024x726.jpg','http://www.themomcreative.com/2012/03/101-kids-easter-basket-ideas.html','101 kids easter basket ideas.html','easter basket ideas'),
(4,'http://ravingsbyrae.com/wp-content/uploads/2013/03/Toddler-Easter-Baskets-2-1024x687.jpg','http://ravingsbyrae.com/2013/03/toddler-easter-baskets','toddler easter baskets','easter basket ideas'),
(5,'http://buttonsgaloreandmore.net/wp-content/uploads/2013/02/Button-Eggs-Close-Up.jpg','http://buttonsgaloreandmore.net/easter-basket-ideas','easter basket ideas','easter basket ideas'),
(6,'https://mysuperfoods.files.wordpress.com/2013/03/dsc_0593.jpg','https://mysuperfoods.wordpress.com/2013/03/21/adorable-easter-basket-ideas','adorable easter basket ideas','easter basket ideas'),
(7,'http://lautdigital.com/wp-content/uploads/2014/04/EasterBasket-01.jpg','http://lautdigital.com/easter-basket-ideas-for-little-ones','easter basket ideas for little ones','easter basket ideas'),
(8,'http://momslifeboat.com/wp-content/uploads/2013/02/Easter-Basket-Collage.jpg','http://momslifeboat.com/homemade-easter-basket-ideas','homemade easter basket ideas','easter basket ideas'),
(9,'http://ravingsbyrae.com/wp-content/uploads/2013/03/Non-Candy-Basket-Ideas-1024x682.jpg','http://ravingsbyrae.com/2013/03/toddler-easter-baskets','toddler easter baskets','easter basket ideas'),
(10,'http://www.momendeavors.com/wp-content/uploads/2012/04/Easter-Basket.jpg','http://www.momendeavors.com/2013/03/great-easter-basket-ideas.html','great easter basket ideas.html','easter basket ideas'),
(11,'http://musthavemom.com/wp-content/uploads/2014/04/Easter-Basket-Ideas-For-Toddlers-Must-Have-Mom.jpg','http://musthavemom.com/2014/04/easter-basket-ideas-for-toddlers-nuby-giveaway.html','easter basket ideas for toddlers nuby giveaway.html','easter basket ideas'),
(12,'http://api.ning.com/files/Ct9BE8xQpt4pyP8o5Ufo5KaF2Wm34Yp5pTIfDtub0UlFS34xhMBmT-qQB5h2ygd*XUAzPpM4LgdhJE8G86uOxMJiPdCjoY7G/healthybasket.JPG','http://community.healthywomen.org/profiles/blogs/tips-for-creating-fun-and-healthy-easter-baskets','tips for creating fun and healthy easter baskets','easter basket ideas'),
(13,'http://glittermagic.files.wordpress.com/2013/03/christ-centered-easter-basket-ideas.jpg','http://happyhomefairy.com/2013/03/12/christ-centered-easter-basket-ideas','christ centered easter basket ideas','easter basket ideas'),
(14,'http://www.thetaylor-house.com/wp-content/uploads/blogger/-N6fyCFQv00s/T3-Yr8ilX6I/AAAAAAAACE8/lDXzOF5uaYA/s1600/DSCF9952.JPG','http://www.thetaylor-house.com/easter-basket-cake','easter basket cake','easter basket ideas'),
(15,'http://ravingsbyrae.com/wp-content/uploads/2013/03/IMG_0520-1024x682.jpg','http://ravingsbyrae.com/tag/easter-basket-ideas-for-kids','easter basket ideas for kids','easter basket ideas'),
(16,'http://www.iheartnaptime.net/wp-content/uploads/2012/04/easter-basket-ideas.jpg','http://www.iheartnaptime.net/50-easter-basket-ideas','50 easter basket ideas','easter basket ideas'),
(17,'http://diyonthecheap.com/wp-content/uploads/boys-easter-basket-kroger-733x1024.jpg','http://diyonthecheap.com/boys-easter-basket-ideas','boys easter basket ideas','easter basket ideas'),
(18,'http://ericabarker.com/wp-content/uploads/2014/04/Easter-Basket-Ideas.jpg','http://ericabarker.com/easter-basket-ideas-non-candy-variety','easter basket ideas non candy variety','easter basket ideas'),
(19,'http://www.spitupisthenewblack.com/wp-content/uploads/2014/04/Easter-basket-ideas-for-toddlers.jpg','http://www.spitupisthenewblack.com/2014/04/09/easter-basket-ideas-toddlers-3-boys-girls','easter basket ideas toddlers 3 boys girls','easter basket ideas'),
(20,'http://glittermagic.files.wordpress.com/2013/03/christ-centered-easter-basket-ideas-at-happyhomefairy-com.jpg','http://happyhomefairy.com/2013/03/12/christ-centered-easter-basket-ideas','christ centered easter basket ideas','easter basket ideas'),
(21,'http://www.sippycupmom.com/wp-content/uploads/2014/04/Easter-Basket-Ideas-for-One-Year-olds.jpg','http://www.sippycupmom.com/2014/04/easter-basket-ideas-one-year-olds.html','easter basket ideas one year olds.html','easter basket ideas'),
(22,'http://glittermagic.files.wordpress.com/2011/04/easter-basket-filler-2.jpg','http://happyhomefairy.com/2011/04/15/easter-basket-filler-ideas','easter basket filler ideas','easter basket ideas'),
(23,'http://tuffboys.com/wp-content/uploads/2015/01/gift_basket_ideas_for_teens_screensaver.jpg','http://tuffboys.com/gift-basket-ideas-for-teens-screensaver','gift basket ideas for teens screensaver','easter basket ideas'),
(24,'http://modernmrsdarcy.com/wp-content/uploads/2014/03/37-Easter-basket-gift-ideas.jpg','http://modernmrsdarcy.com/2014/03/37-fun-useful-and-generally-worthwhile-gifts-for-your-kids-easter-baskets','37 fun useful and generally worthwhile gifts for your kids easter baskets','easter basket ideas'),
(25,'http://static1.squarespace.com/static/529ebd55e4b0736bd37aa856/t/533ece20e4b0e277ef5d2c4e/1396624934856/allies%252Bfirst%252Beaster%252Bbasket%252Bideas','http://www.ajandcjplay.com/blog/2014/3/25/easter-basket','easter basket','easter basket ideas'),
(26,'http://www.100layercakelet.com/wp-content/uploads/2013/03/natural-easter-basket-ideas-2.jpg','http://www.100layercakelet.com/2013/03/26/a-natural-easter-basket','a natural easter basket','easter basket ideas'),
(27,'http://buttonsgaloreandmore.net/wp-content/uploads/2013/02/Button-Basket.jpg','http://buttonsgaloreandmore.net/easter-basket-ideas','easter basket ideas','easter basket ideas'),
(28,'http://www.savvysassymoms.com/blog/wp-content/uploads/2013/03/easter-basket-ideas.jpg','http://www.savvysassymoms.com/blog/time-to-get-hopping-easter-basket-gifts-ideas/easter-basket-ideas-2','easter basket ideas 2','easter basket ideas'),
(29,'http://3.bp.blogspot.com/-BLiFwurDUKM/T4Ljw7c3RbI/AAAAAAAADV0/d24vtoTeDag/s1600/billy%252Bbasket%252B1.jpg','http://www.mykeepcalmandcarryon.com/2012/04/easter-2012-in-pictures.html','easter 2012 in pictures.html','easter basket ideas'),
(30,'http://www.thegunnysack.com/wp-content/uploads/2013/03/Fill_Balloons_Candy.jpg','http://www.thegunnysack.com/2013/03/easter-basket-filler-idea-balloon-egg-pinata.html','easter basket filler idea balloon egg pinata.html','easter basket ideas'),
(31,'http://triadmomsonmain.com/images/Rachel%252520Originals/easterbasket2.JPG','http://triadmomsonmain.com/my-blog/ideas-from-the-easter-bunny','ideas from the easter bunny','easter basket ideas'),
(32,'http://glamorouslymommy.com/wp-content/uploads/2014/03/10-Non-Candy-Easter-Basket-Ideas-for-Girls.jpg','http://glamorouslymommy.com/tag/10-non-candy-easter-basket-ideas-for-girls','10 non candy easter basket ideas for girls','easter basket ideas'),
(33,'http://glittermagic.files.wordpress.com/2013/03/basket-collage.jpg','http://happyhomefairy.com/2013/03/19/easter-basket-craft-ideas','easter basket craft ideas','easter basket ideas'),
(34,'http://charlenechronicles.wpengine.netdna-cdn.com/wp-content/uploads/2012/04/Hersheys_Easter_Basket1.jpg','http://www.charlenechronicles.com/home/easter-basket-ideas','easter basket ideas','easter basket ideas'),
(35,'http://img.loveitsomuch.com/uploads/201402/17/ea/easter%252520basket%252520ideas%252520peep%252520easter%252520basket%252520cake%252520diy%252520easter%252520craft%252520ideas%252520easter%252520party%252520decorations-f01924.jpg','http://easteriscoming.loveitsomuch.com/stores/easter-basket-ideas-ephemeral-easter-basket-diy-easter-craft-ideas-easter-party-decorations-13926239,649275.html','easter basket ideas ephemeral easter basket diy easter craft ideas easter party decorations 13926239,649275.html','easter basket ideas'),
(36,'http://www.nestofposies-blog.com/wp-content/uploads/2014/03/Mason-Jar-Easter-Basket-Ideas.jpg','http://www.nestofposies-blog.com/2014/03/mason-jar-easter-basket','mason jar easter basket','easter basket ideas'),
(37,'http://modernmagazin.com/wp-content/uploads/2014/03/DIY-easter-baskets.jpg','http://modernmagazin.com/easter-basket-ideas-for-kids','easter basket ideas for kids','easter basket ideas'),
(38,'http://www.familylifeinlv.com/wp-content/uploads/2014/04/Easter-Basket-Ideas-for-baby-toddler-and-preschoolers-731x1024.jpg','http://www.familylifeinlv.com/2014/04/easter-basket-ideas-for-baby-toddler-and-preschoolers.html','easter basket ideas for baby toddler and preschoolers.html','easter basket ideas'),
(39,'http://i1.wp.com/myunentitledlife.com/wp-content/uploads/2014/03/easter-basket-1.jpg%253Fresize%253D1640%25252C907','http://morefrommom.com/?p%3D88','?p%3D88','easter basket ideas'),
(40,'http://aheartfulloflove.com/wp-content/uploads/2013/03/teenEasterbasketideas.jpg','http://aheartfulloflove.com/teen-easter-basket-ideas','teen easter basket ideas','easter basket ideas'),
(41,'http://4.bp.blogspot.com/-QdHV9CSWIgQ/T2_m8u_L87I/AAAAAAAAB_k/_wzaeKxPM48/s1600/team%252Bfun%252B007.JPG','http://momnmescrap.blogspot.com/2012/03/card-day-blog-easter-basket-ideas.html','card day blog easter basket ideas.html','easter basket ideas'),
(42,'http://www.theshoppingmama.com/wp-content/uploads/2013/03/Easter-Basket-Gift-Ideas-for-Girls.jpg','http://www.theshoppingmama.com/tag/easter-basket-gift-ideas','easter basket gift ideas','easter basket ideas'),
(43,'http://3.bp.blogspot.com/-vuyo8qENc-s/T3S7Qi7W3RI/AAAAAAAAFA4/aucpDyGM9bo/s1600/IMGP0870%252B-%252BCopy.jpg','http://paolucci2007.blogspot.com/2012/03/101-easter-basket-ideas.html','101 easter basket ideas.html','easter basket ideas'),
(44,'http://southernnewhampshirekids.com/wp-content/uploads/2013/03/029.jpg','http://southernnewhampshirekids.com/?p%3D1640','?p%3D1640','easter basket ideas'),
(45,'http://anightowlblog.com/wp-content/uploads/2014/03/Easter-Basket-Ideas-8b.jpg','http://anightowlblog.com/2014/03/easter-basket-ideas-world-market.html','easter basket ideas world market.html','easter basket ideas'),
(46,'http://www.tweetandeats.com/wp-content/uploads/2012/04/DSC_0001.jpg','http://tweetandeats.com/beach-themed-easter-baskets','beach themed easter baskets','easter basket ideas'),
(47,'https://s-media-cache-ak0.pinimg.com/originals/57/76/27/577627cc048f0db2c518ebfc0f1a374a.jpg','http://galleryhip.com/easter-baskets-ideas-for-girls.html','easter baskets ideas for girls.html','easter basket ideas'),
(48,'http://thisgirlslifeblog.com/wp-content/uploads/2014/03/easter-basket-ideas.png','http://thisgirlslifeblog.com/2014/03/easter-basket-ideas.html','easter basket ideas.html','easter basket ideas'),
(49,'http://www.themodchik.com/wp-content/uploads/2012/03/easter-basket-ideas-full.jpg','http://www.themodchik.com/2012/03/easter-basket-fillers-for-kids','easter basket fillers for kids','easter basket ideas'),
(50,'http://itsawahmlife.com/wp-content/uploads/2011/04/easterbasket-012.jpg','http://itsawahmlife.com/healthy-easter-basket-ideas.html','healthy easter basket ideas.html','easter basket ideas'),
(51,'http://www.chambanamoms.com/wp-content/uploads/2013/03/DSC_0084.jpg','http://www.chambanamoms.com/2014/03/24/easter-treat-ideas','easter treat ideas','easter basket ideas'),
(52,'http://celebrating-family.com/wp-content/uploads/2014/03/50-Easter-Basket-Ideas-That-Arent-Candy.jpg','http://celebrating-family.com/2014/03/31/easter-basket-ideas','easter basket ideas','easter basket ideas'),
(53,'http://babyblytheblog.com/wp-content/uploads/2014/04/Easter-Basket-Ideas-for-a-One-Year-Old.jpg','http://babyblytheblog.com/2014/04/04/easter-basket-ideas-one-year-old-starry-knight-design-giveaway','easter basket ideas one year old starry knight design giveaway','easter basket ideas'),
(54,'http://todaysmamacom.c.presscdn.com/wp-content/blogs.dir/6/files/2013/03/eastereggfillerideas.jpg','http://imgkid.com/easter-baskets-ideas-for-toddlers.shtml','easter baskets ideas for toddlers.shtml','easter basket ideas'),
(55,'http://www.mymommystyle.com/wp-content/uploads/2014/03/Outdoor-Fun-Easter-basket-682x1024(pp_w640_h960).jpg','http://www.mymommystyle.com/2014/03/31/candy-free-easter-basket-ideas','candy free easter basket ideas','easter basket ideas'),
(56,'http://jadelouisedesigns.com/wp-content/uploads/2013/03/IMG_0360.jpg','http://www.jadelouisedesigns.com/easter-basket-ideas-for-kids-of-all','easter basket ideas for kids of all','easter basket ideas'),
(57,'http://diyonthecheap.com/wp-content/uploads/easter-basket-1004x1024.jpg','http://diyonthecheap.com/boys-easter-basket-ideas','boys easter basket ideas','easter basket ideas'),
(58,'http://glittermagic.files.wordpress.com/2013/03/christian-easter-basket-ideas5.jpg','http://happyhomefairy.com/tag/christian-easter-ideas/page/2','2','easter basket ideas'),
(59,'https://moviewriternyu.files.wordpress.com/2014/04/easter-basket.jpg','http://galleryhip.com/easter-baskets-ideas-for-boys.html','easter baskets ideas for boys.html','easter basket ideas'),
(60,'http://1.bp.blogspot.com/-aA4DQZ6sERM/USU0FAHLwEI/AAAAAAAAAr8/UrbbXPeONs0/s1600/PhotoGrid_1361387860244.jpg','http://flowers-kid.com/easter-basket-craft-ideas-for-preschoolers.htm','easter basket craft ideas for preschoolers.htm','easter basket ideas'),
(61,'http://day2dayjoys.com/wp-content/uploads/2014/04/7-Non-Sweet-Easter-Basket-Ideas-.jpg','http://day2dayjoys.com/2014/04/7-non-sweet-easter-basket-ideas.html','7 non sweet easter basket ideas.html','easter basket ideas'),
(62,'http://www.stockpilingmoms.com/wp-content/uploads/2014/03/50-Easter-Basket-Ideas-for-Toddlers.jpg','http://www.stockpilingmoms.com/2014/03/50-easter-basket-ideas-for-toddlers','50 easter basket ideas for toddlers','easter basket ideas'),
(63,'http://www.deliciouslywell.com/wp-content/uploads/2013/03/Easter-Basket-Ideas.jpg','http://www.deliciouslywell.com/2013/03/24/fresh-ideas-for-easter','fresh ideas for easter','easter basket ideas'),
(64,'https://s-media-cache-ak0.pinimg.com/originals/49/b0/7d/49b07de5968a3562991963e86fff24d6.jpg','https://www.pinterest.com/sportsmomof2boy/easter-basket-ideas','easter basket ideas','easter basket ideas'),
(65,'http://girlshue.com/wp-content/uploads/2013/02/15-Best-Easter-Bunny-Gift-Basket-Ideas-2013-2.jpg','http://www.girlshue.com/15-best-easter-bunny-gift-basket-ideas-2013','15 best easter bunny gift basket ideas 2013','easter basket ideas'),
(66,'http://ravingsbyrae.com/wp-content/uploads/2013/03/IMG_0565-1024x682.jpg','http://ravingsbyrae.com/tag/diy-easter-baskets','diy easter baskets','easter basket ideas'),
(67,'http://creaturecomfortsblog.com/ccwp/wp-content/uploads/2013/01/eastergiftbasketadventure.jpg','http://creaturecomfortsblog.com/home/2012/03/29/unique-easter-gift-basket-ideas-for-adults.html','unique easter gift basket ideas for adults.html','easter basket ideas'),
(68,'http://img.loveitsomuch.com/uploads/201402/17/ea/easter%252520basket%252520ideas%252520tutu%252520easter%252520basket%252520tutorial%252520rustic%252520easter%252520craft%252520ideas%252520easter%252520table%252520decor-f17156.jpg','http://easteriscoming.loveitsomuch.com/boards/personalized-ideas-about-easter-basket.123586','personalized ideas about easter basket.123586','easter basket ideas'),
(69,'http://media-cache-ak0.pinimg.com/originals/c2/35/65/c235658f34157dc7cd55b0c337076b8a.jpg','http://imgkid.com/easter-baskets-for-adults-ideas.shtml','easter baskets for adults ideas.shtml','easter basket ideas'),
(70,'http://tweetandeats.com/wp-content/uploads/2012/04/DSC_0003.jpg','http://tweetandeats.com/beach-themed-easter-baskets','beach themed easter baskets','easter basket ideas'),
(71,'http://theshoppingmama.com/wp-content/uploads/2013/03/Babys-First-Easter-Basket-Gift-Ideas.jpg','http://www.theshoppingmama.com/2013/03/babys-first-easter-basket-gift-guide','babys first easter basket gift guide','easter basket ideas'),
(72,'http://creativehouseblog.com/wp-content/uploads/2014/03/DIY-Easter-Basket-and-Baby-Gift-Ideas-006.jpg','http://creativehouseblog.com/diy-easter-basket-gift-ideas-for-baby','diy easter basket gift ideas for baby','easter basket ideas'),
(73,'http://triadmomsonmain.com/images/Rachel%252520Originals/easterbasket1.JPG','http://triadmomsonmain.com/my-blog/ideas-from-the-easter-bunny','ideas from the easter bunny','easter basket ideas'),
(74,'http://glittermagic.files.wordpress.com/2013/03/christian-easter-basket-ideas7.jpg','http://galleryhip.com/easter-basket-ideas-for-baby-boy.html','easter basket ideas for baby boy.html','easter basket ideas'),
(75,'http://anightowlblog.com/wp-content/uploads/2013/02/wm-easter-bakers-gift.jpg','http://anightowlblog.com/2013/02/easter-basket-ideas-worldmarket.html','easter basket ideas worldmarket.html','easter basket ideas'),
(76,'http://raisingolives.com/wp-content/uploads/2013/02/IMG_2359.jpg','http://galleryhip.com/easter-basket-ideas-for-toddler-boys.html','easter basket ideas for toddler boys.html','easter basket ideas'),
(77,'http://lwvogue.com/wp-content/uploads/2014/04/EasterBasket.jpg','http://lwvogue.com/beautiful-and-cheap-easter-basket-ideas','beautiful and cheap easter basket ideas','easter basket ideas'),
(78,'http://img.loveitsomuch.com/uploads/201402/17/ea/easter%252520basket%252520ideas%252520%252520easter%252520egg%252520bouquet%252520easter%252520table%252520centerpiece%252520easter%252520party%252520ideas-f98573.jpg','http://www.loveitsomuch.com/stores/easter-basket-ideas-easter-egg-bouquet-easter-table-centerpiece-easter-party-ideas-1392699436,649601.html/full','full','easter basket ideas'),
(79,'http://momitforward.com/wp-content/uploads/2013/03/image004-1-1024x1024.jpg','http://momitforward.com/holiday-craft-easter-basket-ideas-from-target','holiday craft easter basket ideas from target','easter basket ideas'),
(80,'http://southernnewhampshirekids.com/wp-content/uploads/2013/03/036.jpg','http://southernnewhampshirekids.com/?p%3D1640','?p%3D1640','easter basket ideas'),
(81,'http://www.mymommystyle.com/wp-content/uploads/2014/03/alphabet-easter-basket-ideas.jpg','http://www.mymommystyle.com/2014/03/31/candy-free-easter-basket-ideas','candy free easter basket ideas','easter basket ideas'),
(82,'http://img.loveitsomuch.com/uploads/201404/03/ea/easter%252520bunny%252520basket%252520easter%252520craft%252520ideas%252520easter%252520basket%252520tutorial-f20149.jpg','http://olivatalor.loveitsomuch.com/stores/easter-bunny-basket-easter-craft-ideas-easter-basket-tutorial-1396509599,678856.html','easter bunny basket easter craft ideas easter basket tutorial 1396509599,678856.html','easter basket ideas'),
(83,'http://theseasonalhome.com/wp-content/uploads/2013/03/kid-easter-basket.jpg','http://theseasonalhome.com/2013/03/26/easter-baskets-for-all-ages','easter baskets for all ages','easter basket ideas'),
(84,'http://img.loveitsomuch.com/uploads/201402/17/ea/easter%252520basket%252520ideas%252520metal%252520easter%252520basket%252520with%252520burlap%252520bunnies%252520diy%252520easter%252520craft%252520ideas%252520easter%252520party%252520deco-f69753.jpg','http://easteriscoming.loveitsomuch.com/stores/easter-basket-ideas-metal-easter-basket-with-burlap-bunnies-diy-easter-craft-ideas-easter-party-deco,649264.html','easter basket ideas metal easter basket with burlap bunnies diy easter craft ideas easter party deco,649264.html','easter basket ideas'),
(85,'http://lh4.ggpht.com/-QP6hnbiscuU/UzIJVrPDPNI/AAAAAAAAEtY/4_m3489nhzc/easter%2525252520baby_thumb%252525255B8%252525255D.jpg%253Fimgmax%253D800','http://www.momsmessymiracles.com/2014/03/easter-basket-ideas-for-baby.html','easter basket ideas for baby.html','easter basket ideas'),
(86,'http://www.simplyrealmoms.com/wp-content/uploads/2014/04/Candy-Free-Easter-Baskets-640x986.jpg','http://www.simplyrealmoms.com/posts/great-easter-basket-ideas-kids','great easter basket ideas kids','easter basket ideas'),
(87,'http://4.bp.blogspot.com/-PmN-wdohx_o/UyENyR2OkHI/AAAAAAAAUkw/qNbWt_9lu44/s1600/Untitled%252B2.png','http://frommrstomama.blogspot.com/2014/03/toddler-easter-basket-ideas.html','toddler easter basket ideas.html','easter basket ideas'),
(88,'http://ohamanda.com/wp-content/uploads/2011/04/easter-basket-alternative-ideas-1024x685.jpg','http://ohamanda.com/2011/04/19/easter-basekt-alternative','easter basekt alternative','easter basket ideas'),
(89,'http://1.bp.blogspot.com/-rRFWMsk4No8/UVS4ocg9GqI/AAAAAAAAJNM/FOR_1dcSnwY/s1600/skylanderbaskets.png','http://www.howdy-honey.com/2013/03/easter-basket-ideas-for-boys.html','easter basket ideas for boys.html','easter basket ideas'),
(90,'http://mycupcakeaddictionblogdotcom.files.wordpress.com/2014/04/easter-basket-1.jpg','http://mycupcakeaddictionblog.com/2014/04/14/sweet-easter-ideas','sweet easter ideas','easter basket ideas'),
(91,'http://img.loveitsomuch.com/uploads/201402/23/tu/tutu%252520easter%252520basket%252520diy%252520easter%252520basket%252520rustic%252520easter%252520craft%252520ideas%252520easter%252520table%252520decorations-f71113.jpg','http://cindytbelle.loveitsomuch.com','cindytbelle.loveitsomuch.com','easter basket ideas'),
(92,'http://mywholefoodlife.com/wp-content/uploads/2013/03/easter.jpg','http://mywholefoodlife.com/2013/03/17/healthy-easter-basket-ideas','healthy easter basket ideas','easter basket ideas'),
(93,'http://sunshineandsippycups.com/wp-content/uploads/2013/03/Chicks-easter.jpg','http://sunshineandsippycups.com/2013/03/easter-basket-ideas-for-little-girls','easter basket ideas for little girls','easter basket ideas'),
(94,'http://www.earnesthomeco.com/wp-content/uploads/2013/03/grown-up-easter-1.jpg','http://www.earnesthomeco.com/an-easter-basket-for-grown-ups','an easter basket for grown ups','easter basket ideas'),
(95,'http://makinglemonadeblog.com/wp-content/uploads/2013/02/FINAL_Easter_Traditions-1024x1024.jpg','http://makinglemonadeblog.com/easter-gifts-entertaining-spring-decor','easter gifts entertaining spring decor','easter basket ideas'),
(96,'https://s-media-cache-ak0.pinimg.com/736x/07/bd/27/07bd27227743432e3ff3c6f2490cfb29.jpg','https://www.pinterest.com/explore/easter-basket-ideas','easter basket ideas','easter basket ideas'),
(97,'http://nextkidthing.com/wp-content/uploads/Colorful-Nature-Easter-Basket_www_FullHDWpp_com_1.jpg','http://nextkidthing.com/?p%3D6435','?p%3D6435','easter basket ideas'),
(98,'http://1.bp.blogspot.com/-xUWwiX6tRTM/T3x2mniqcZI/AAAAAAAADiE/I7dmAw6f_rc/s1600/03-24-12Easter%252BBasket%252BBoquets030.jpg','http://www.artistichandsoffaith.com/?p%3D347','?p%3D347','easter basket ideas'),
(99,'http://carrotsformichaelmas.com/wp-content/uploads/2014/03/giveaway2-1024x768.jpg','http://www.carrotsformichaelmas.com/2014/03/19/more-than-chocolate-bunnies-simple-and-fun-kids-easter-basket-fillers-and-easter-egg-votives-giveaway','more than chocolate bunnies simple and fun kids easter basket fillers and easter egg votives giveaway','easter basket ideas'),
(100,'http://lwvogue.com/wp-content/uploads/2014/04/EasterBasketCollage.jpg','http://lwvogue.com/beautiful-and-cheap-easter-basket-ideas','beautiful and cheap easter basket ideas','easter basket ideas'),
(101,'http://www.serendipityfood.com/wp-content/uploads/2014/04/natural-easter-basket-ideas-4.jpg','http://www.serendipityfood.com/everything-easter','everything easter','easter basket ideas'),
(102,'http://fiveintow.com/wp-content/uploads/2013/03/easter-basket-ideas-for-men.jpg','http://fiveintow.com/tag/easter-baskets-for-men','easter baskets for men','easter basket ideas'),
(103,'http://media2.popsugar-assets.com/files/2013/03/13/3/192/1922195/0dc0f66272c6cb40_basket_cover.xxxlarge/i/Easter-Basket-Ideas-Adults.jpg','http://www.popsugar.com/food/Easter-Basket-Ideas-Adults-28897353','Easter Basket Ideas Adults 28897353','easter basket ideas'),
(104,'http://thenymelrosefamily.com/wp-content/gallery/easter-basket-ideas/Easter-Basket-Ideas.jpg','http://thenymelrosefamily.com/2014/03/easter-basket-ideas.html','easter basket ideas.html','easter basket ideas'),
(105,'http://www.chockababy.com/wp-content/uploads/2014/04/easter-basket-ideas.jpg','http://imgkid.com/easter-baskets-ideas-for-teens.shtml','easter baskets ideas for teens.shtml','easter basket ideas'),
(106,'http://mylittle3andme.co.uk/wp-content/uploads/2013/03/Easter-Basket-Decorated-With-Daisies.jpg','http://flowers-kid.com/homemade-easter-basket-ideas-for-kids.htm','homemade easter basket ideas for kids.htm','easter basket ideas'),
(107,'http://ii.worldmarket.com/fcgi-bin/iipsrv.fcgi%253FFIF%253D/images/worldmarket/source/39133_XXX_v1.tif%2526wid%253D2000%2526cvt%253Djpeg','http://www.worldmarket.com/product/leaping%2Bbunny%2Bfelt%2Beaster%2Bbasket.do','leaping%2Bbunny%2Bfelt%2Beaster%2Bbasket.do','easter basket ideas'),
(108,'http://i1150.photobucket.com/albums/o613/itscheapash/EasterBasketIdeas.png','http://www.workitmom.com/bloggers/momonabudget/2014/04/03/simple-easter-basket-ideas','simple easter basket ideas','easter basket ideas'),
(109,'http://www.welikehouse.com/wp-content/uploads/easter-table-decoration-ideas-musings-from-kim-k-easter-basket-fillers-amp-easter-table-30573.jpg','http://www.welikehouse.com/easter-table-decoration-ideas/musings-from-kim-k-easter-basket-fillers-amp-easter-table','musings from kim k easter basket fillers amp easter table','easter basket ideas'),
(110,'http://thecouponproject.com/wp-content/uploads/2014/04/dollarstore.jpg','http://thecouponproject.com/easter-basket-dollar-store-ideas','easter basket dollar store ideas','easter basket ideas'),
(111,'http://static1.squarespace.com/static/525b1e82e4b0ac69ea663022/t/5339b4bfe4b056c90683cb83/1396290753667/easter-basket-gift-ideas','http://www.portraits-by-nc.com/blog/cute-easter-basket-gift-ideas','cute easter basket gift ideas','easter basket ideas'),
(112,'http://www.usefuldiy.com/wp-content/uploads/2013/03/DIY-Egg-Shaped-Easter-Basket-From-String.jpg','http://imgkid.com/homemade-easter-basket-ideas.shtml','homemade easter basket ideas.shtml','easter basket ideas'),
(113,'http://savingmoneylivingsmart.com/wp-content/uploads/2014/03/50-teen-boys-easter-basket.png','http://flowers-kid.com/easter-basket-ideas-for-teenage-boys.htm','easter basket ideas for teenage boys.htm','easter basket ideas'),
(114,'http://i1.wp.com/andthenthereweremore.com/wp-content/uploads/Toddler-Easter-Basket-Ideas-4.jpg%253Fresize%253D700%25252C878','http://andthenthereweremore.com/2014/04/toddler-easter-basket-ideas-easter','toddler easter basket ideas easter','easter basket ideas'),
(115,'http://2.bp.blogspot.com/-sar0-ANpN4M/UxyrwblnpJI/AAAAAAAAFwo/wWGKOnBMgyE/s1600/Easter-Gift-Guide.gif','http://ashleythunderevents.blogspot.com/2014/03/easter-basket-ideas-for-littles.html','easter basket ideas for littles.html','easter basket ideas'),
(116,'http://katarinaspaperie.com/wp-content/uploads/2012/04/basketcloseup.jpg','http://katarinaspaperie.com/2012/04/babys-first-easter-basket','babys first easter basket','easter basket ideas'),
(117,'http://2.bp.blogspot.com/-IDsk5BAdAts/Ta7tEDf-O_I/AAAAAAAAFRQ/x6EcF-BXfbA/s320/20110420_7.JPG','http://momluck.com/sweet-without-the-treat-easter-basket-ideas','sweet without the treat easter basket ideas','easter basket ideas'),
(118,'http://lifeabundant-blog.com/wp-content/uploads/2014/03/EasterBasketFillers_Toddlers_1-2.jpg','http://imgkid.com/easter-basket-ideas-for-girls.shtml','easter basket ideas for girls.shtml','easter basket ideas'),
(119,'http://www.momendeavors.com/wp-content/uploads/2012/04/KmartEaster-Basket-Items.jpg','http://galleryhip.com/easter-baskets-for-boys-ideas.html','easter baskets for boys ideas.html','easter basket ideas'),
(120,'http://1.bp.blogspot.com/-daNeZjN5J8A/T3ZqhidExpI/AAAAAAAAF0o/rF3vuQEsVB4/s1600/100_2232.JPG','http://www.lillepunkin.com/2012/03/cheap-easter-basket-ideas-for-large.html','cheap easter basket ideas for large.html','easter basket ideas'),
(121,'http://theseasonalhome.com/wp-content/uploads/2012/04/s_easter-basket-alternative.jpg','http://imgkid.com/easter-baskets-ideas-for-teens.shtml','easter baskets ideas for teens.shtml','easter basket ideas'),
(122,'http://2.bp.blogspot.com/-ILuILoeKnCg/T3tDRTGWiZI/AAAAAAAACIQ/ttFHU9hWdmM/s1600/Home%252Bmade%252Beaster%252Bbaskets.jpg','http://flowers-kid.com/homemade-easter-basket-ideas.htm','homemade easter basket ideas.htm','easter basket ideas'),
(123,'http://www.thegunnysack.com/wp-content/uploads/2013/03/Happy_Easter_Balloon_Basket.jpg','http://www.thegunnysack.com/2013/03/easter-basket-filler-idea-balloon-egg-pinata.html','easter basket filler idea balloon egg pinata.html','easter basket ideas'),
(124,'http://3.bp.blogspot.com/-7zDPQGmnpjc/T0_zxIHNqoI/AAAAAAAAAC4/R56ZUM8MD00/s1600/bunny.jpg','http://jenjens31.blogspot.com/2012/03/some-easter-basket-ideas-for-march.html','some easter basket ideas for march.html','easter basket ideas'),
(125,'http://1.bp.blogspot.com/-RA4L5pMNtXQ/UVEmowPbwCI/AAAAAAAATwk/iRYgB5Oa2tM/s1600/08Apr12%252B005.JPG','http://www.alittlebiteoflife.net/ten-non-candy-easter-basket-ideas-for-teenagers','ten non candy easter basket ideas for teenagers','easter basket ideas'),
(126,'http://images.bittenandbound.com/iu/t_full/v1396316870/easter-basket-ideas-lego.png','http://www.bittenandbound.com/2014/03/easter-basket-ideas-for-big-kids','easter basket ideas for big kids','easter basket ideas'),
(127,'http://eclecticmomsense.com/wp-content/uploads/2014/03/25-easter-basket-ideas-for-toddlers-and-preschoolers.jpg','http://eclecticmomsense.com/2014/03/25-non-candy-easter-basket-fillers-toddlers-preschoolers.html','25 non candy easter basket fillers toddlers preschoolers.html','easter basket ideas'),
(128,'http://dollarmonger.com/wp-content/uploads/2014/04/Easter-basket-baby.jpg','http://imgkid.com/easter-basket-ideas-for-babies.shtml','easter basket ideas for babies.shtml','easter basket ideas'),
(129,'http://www.urbansherp.com/wp-content/uploads/2012/04/eco-easter-baskets.gif','http://www.urbansherp.com/3-green-easter-basket-ideas','3 green easter basket ideas','easter basket ideas'),
(130,'http://mylittle3andme.co.uk/wp-content/uploads/2013/03/Cute-Carrot-Easter-Baskets-1024x689.jpg','http://mylittle3andme.co.uk/make-a-carrot-easter-basket-free-printable','make a carrot easter basket free printable','easter basket ideas'),
(131,'https://s-media-cache-ak0.pinimg.com/736x/25/23/2e/25232e7c917d8cb5e1649118d6d986ad.jpg','https://www.pinterest.com/pin/175147872978531508','175147872978531508','easter basket ideas'),
(132,'http://i0.wp.com/tatertotsandjello.com/wp-content/uploads/2014/03/Easter-Basket-Ideas-1b.jpg','http://tatertotsandjello.com/2014/03/easter-egg-inspired-vases.html','easter egg inspired vases.html','easter basket ideas'),
(133,'http://media.cmgdigital.com/shared/lt/lt_cache/thumbnail/960/img/photos/2012/05/06/ba/a0/Candy_Free_Easter_B_916815a.JPG','http://www.daytondailynews.com/news/lifestyles/holiday/ideas-healthier-easter-basket/nfbsz','nfbsz','easter basket ideas'),
(134,'http://www.cheeriosandlattes.com/wp-content/uploads/2013/03/Easter-Basket-Giveaway--870x1024.jpg','http://www.cheeriosandlattes.com/easter-basket-giveaway-great-christian-easter-gift-ideas','easter basket giveaway great christian easter gift ideas','easter basket ideas'),
(135,'http://www.cakeideaspics.com/wp-content/uploads/2013/12/easter_basket_cupcakes.jpg','http://www.cakeideaspics.com/easter-basket-cakes','easter basket cakes','easter basket ideas'),
(136,'http://3.bp.blogspot.com/-yoT3A_Kg-q4/UyyyBVb1dPI/AAAAAAAARLs/FsyEPq6yIM4/s1600/EASTERB7.png','http://www.ohsoamelia.com/2014/03/baby-toddler-easter-basket-ideas.html','baby toddler easter basket ideas.html','easter basket ideas'),
(137,'http://2.bp.blogspot.com/-aG7rMrNpQgM/TbOVlQyWHsI/AAAAAAAAAOY/RwiSOre7g_s/s1600/SANY0793.JPG','http://www.riverregionfamily.com/2011/04/50-candy-free-easter-basket-ideas.html','50 candy free easter basket ideas.html','easter basket ideas'),
(138,'http://afewshortcuts.com/wp-content/uploads/2014/02/7-Cheap-Easter-Basket-Ideas.png','http://theinspiredhome.org/no-candy-easter-basket-ideas','no candy easter basket ideas','easter basket ideas'),
(139,'https://s-media-cache-ak0.pinimg.com/736x/cb/a4/77/cba477585637d95f4f5731e5397f2b84.jpg','https://www.pinterest.com/pin/429390145693653409','429390145693653409','easter basket ideas'),
(140,'http://sparrowsoireesblog.files.wordpress.com/2013/03/easter-basket.jpg','http://sparrowsoireesblog.com/2013/03/19/the-tyke-basket-easter-ideas','the tyke basket easter ideas','easter basket ideas'),
(141,'http://www.clarkscondensed.com/wp-content/uploads/2013/03/b4b273972455eb76b0baba407c9dc255.jpg','http://www.clarkscondensed.com/gift-ideas/easter-ideas-for-babies-and-toddlers','easter ideas for babies and toddlers','easter basket ideas'),
(142,'http://images.bittenandbound.com/iu/t_full/v1396316418/easter-basket-ideas-for-big-kids.png','http://www.bittenandbound.com/2014/03/easter-basket-ideas-for-big-kids','easter basket ideas for big kids','easter basket ideas'),
(143,'http://www.familyholiday.net/wp-content/uploads/2013/03/Creative-Fabric-Easter-Basket-Gift-Ideas-_34.jpg','http://www.familyholiday.net/creative-fabric-easter-basket-gift-ideas','creative fabric easter basket gift ideas','easter basket ideas'),
(144,'http://2.bp.blogspot.com/-XYcsSA9oXYw/T3Psvq-aviI/AAAAAAAAASo/p5KFkVFZyo0/s1600/IMG_2132.JPG','http://www.psmiyo.com/2012/03/easter-basket-ideas-for-teens.html','easter basket ideas for teens.html','easter basket ideas'),
(145,'http://www.mommysavers.com/wp-content/uploads/2014/04/007-1.jpg','http://www.mommysavers.com/easter-basket-stuffer-ideas','easter basket stuffer ideas','easter basket ideas'),
(146,'http://3.bp.blogspot.com/-aYH10t5TdbU/Uz8Qxe9vWcI/AAAAAAAAOMw/C0fNUgCBW-8/s1600/frozen-easter-baskets-and-printables.jpg','http://sisterssuitcaseblog.com/2014/04/frozen-elsa-easter-basket.html','frozen elsa easter basket.html','easter basket ideas'),
(147,'http://2.bp.blogspot.com/-ifNJdYuL6Iw/UUZe7JcshnI/AAAAAAAAAU8/v7ipJSb3Ovo/s1600/easter%252Bbasket.jpg','http://tinytoestpt.blogspot.com/2013/03/easter-baskets-for-all-kids.html','easter baskets for all kids.html','easter basket ideas'),
(148,'https://s-media-cache-ak0.pinimg.com/736x/15/e8/e2/15e8e2be68cc2e204e099d3d510ddd0b.jpg','https://www.pinterest.com/pin/357262182910265278','357262182910265278','easter basket ideas'),
(149,'http://www.allthingsgd.com/wp-content/uploads/2012/03/Easter-Egg-Fillers-1024x812.jpg','http://www.allthingsgd.com/2012/03/20-candy-free-easter-egg-fillers-for','20 candy free easter egg fillers for','easter basket ideas'),
(150,'http://www.herecomethegirlsblog.com/wp-content/uploads/2014/03/IMG_2676.jpg','http://www.herecomethegirlsblog.com/2014/03/06/easter-baskets-top-ideas-gifts-girls.html','easter baskets top ideas gifts girls.html','easter basket ideas'),
(151,'http://nebula.wsimg.com/d3bc52063afa03961acdb0d0bceaac55%253FAccessKeyId%253DE38CD2F29FA74F5E77C5%2526disposition%253D0%2526alloworigin%253D1','http://www.carolinabasketcase.com/easter-fun.html','easter fun.html','easter basket ideas'),
(152,'http://couponswaps.com/hawaiicoupondiva.com/wp-content/uploads/2012/04/basket.jpg','http://imgkid.com/homemade-easter-basket-ideas.shtml','homemade easter basket ideas.shtml','easter basket ideas'),
(153,'http://4.bp.blogspot.com/-cW9DFk_-lak/UyB1uLbC6rI/AAAAAAAANFk/xF1X2QE4GWc/s1600/girlseasterbasketfinal.gif','http://www.youngatheartmommy.com/2014/03/easter-basket-stuffers-featuring.html','easter basket stuffers featuring.html','easter basket ideas'),
(154,'http://obsessivemommy.com/wp-content/uploads/2013/03/Sept-2011-Posts76.jpg','http://obsessivemommy.com/2013/03/26/10-affordable-easter-basket-ideas-girl-edition','10 affordable easter basket ideas girl edition','easter basket ideas'),
(155,'http://hideousdreadfulstinky.com/wp-content/uploads/2014/04/paper-bag-easter-basket-title.jpg','http://hideousdreadfulstinky.com/2014/04/grocery-bag-easter-basket-boys.html','grocery bag easter basket boys.html','easter basket ideas'),
(156,'https://s-media-cache-ak0.pinimg.com/736x/bb/0a/06/bb0a06eaa5d7a6303d476db4717b8b61.jpg','https://www.pinterest.com/dena84/thirty-one-ideas','thirty one ideas','easter basket ideas'),
(157,'http://www.time2saveworkshops.com/wp-content/uploads/2014/04/easter-baskets-for-teens.jpg','http://www.time2saveworkshops.com/easter-baskets-teens-tweens-5-frugal-ideas','easter baskets teens tweens 5 frugal ideas','easter basket ideas'),
(158,'http://cosmiamag.com/wp-content/uploads/2014/03/Easter-Baskets-Gifts-3.27.13-014.jpg','http://imgkid.com/easter-gift-basket-ideas.shtml','easter gift basket ideas.shtml','easter basket ideas'),
(159,'http://2.bp.blogspot.com/-cWNyhcrsa30/UTIsS3VFJiI/AAAAAAAAI7w/-WUHZAYy6HM/s1600/DIY-washi-tape-Easter-egg-tutorial-Easter-basket-fill-ideas.jpg','http://soapdelinews.com/2013/03/homemade-easter-basket-fillers-10-diy-easter-basket-gift-ideas-for-kids.html','homemade easter basket fillers 10 diy easter basket gift ideas for kids.html','easter basket ideas'),
(160,'http://3boysandadog.com/wp-content/uploads/2014/04/Easter-Basket-Ideas-for-Boys-629x1024.png','http://3boysandadog.com/2014/04/easter-basket-ideas-for-boys-of-all-ages','easter basket ideas for boys of all ages','easter basket ideas'),
(161,'http://channeltwo.twoscompany.com/wp-content/uploads/2014/03/EASTERBASKET_01.jpg','http://channeltwo.twoscompany.com/2014/03/10/great-easter-basket-gift-ideas','great easter basket gift ideas','easter basket ideas'),
(162,'http://jennsblahblahblog.com/wp-content/uploads/Ideas-for-Easter-Baskets.jpg','http://toplowridersites.com/related-pictures-easter-basket-ideas-garden-girl-easter-basket-garden','related pictures easter basket ideas garden girl easter basket garden','easter basket ideas'),
(163,'https://s-media-cache-ak0.pinimg.com/736x/f4/20/fd/f420fd579fccb80c4d8c5ba1e63b5faa.jpg','https://www.pinterest.com/pin/157907530658073433','157907530658073433','easter basket ideas'),
(164,'http://www.mommieswithstyle.com/wp-content/uploads/2014/04/easter2-930x731.jpg','http://www.mommieswithstyle.com/20-non-candy-easter-basket-ideas-for-ages-3-7','20 non candy easter basket ideas for ages 3 7','easter basket ideas'),
(165,'http://www.jadelouisedesigns.com/wp-content/uploads/2013/03/basket.png','http://www.jadelouisedesigns.com/easter-basket-ideas-for-kids-of-all','easter basket ideas for kids of all','easter basket ideas'),
(166,'http://ideas.evite.com/media/old-blog-images/6a00e3982192808833017ee9cf708a970d-800wi.jpg','http://ideas.evite.com/2013/03/easter-basket-for-her','easter basket for her','easter basket ideas'),
(167,'http://savethedateforcupcakes.files.wordpress.com/2013/03/dsc_0240.jpg','http://galleryhip.com/homemade-easter-basket-ideas.html','homemade easter basket ideas.html','easter basket ideas'),
(168,'https://a248.e.akamai.net/f/248/9086/10h/origin-d5.scene7.com/is/image/PaperSource/415044%253F%2524zoom%2524','http://www.babygizmo.com/2012/03/creative-easter-basket-ideas','creative easter basket ideas','easter basket ideas'),
(169,'https://s-media-cache-ak0.pinimg.com/736x/df/77/93/df7793fed20e6610d605e238874ae127.jpg','https://www.pinterest.com/pin/123145371034311665','123145371034311665','easter basket ideas'),
(170,'http://momslifeboat.com/wp-content/uploads/2013/02/toddler-basket.jpg','http://funny-pictures.picphotos.net/toddler-easter-basket-ideas/andthenthereweremore.com*wp-content*uploads*Toddler-Easter-Basket-Ideas-4.jpg','andthenthereweremore.com*wp content*uploads*Toddler Easter Basket Ideas 4.jpg','easter basket ideas'),
(171,'https://s-media-cache-ak0.pinimg.com/736x/a2/92/d3/a292d3eb3a0a8ef14897f1b127b2e48f.jpg','https://www.pinterest.com/pin/18647785929502775','18647785929502775','easter basket ideas'),
(172,'https://s-media-cache-ak0.pinimg.com/736x/6e/24/7f/6e247f96ae2e67c98a6e45fe88537fe5.jpg','https://www.pinterest.com/pin/66498531972255062','66498531972255062','easter basket ideas'),
(173,'http://www.themodchik.com/wp-content/uploads/2012/03/easter-basket-stuffer-items-for-kids-full.jpg','http://www.themodchik.com/2012/03/easter-basket-fillers-for-kids','easter basket fillers for kids','easter basket ideas'),
(174,'http://d.ibtimes.co.uk/en/full/256091/put-all-your-eggs-one-basket.jpg','http://galleryhip.com/easter-basket-ideas-for-adult-men.html','easter basket ideas for adult men.html','easter basket ideas'),
(175,'https://s-media-cache-ak0.pinimg.com/originals/ac/7c/1e/ac7c1e2346d743d09dac106c7528a4c1.jpg','https://www.pinterest.com/teraludlum/easter','easter','easter basket ideas'),
(176,'http://www.marthastewart.com/sites/files/marthastewart.com/imagecache/wmax-1500/ecl/msliving-hires/2012/04_april/in_house_cmyk/alternate_easter_baskets/easter-baskets-flowers-mld108275_sq.jpg','http://www.marthastewart.com/274529/easter-table-crafts-and-favors','easter table crafts and favors','easter basket ideas'),
(177,'http://4.bp.blogspot.com/-dzOGkdhWMgY/T4mZqWcwC-I/AAAAAAAAAUc/nTtHlejzTHI/s1600/203576845625850547_MGXWzRVk_c.jpg','http://www.youngatheartmommy.com/2012/04/homemade-easter-treat-ideas.html','homemade easter treat ideas.html','easter basket ideas'),
(178,'http://theseasonalhome.com/wp-content/uploads/2012/04/s_new-easter-baskets.jpg','http://theseasonalhome.com/2012/04/03/unique-easter-baskets','unique easter baskets','easter basket ideas'),
(179,'http://ecofriendlyusa.files.wordpress.com/2013/03/468244_431494160199563_399256315_o.jpg','http://ecofriendlymamausa.com/2013/03/05/made-in-usa-easter-basket-ideas','made in usa easter basket ideas','easter basket ideas'),
(180,'http://thumbnails-visually.netdna-ssl.com/4-easy-easter-basket-stuffer-ideas_5154596fc51fa_w1500.jpg','http://visual.ly/4-easy-easter-basket-stuffer-ideas','4 easy easter basket stuffer ideas','easter basket ideas'),
(181,'http://i1.wp.com/mothersniche.com/wp-content/uploads/2014/03/Easter-Basket.jpg','http://mothersniche.com/easter-basket-fillers-ideas-toys-actually-last','easter basket fillers ideas toys actually last','easter basket ideas'),
(182,'http://nebula.wsimg.com/1f9275916b44b7cfa50e36e88c3fb7f3%253FAccessKeyId%253DE38CD2F29FA74F5E77C5%2526disposition%253D0%2526alloworigin%253D1','http://www.carolinabasketcase.com/easter-fun.html','easter fun.html','easter basket ideas'),
(183,'https://s-media-cache-ak0.pinimg.com/736x/eb/fc/c9/ebfcc92a4d107f3cf337e80faf8c0ed8.jpg','https://www.pinterest.com/pin/490962796847760175','490962796847760175','easter basket ideas'),
(184,'http://tighsolas.com/img/accessories-special-easter-gift-basket-design-with-white-bunny-and-candy-also-cookies-ideas-for-childrens-25-happy-easter-day-gift-basket-inspiration-for-you-and-yours.jpg','http://imgkid.com/easter-basket-ideas-for-men.shtml','easter basket ideas for men.shtml','easter basket ideas'),
(185,'http://www.cakeideaspics.com/wp-content/uploads/2013/10/easter_basket_cake_with_kit_kat_bars.jpg','http://www.cakeideaspics.com/easter-basket-cake-with-kit-kats','easter basket cake with kit kats','easter basket ideas'),
(186,'http://4.bp.blogspot.com/-B-QPO74WYGM/UXcLJbJ9aFI/AAAAAAAAHIk/ilobjuHKokU/s1600/day%252B89%252B2013%252Beaster%252Bbaskets.jpg','http://galleryhip.com/easter-baskets-ideas-for-boys.html','easter baskets ideas for boys.html','easter basket ideas'),
(187,'http://ii.worldmarket.com/fcgi-bin/iipsrv.fcgi%253FFIF%253D/images/worldmarket/source/39313_XXX_v1.tif%2526wid%253D2000%2526cvt%253Djpeg','http://www.worldmarket.com/product/small%2Bgrass%2Bfelt%2Beaster%2Bbasket.do','small%2Bgrass%2Bfelt%2Beaster%2Bbasket.do','easter basket ideas'),
(188,'https://s-media-cache-ak0.pinimg.com/736x/da/85/f5/da85f56300dd8d217965eeacc1b9a5b1.jpg','http://flowers-kid.com/easter-basket-ideas-for-men.htm','easter basket ideas for men.htm','easter basket ideas'),
(189,'http://media1.onsugar.com/files/2014/04/08/971/n/1922195/3c9a4b2de2d6c6a7_easter-basket-420.xxxlarge_2x.jpg','http://imgkid.com/easter-baskets-for-girls.shtml','easter baskets for girls.shtml','easter basket ideas'),
(190,'http://creaturecomfortsblog.com/ccwp/wp-content/uploads/2013/01/eastergiftbasketentertaining2.jpg','http://creaturecomfortsblog.com/home/2012/03/29/unique-easter-gift-basket-ideas-for-adults.html','unique easter gift basket ideas for adults.html','easter basket ideas'),
(191,'http://www.drodd.com/images10/easter-pictures12.jpg','http://pixgood.com/images-of-easter-baskets.html','images of easter baskets.html','easter basket ideas'),
(192,'http://www.stockpilingmoms.com/wp-content/uploads/2014/04/Easter-Basket-5-final.jpg','http://www.stockpilingmoms.com/2014/04/easter-candy-basket-movie-theme','easter candy basket movie theme','easter basket ideas'),
(193,'http://2.bp.blogspot.com/-JdnF8CI1hyk/USYnbMGL9oI/AAAAAAAAEZM/DKxIl2nCYig/s640/personalcreations1.jpg','http://www.atticgirl.com/2013/02/easter-gift-ideas-for-toddlers.html','easter gift ideas for toddlers.html','easter basket ideas'),
(194,'https://seattlechocolates.files.wordpress.com/2012/04/dscn1185.jpg','https://seattlechocolates.wordpress.com/tag/easter-basket-ideas','easter basket ideas','easter basket ideas'),
(195,'http://www.neworleansmomsblog.com/wp-content/uploads/2013/03/Easter.jpg','http://imgkid.com/easter-basket-ideas-for-babies.shtml','easter basket ideas for babies.shtml','easter basket ideas'),
(196,'http://askaudria.files.wordpress.com/2014/03/573.jpg','http://askaudria.com/2014/03/18/easter-basket-centerpiece','easter basket centerpiece','easter basket ideas'),
(197,'https://thethriftyginger.files.wordpress.com/2013/03/love_dating_craft_candy.jpg','https://thethriftyginger.wordpress.com/2013/03/22/boyfriend-easter-basket-alternative','boyfriend easter basket alternative','easter basket ideas'),
(198,'http://2.bp.blogspot.com/-MLmsXXsNSFI/T3qc1ZwM99I/AAAAAAAAAAc/3ntjJaCuj2E/s1600/SANY0123.JPG','http://almostlike.blogspot.com','almostlike.blogspot.com','easter basket ideas'),
(199,'https://thethriftyginger.files.wordpress.com/2013/03/alternative_to_easter_basket_man.jpg','https://thethriftyginger.wordpress.com/2013/03/22/boyfriend-easter-basket-alternative','boyfriend easter basket alternative','easter basket ideas'),
(200,'http://www.2014interiordesign.com/wp-content/uploads/2014/03/diy-crafts-for-easter________________.jpg','http://www.2014interiordesign.com/design-ideas/prime-38-straightforward-diy-easter-crafts-to-inspire-you','prime 38 straightforward diy easter crafts to inspire you','easter basket ideas'),
(201,'http://www.thepinningmama.com/wp-content/uploads/2013/03/Easter-Finds.jpg','http://www.thepinningmama.com/2013/03/08/fabulous-finds-friday-easter-basket-goodies','fabulous finds friday easter basket goodies','easter basket ideas'),
(202,'https://glittermagic.files.wordpress.com/2013/03/christian-easter-basket-ideas9.jpg','https://happyhomefairy.com/tag/easter-basket-filler-ideas','easter basket filler ideas','easter basket ideas'),
(203,'https://glittermagic.files.wordpress.com/2013/03/christian-easter-basket-ideas8.jpg','http://galleryhip.com/religious-easter-cake-ideas.html','religious easter cake ideas.html','easter basket ideas'),
(204,'http://athriftymom.com/wp-content/uploads//2012/04/Easter-Basket-cupcake-idea-678x1024.jpg','http://moosealmighty.co.uk/picsvkzr/easter-cupcakes-ideas-kids','easter cupcakes ideas kids','easter basket ideas'),
(205,'http://cdn.sheknows.com/articles/2014/04/melissa/22_Adorable_Easter_basket_ideas_for_babies.jpg','http://www.pregnancyandbaby.com/the-hatch-blog/articles/967731/22-adorable-easter-basket-ideas-for-babies','22 adorable easter basket ideas for babies','easter basket ideas'),
(206,'http://images.hellokids.com/_uploads/_tiny_galerie/20100309/easter-basket-source_5vb.jpg','http://www.hellokids.com/c_20326/kids-crafts-and-activities/paper-toys/easter-basket-paper-toy','easter basket paper toy','easter basket ideas'),
(207,'http://momluck.com/wp-content/uploads/2013/03/cookie.jpg','http://galleryhip.com/easter-baskets-for-adults-ideas.html','easter baskets for adults ideas.html','easter basket ideas'),
(208,'http://cleaninup.files.wordpress.com/2011/04/dsc_0031.jpg','http://flowers-kid.com/homemade-easter-basket-ideas.htm','homemade easter basket ideas.htm','easter basket ideas'),
(209,'http://www.theshoppingmama.com/wp-content/uploads/2013/03/Easter-Basket-Ideas-for-Boys.jpg','http://www.theshoppingmama.com/tag/easter-basket-gift-ideas','easter basket gift ideas','easter basket ideas'),
(210,'http://smartypantsfun.com/wp-content/uploads/2012/03/Easter-Cut-Out-Girl-Color.jpeg','http://smartypantsfun.com/easter-kids-craft-printable-easter-basket','easter kids craft printable easter basket','easter basket ideas'),
(211,'http://craftionary.net/wp-content/uploads/blogger/-HwFwQ3LWS7E/T32vO1iqd7I/AAAAAAAAD_w/DhAVVR5ap_c/s1600/easter-gift-basket.jpg','http://www.craftionary.net/easter-kisses-basket-gift-wrap-idea','easter kisses basket gift wrap idea','easter basket ideas'),
(212,'http://img.loveitsomuch.com/uploads/201402/24/ea/easter%252520egg%252520shaped%252520candy%252520easter%252520egg%252520basket%252520cake%252520easter%252520egg%252520decor%252520ideas%252520easter%252520dessert%252520for%252520kids-f09811.png','http://sapphire.loveitsomuch.com/stores/easter-egg-shaped-candy-easter-egg-basket-cake-easter-egg-decor-ideas-easter-dessert-for-kids-139322,652057.html','easter egg shaped candy easter egg basket cake easter egg decor ideas easter dessert for kids 139322,652057.html','easter basket ideas'),
(213,'http://onecharmingparty.com/wordpress/wp-content/uploads/2013/03/easter-basket-goodies.jpg','http://onecharmingparty.com/2013/03/11/easter-basket-goodies','easter basket goodies','easter basket ideas'),
(214,'https://s-media-cache-ak0.pinimg.com/originals/65/18/48/651848fe4a0a098aa2b916d05fd4d41c.jpg','https://www.pinterest.com/brandiej06/easter-egg-hunt-party','easter egg hunt party','easter basket ideas'),
(215,'http://www.tripletliving.com/wp-content/uploads/2014/04/image2.jpg','http://galleryhip.com/easter-basket-ideas-for-husband.html','easter basket ideas for husband.html','easter basket ideas'),
(216,'http://www.cakeideaspics.com/wp-content/uploads/2013/10/easter_basket_cake_with_kit_kats.jpg','http://www.cakeideaspics.com/easter-basket-cake-with-kit-kats','easter basket cake with kit kats','easter basket ideas'),
(217,'http://itsgravybaby.com/wp-content/uploads/2012/04/Easter-Activity-Ideas.jpg','http://itsgravybaby.com/2012/04/encourage-creativity-play-with-an-activity-filled-easter-basket','encourage creativity play with an activity filled easter basket','easter basket ideas'),
(218,'http://babiesgottahaveit.com/wp-content/uploads/2012/03/ecoeggs.jpg','http://babiesgottahaveit.com/?p%3D3903','?p%3D3903','easter basket ideas'),
(219,'http://www.gsheller.com/wp-content/uploads/2013/03/eco-easter-basket-e1362797535668.jpg','http://collectiblegifts12.blogspot.com/2013/03/easter-basket-flower-gifts-ideas.html','easter basket flower gifts ideas.html','easter basket ideas'),
(220,'http://img.loveitsomuch.com/uploads/201404/10/ba/baby%252520boy%252520easter%252520pictures%252520ideas%252520easter%252520basket%252520grass%252520photography-f82638.jpg','http://funnyeaster.loveitsomuch.com/stores/baby-boy-easter-pictures-ideas-easter-basket-grass-photography-1397183336,681488.html','baby boy easter pictures ideas easter basket grass photography 1397183336,681488.html','easter basket ideas'),
(221,'http://maxcdn.inveress.netdna-cdn.com/wp-content/uploads/2014/03/1795658_692755434081162_169762471_n.jpg','http://thewhoot.com.au/whoot-news/recipes/easter-ideas','easter ideas','easter basket ideas'),
(222,'http://blog.personalizationmall.com/wp-content/uploads/2014/03/Easter-Basket-Cupcakes-2.jpg','http://blog.personalizationmall.com/tag/bunny-easter-baskets','bunny easter baskets','easter basket ideas'),
(223,'http://www.simplisticallyliving.com/wp-content/uploads/2013/03/easter-basket-filler-ideas.jpg','http://www.simplisticallyliving.com/best-non-candy-easter-filler-deals','best non candy easter filler deals','easter basket ideas'),
(224,'http://www.pelinsparks.com/wp-content/uploads/2014/03/bunny5.jpg','http://www.pelinsparks.com/en/diyprojectscraftideas/diy-easter-basket-ideas-free-easter-basket-template-for-kids','diy easter basket ideas free easter basket template for kids','easter basket ideas'),
(225,'http://www.thepinkapronblog.com/wp-content/uploads/2012/04/IMG_3186.jpg','http://galleryhip.com/easter-basket-cupcake-ideas.html','easter basket cupcake ideas.html','easter basket ideas'),
(226,'http://3boysandadog.com/wp-content/uploads/2014/04/Easter-Basket-Ideas-for-Girls-629x1024.png','http://3boysandadog.com/2014/04/easter-basket-ideas-for-girls','easter basket ideas for girls','easter basket ideas'),
(227,'http://chocolateandsunshine.com/wp-content/uploads/2014/04/EasterBasketIdeas.jpg','http://chocolateandsunshine.com/easter-baskets-adults-part-2','easter baskets adults part 2','easter basket ideas'),
(228,'http://frugalgranola.com/wp-content/uploads/2013/03/image9.jpg','http://frugalgranola.com/2013/03/5-frugal-easter-basket-stuffers-without-the-candy','5 frugal easter basket stuffers without the candy','easter basket ideas'),
(229,'http://4.bp.blogspot.com/-IZUfshaFij0/T0kEv8kQvuI/AAAAAAAAACw/8d0dxzTVqSU/s1600/gift%252Bbaskets.jpg','http://mommysfullnest.blogspot.com/2012/02/thirty-one-gift-ideas.html','thirty one gift ideas.html','easter basket ideas'),
(230,'https://s-media-cache-ak0.pinimg.com/originals/5b/09/ba/5b09bab56a887158fdc965a0daee1d13.jpg','https://www.pinterest.com/kezzell91/baby-girl-love','baby girl love','easter basket ideas'),
(231,'https://s-media-cache-ak0.pinimg.com/originals/2e/d5/46/2ed546e4d8e1700ef547eb9341cab9e5.jpg','https://www.pinterest.com/513mnq/easter','easter','easter basket ideas'),
(232,'http://www.castleviewacademy.com/wp-content/uploads/2013/03/Milk-bottle-basket.jpg','http://www.castleviewacademy.com/milk-carton-easter-bunny-basket','milk carton easter bunny basket','easter basket ideas'),
(233,'http://www.teachablemommy.com/wp-content/uploads/2013/03/messagepart-31-1024x768.jpg','http://www.teachablemommy.com/2013/03/great-easter-books-for-kids','great easter books for kids','easter basket ideas'),
(234,'http://media4.popsugar-assets.com/files/2013/03/13/2/192/1922729/d9f2194d2410f431_fp-easter-basket.xxxlarge/i/Healthy-Easter-Basket-Ideas.jpg','http://www.popsugar.com/fitness/Healthy-Easter-Basket-Ideas-1109778','Healthy Easter Basket Ideas 1109778','easter basket ideas'),
(235,'http://ii.worldmarket.com/fcgi-bin/iipsrv.fcgi%253FFIF%253D/images/worldmarket/source/39124_XXX_v1.tif%2526wid%253D2000%2526cvt%253Djpeg','http://www.worldmarket.com/product/green%2Bexcelsior%2Beaster%2Bbaskets.do','green%2Bexcelsior%2Beaster%2Bbaskets.do','easter basket ideas'),
(236,'http://2.bp.blogspot.com/-RmwUYIOJz50/TZY45WL8ARI/AAAAAAAAF6w/2ywtwT745Nw/s1600/Picture%252B3863.jpg','http://smallfryandco.blogspot.com/2011/04/need-some-easter-basket-ideas.html','need some easter basket ideas.html','easter basket ideas'),
(237,'http://blog.ebayclassifieds.com/wp-content/uploads/2014/04/rabbit-basket.jpg','http://blog.ebayclassifieds.com/2014/04/17/easter-basket-ideas-for-adults','easter basket ideas for adults','easter basket ideas'),
(238,'http://smartypantsfun.com/wp-content/uploads/2012/03/Easter-Cut-Out-Girl-BW.jpeg','http://smartypantsfun.com/easter-kids-craft-printable-easter-basket','easter kids craft printable easter basket','easter basket ideas'),
(239,'http://www.trbimg.com/img-5321eb7d/turbine/ct-ct-jk-fob-easter01-jpg-20140304/2048/2048x1858','http://articles.chicagotribune.com/2014-03-14/features/ct-fob-easter-jk-03-16-20140314_1_easter-bunnies-peep','ct fob easter jk 03 16 20140314 1 easter bunnies peep','easter basket ideas'),
(240,'http://littlewoolmaus.com/wp-content/uploads/2011/04/woolfood_hollow-eggs.jpg','http://littlewoolmaus.com/2011/04/last-minute-ideas-for-a-natural-easter-basket','last minute ideas for a natural easter basket','easter basket ideas'),
(241,'http://www.gourdsgourdsgourds.com/wp-content/uploads//Febproductofthemonth-768x1024.jpg','http://www.gourdsgourdsgourds.com/tag/easter-basket-ideas','easter basket ideas','easter basket ideas'),
(242,'http://www.lulusoso.com/upload/20110815/Plush_Easter_basket_stuffed_basket_plush_basket.jpg','http://www.lulusoso.com/products/Men-S-Easter-Basket-Basket-Ideas.html','Men S Easter Basket Basket Ideas.html','easter basket ideas'),
(243,'https://farm4.staticflickr.com/3749/13634864205_8bc468c179_c.jpg','http://galleryhip.com/easter-baskets-ideas-for-teens.html','easter baskets ideas for teens.html','easter basket ideas'),
(244,'http://3.bp.blogspot.com/-5CPSRHnWULQ/T0_zzKNXQnI/AAAAAAAAADA/9RtAYuRiohk/s1600/wast.jpg','http://jenjens31.blogspot.com/2012/03/some-easter-basket-ideas-for-march.html','some easter basket ideas for march.html','easter basket ideas'),
(245,'http://2.bp.blogspot.com/-3KTFaxDSIlI/UUPfX9KNDII/AAAAAAAAFLU/9AIQ2IiB9kg/s640/Easter%252BBasket%252BLayer%252BCake.JPG','http://shabbyteaparty.blogspot.com/2012/04/let-them-eat-cakean-easter-dessert-idea.html','let them eat cakean easter dessert idea.html','easter basket ideas'),
(246,'http://img.loveitsomuch.com/uploads/201404/03/ea/easter%252520bunny%252520basket%252520diy%252520easter%252520basket%252520easter%252520decoration%252520ideas-f64251.jpg','http://olivatalor.loveitsomuch.com/stores/easter-bunny-basket-diy-easter-basket-easter-decoration-ideas-1396504461,678799.html','easter bunny basket diy easter basket easter decoration ideas 1396504461,678799.html','easter basket ideas'),
(247,'http://www.lifeguardpress.com/blog/wp-content/uploads/2010/04/easter-collage.jpg','http://www.lifeguardpress.com/blog/2010/04/colorful-easter-basket-ideas','colorful easter basket ideas','easter basket ideas'),
(248,'http://www.koch.com.au/blog/wp-content/uploads/2014/03/Beautiful_Easter_Basket_Hamper_Basket_Ideas1.jpg','http://www.koch.com.au/blog/easter-craft-ideas','easter craft ideas','easter basket ideas'),
(249,'http://farmboycitygirl.files.wordpress.com/2012/04/easter-015-copy.jpg','http://farmboycitygirl.com/2012/04/01/easter-bonnet-turned-into-easter-basket-for-2','easter bonnet turned into easter basket for 2','easter basket ideas'),
(250,'https://s-media-cache-ak0.pinimg.com/736x/e2/c3/40/e2c3401874fb44f30dbed8d98e3db314.jpg','https://www.pinterest.com/pin/284852745154368306','284852745154368306','easter basket ideas'),
(251,'http://starsricha.snydle.com/files/2014/02/easter-basket-ideas-for-kids.jpg','http://starsricha.snydle.com/easter-basket-ideas.html','easter basket ideas.html','easter basket ideas'),
(252,'http://smallbirdstudios.com/wp-content/uploads/2011/04/DSC04801.jpg','http://smallbirdstudios.com/2011/04/20/easter-basket-ideas','easter basket ideas','easter basket ideas'),
(253,'http://www.playgroundtalk.com/wp-content/uploads/courtney-byrne/EasterBasketIdeasforKids.jpg','http://www.playgroundtalk.com/easter-basket-ideas-for-kids','easter basket ideas for kids','easter basket ideas'),
(254,'http://indulgy.ccio.co/b6/E/E3/easterbasketgiftideasforkids.jpg','http://indulgy.com/post/piZjpOMAF1/easter-basket-ideas-for-kids-ideas-and-crafts-fo','easter basket ideas for kids ideas and crafts fo','easter basket ideas'),
(255,'http://thelifeoflulubelle.files.wordpress.com/2012/09/stocking-stuffers.jpg','http://thelifeoflulubelle.com/tag/easter','easter','easter basket ideas'),
(256,'http://4.bp.blogspot.com/-ZT_uP8v0_FQ/USYp13f0n4I/AAAAAAAAEZU/cD1QJckL1Ac/s640/personalcreations4.jpg','http://www.atticgirl.com/2013/02/easter-gift-ideas-for-toddlers.html','easter gift ideas for toddlers.html','easter basket ideas'),
(257,'http://ravingsbyrae.com/wp-content/uploads/2013/03/IMG_0549-1024x682.jpg','http://ravingsbyrae.com/tag/diy-easter-baskets','diy easter baskets','easter basket ideas'),
(258,'http://amyalessio.com/new/wp-content/uploads/2013/03/basket-cake.jpg','http://amyalessio.com/?p%3D8191','?p%3D8191','easter basket ideas'),
(259,'http://rockinmama.net/wp-content/uploads/2012/03/EasterCraft11-914x1024.jpg','http://galleryhip.com/easter-basket-craft-ideas.html','easter basket craft ideas.html','easter basket ideas'),
(260,'http://commoncentsmom.com/wp-content/uploads/2013/03/IMG_0040.jpg','http://commoncentsmom.com/2013/03/teen-girl-easter-gift-ideas','teen girl easter gift ideas','easter basket ideas'),
(261,'http://finditmakeitloveit.com/wp-content/uploads/2014/04/Non-candy-easter-ideas-1.jpg','http://finditmakeitloveit.com/2014/04/non-candy-easter-ideas.html','non candy easter ideas.html','easter basket ideas'),
(262,'http://hgtv.sndimg.com/HGTV/2014/03/05/Original_Abigail-Barnes-PaperandCake-paper-flowers-easter-basket_v_lg.jpg','http://blog.hgtv.com/design/2014/04/16/clever-diy-easter-basket-ideas-for-kids-adults','clever diy easter basket ideas for kids adults','easter basket ideas'),
(263,'https://s-media-cache-ak0.pinimg.com/736x/19/d4/df/19d4df7355f6759ee69e55f046540f93.jpg','https://www.pinterest.com/pin/200199145907671310','200199145907671310','easter basket ideas'),
(264,'http://waitingonmartha.com/wp-content/uploads/2014/04/easterbasket.jpg','http://waitingonmartha.com/easter-basket-ideas','easter basket ideas','easter basket ideas'),
(265,'http://www.livingfelt.com/freefeltingpatterns/Wet%252520Felting%252520Easter%252520Basket%252520Tutorial/WetFeltingEasterBasket01.jpg','https://livingfelt.wordpress.com/2014/02/15/felting-an-easter-basket-project-idea-tutorial','felting an easter basket project idea tutorial','easter basket ideas'),
(266,'http://contentinjection.com/wp-content/uploads/2014/02/best-Easter-Baskets-for-Boys.jpg','http://galleryhip.com/homemade-easter-basket-ideas.html','homemade easter basket ideas.html','easter basket ideas'),
(267,'http://www.shareoutpost.org/wp-content/uploads/2014/06/gift-ideas-baby-gift-birthday-gift-luxury-21st-gift-baskets-for-him-21st-birthday-gift-baskets-for-her-21st-birthday-gift-baskets-21st-birthday-gift-baskets-for-her-21st-birthday-gift-baskets-vod.JPG','https://0hs.eu/images/21st-birthday-gift-baskets.html','21st birthday gift baskets.html','easter basket ideas'),
(268,'http://ravingsbyrae.com/wp-content/uploads/2013/03/IMG_0521-1024x682.jpg','http://ravingsbyrae.com/tag/diy-easter-baskets','diy easter baskets','easter basket ideas'),
(269,'http://www.shareoutpost.org/wp-content/uploads/2014/05/christmas-gift-childrens-gift-gift-ideas-free-gift-friend-gift-consideration-cheap-christmas-gifts-for-neighbors-cheap-christmas-gifts-with-cute-sayingscheap-christmas-gifts-with-sayingscheap-ch.jpg','http://driverlayer.com/img/christmas%2520gifts%2520cheap%2520online/19/any','any','easter basket ideas'),
(270,'https://glittermagic.files.wordpress.com/2013/03/christian-easter-basket-ideas6.jpg','https://happyhomefairy.com/tag/easter-basket-filler-ideas','easter basket filler ideas','easter basket ideas'),
(271,'http://www.icanteachmychild.com/wp-content/uploads/2013/03/IMG_8862.jpg','http://funny-pictures.picphotos.net/try-crayola-8-fun-metallic-colored-pencils-for-a-neat-effect-on-dark/hyatts.com*eCom*images*Q*Q06336.jpg','hyatts.com*eCom*images*Q*Q06336.jpg','easter basket ideas'),
(272,'http://djiqd110ru30i.cloudfront.net/upload/151790/project/29158/full_8228_29158_Ruffledfabricbaskettotewithpockets_1.jpg','http://www.cakechooser.com/1000/easter-basket-by-tina-fay-sewing-ideas/CAZGppcWQxMTBydTMwaS5jbG91ZGZyb250Lm5ldC91cGxvYWQvMTUxNzkwL3Byb2plY3QvMjkxNTgvZnVsbF84MjI4XzI5MTU4X1J1ZmZsZWRmYWJyaWNiYXNrZXR0b3Rld2l0aHBvY2tldHNfMS5qcGc','CAZGppcWQxMTBydTMwaS5jbG91ZGZyb250Lm5ldC91cGxvYWQvMTUxNzkwL3Byb2plY3QvMjkxNTgvZnVsbF84MjI4XzI5MTU4X1J1ZmZsZWRmYWJyaWNiYXNrZXR0b3Rld2l0aHBvY2tldHNfMS5qcGc','easter basket ideas'),
(273,'http://tj-prod-media.s3.amazonaws.com/cache/0a/ab/0aab48e779872ad1fb4d3de81993fb56.jpg','http://www.tipjunkie.com/post/easter-ideas','easter ideas','easter basket ideas'),
(274,'http://tammymitchellphotography.com/wp-content/uploads/2012/03/bunny-party-handmade-bunny-pops-candy-melts-buny-faces-easter-egg-hunt-party-easter-party-favors-easter-basket-ideas-web-681x1024.jpg','http://funny-pictures.picphotos.net/easter-egg-hunt-party-easter-party-favors-easter-basket-ideas-web/tammymitchellphotography.com*wp-content*uploads*2012*03*bunny-party-handmade-bunny-pops-candy-melts-buny-faces-easter-egg-hunt-party-easter-party-favors-easter-basket-ideas-web-681x1024.jpg','tammymitchellphotography.com*wp content*uploads*2012*03*bunny party handmade bunny pops candy melts buny faces easter egg hunt party easter party favors easter basket ideas web 681x1024.jpg','easter basket ideas'),
(275,'http://www.kdhamptons.com/wp-content/uploads/2014/04/photo-1.jpg','http://flowers-kid.com/homemade-easter-basket-ideas-for-girls.htm','homemade easter basket ideas for girls.htm','easter basket ideas'),
(276,'http://thecouponproject.com/wp-content/uploads/2014/04/PicMonkey-Collagestickers.jpg','http://thecouponproject.com/rachelles-trip-to-michaels-easter-basket-stuffers-and-gift-ideas','rachelles trip to michaels easter basket stuffers and gift ideas','easter basket ideas'),
(277,'http://www.warnerpediatricdental.com/images/Blog%252520Photos/Healthy%252520Easter.jpg','http://www.warnerpediatricdental.com/_blog/Blog/post/Ideas_for_a_Healthier_Easter_Basket!','Ideas for a Healthier Easter Basket!','easter basket ideas'),
(278,'http://2.bp.blogspot.com/-fjlla8j8OME/UT06hB7KaSI/AAAAAAAAB6k/muAKyQ1ncqw/s1600/DSC05060.JPG','http://www.foodfashionhome.com/2013/03/manly-easter-basket.html','manly easter basket.html','easter basket ideas'),
(279,'http://www.centennialhomes.com/blog/wp-content/uploads/2014/04/Homemade-Easter-Baskets1.jpg','http://imgkid.com/homemade-easter-basket-ideas.shtml','homemade easter basket ideas.shtml','easter basket ideas'),
(280,'http://www.passionforsavings.com/content/uploads/2014/03/101-Non-Candy-Easter-Basket-Ideas.jpg','http://www.passionforsavings.com/deal/2014/04/101-non-candy-easter-basket-ideas','101 non candy easter basket ideas','easter basket ideas'),
(281,'http://ohhappyday.com/wp-content/uploads/2014/03/Easter-Craft-Ideas11.jpg','http://ohhappyday.com/?s%3Deaster%2Btreat','?s%3Deaster%2Btreat','easter basket ideas'),
(282,'http://www.familyholiday.net/wp-content/uploads/2013/03/Unique-and-Easy-Creative-Easter-Basket-Ideas_029.jpg','http://www.familyholiday.net/unique-and-easy-creative-easter-basket-ideas','unique and easy creative easter basket ideas','easter basket ideas'),
(283,'http://media-cache-ak0.pinimg.com/736x/07/92/4a/07924a3d1ced575f58410edaa24df389.jpg','http://becuo.com/easter-basket-beer','easter basket beer','easter basket ideas'),
(284,'http://smartypantsfun.com/wp-content/uploads/2013/04/Spring-Craft-Idea.jpeg','http://smartypantsfun.com/easter-basket-template-spring-craft-ideas-for-kids','easter basket template spring craft ideas for kids','easter basket ideas'),
(285,'http://1.bp.blogspot.com/-Mx5EkrQv5MM/TZY4t-JdPaI/AAAAAAAAF6o/KuNbnVPB5mA/s1600/Picture%252B858.jpg','http://smallfryandco.blogspot.com/2011/04/need-some-easter-basket-ideas.html','need some easter basket ideas.html','easter basket ideas'),
(286,'http://4.bp.blogspot.com/-5yBquN2YSL8/T0_z1eSk_0I/AAAAAAAAADI/fmwDI0Z5klg/s1600/313131.jpg','http://jenjens31.blogspot.com/2012/03/some-easter-basket-ideas-for-march.html','some easter basket ideas for march.html','easter basket ideas'),
(287,'http://ww1.prweb.com/prfiles/2013/03/06/10502165/easter%252520box.jpg','http://imgkid.com/easter-gift-basket-ideas.shtml','easter gift basket ideas.shtml','easter basket ideas'),
(288,'http://i1302.photobucket.com/albums/ag136/msdjsmith95/Blog%252520photos/EasterBasketWords_zps41eb94a2.jpg','http://livingluxbutlighter.blogspot.com/2013/03/easter-basket-ideas-for-tween-boy.html','easter basket ideas for tween boy.html','easter basket ideas'),
(289,'http://hometohomediy.com/wp-content/uploads/2014/03/Original_Abigail-Barnes-PaperandCake-edible-terrarium-easter-basket_v_lg.jpg','http://hometohomediy.com/20-diy-easter-basket-ideas','20 diy easter basket ideas','easter basket ideas'),
(290,'http://beauteefulliving.com/wp-content/uploads/2014/04/EasterBasket2014rev.jpg','http://beauteefulliving.com/easter-basket-ideas-think-outside-of-basket404','easter basket ideas think outside of basket404','easter basket ideas'),
(291,'https://glittermagic.files.wordpress.com/2013/03/christian-easter-basket-ideas2.jpg','https://happyhomefairy.com/tag/easter-basket-filler-ideas','easter basket filler ideas','easter basket ideas'),
(292,'http://2.bp.blogspot.com/-FYL1YyaUMtM/UzjT4zrfOxI/AAAAAAAAE2k/1T0XkYuhI6Y/s1600/easter%252Bbasket%252B2.png','http://www.theelephantofsurpriseblog.com/2014/03/candy-free-easter-basket-ideas.html','candy free easter basket ideas.html','easter basket ideas'),
(293,'https://cassandraindependentconsultant.files.wordpress.com/2012/03/easterbasketidea1.jpg','https://cassandraindependentconsultant.wordpress.com','cassandraindependentconsultant.wordpress.com','easter basket ideas'),
(294,'http://3.bp.blogspot.com/-3dbnUDr-llw/Uz7lqQk3VWI/AAAAAAAAA6k/EC_z7TWx2rk/s1600/easter-Recovered.jpg','http://loulouboutiques.blogspot.com/2014/04/big-girl-easter-basket-ideas.html','big girl easter basket ideas.html','easter basket ideas'),
(295,'http://simplybeingmommy.com/wp-content/uploads/2014/04/non-candy-easter-basket-ideas-1024x1024.jpg','http://simplybeingmommy.com/2014/04/17/non-candy-easter-basket-ideas','non candy easter basket ideas','easter basket ideas'),
(296,'http://www.awkwardgeeks.com/wp-content/uploads/2013/03/2013-02-25-09.28.07.jpg','http://www.awkwardgeeks.com/geeky-easter-baskets-gifts','geeky easter baskets gifts','easter basket ideas'),
(297,'http://www.gisforgift.com/wp-content/uploads/2014/03/Screen-Shot-2014-03-10-at-11.54.20-AM.png','http://www.gisforgift.com/easy-easter-basket-ideas','easy easter basket ideas','easter basket ideas'),
(298,'http://www.idealshape.com/wp-content/uploads/2014/04/easter-basket.png','http://www.idealshape.com/healthy-easter-basket-ideas','healthy easter basket ideas','easter basket ideas'),
(299,'http://i.huffpost.com/gen/1061800/thumbs/o-EASTER-IDEAS-facebook.jpg','http://imgkid.com/printable-easter-basket-crafts-for-kids.shtml','printable easter basket crafts for kids.shtml','easter basket ideas'),
(300,'http://i1074.photobucket.com/albums/w420/Jennmichaelson/iFAMILY/IMG_5628.jpg','http://housewifeonfirewrites.blogspot.com/2012_04_01_archive.html','2012 04 01 archive.html','easter basket ideas'),
(301,'http://cdnpix.com/show/imgs/e14d3bd3aae38ec16ae7754631bde536.jpg','http://flowers-kid.com/easter-baskets-ideas-for-babies.htm','easter baskets ideas for babies.htm','easter basket ideas'),
(302,'http://momof6.com/wp-content/uploads/2013/03/EB-Clue-1.png','http://momof6.com/celebrations-and-family-traditions/easter-basket-ideas-and-easter-bunny-note-printable','easter basket ideas and easter bunny note printable','easter basket ideas'),
(303,'http://1.bp.blogspot.com/-TdzVT6kkNhA/UywuSC81M2I/AAAAAAAAQFk/dNB09JCkRq0/s1600/Costume%252BExpress%252BBaskets.jpg','http://bookcoverimgs.com/are-you-looking-for-easter-basket-ideas-for-toddler-boys-well-we-have','are you looking for easter basket ideas for toddler boys well we have','easter basket ideas'),
(304,'http://fancygiftwrap.com/wp-content/themes/shopperpress/thumbs/amazon-gift-baskets-for-men.jpg','http://fancygiftwrap.com/article-category/gift-basket-ideas','gift basket ideas','easter basket ideas'),
(305,'http://i.ytimg.com/vi/k5FG0HMfNhs/maxresdefault.jpg','http://www.youtube.com/watch?v%3Dk5FG0HMfNhs','watch?v%3Dk5FG0HMfNhs','easter basket ideas'),
(306,'http://www.thepantryproject.com/wp-content/uploads/2014/04/IMG_61762.jpg','http://www.thepantryproject.com/2014/04/easter-basket-ideas','easter basket ideas','easter basket ideas'),
(307,'https://s-media-cache-ak0.pinimg.com/736x/a3/90/09/a39009df048a4573f49c7ee6a8fc2bcc.jpg','https://www.pinterest.com/pin/385480049327284275','385480049327284275','easter basket ideas'),
(308,'http://uhomeal.com/wp-content/uploads/2014/09/innovative-chic-and-colorful-easter-basket-ideas-on-home-decorating-with-use-a-pair-of-utility-scissors-to-cut-off-the-handle-from-your-basket.jpg','http://uhomeal.com/chic-and-colorful-easter-basket-ideas/beautiful-chic-and-colorful-easter-basket-ideas-on-home-decorating-with-easter-basket-101','beautiful chic and colorful easter basket ideas on home decorating with easter basket 101','easter basket ideas'),
(309,'http://jamonkey.com/wp-content/uploads/2014/03/best_easter_basket.jpg','http://jamonkey.com/5-tips-for-creating-the-best-easter-basket','5 tips for creating the best easter basket','easter basket ideas'),
(310,'http://kellystilwell.com/wp-content/uploads/2014/03/hershey-candy-1024x1024.jpg','http://kellystilwell.com/family/celebrate-easter-teen-basket-ideas-chocolate-peanut-butter-pies-giveaway-bunnytrail','celebrate easter teen basket ideas chocolate peanut butter pies giveaway bunnytrail','easter basket ideas'),
(311,'http://collectiblesxgifts.com/wp-content/uploads/2014/04/Butterfly-Easter-Basket.jpg','http://arts.collectiblesxgifts.com/easy-easter-basket-ideas-toddler-girls','easy easter basket ideas toddler girls','easter basket ideas'),
(312,'https://glittermagic.files.wordpress.com/2013/03/christian-easter-basket-ideas4.jpg','https://happyhomefairy.com/tag/easter-basket-filler-ideas','easter basket filler ideas','easter basket ideas'),
(313,'http://www.boxsal.com/blog/wp-content/uploads/2011/04/Boxsal_Easter_Basket_5.jpg','http://www.boxsal.com/blog/2011/04/07/the-best-modern-easter-basket','the best modern easter basket','easter basket ideas'),
(314,'http://familiesbuildingfaith.files.wordpress.com/2014/01/thursday-march-22nd-assembly-frog-pictures-001.jpg','http://galleryhip.com/easter-baskets-for-adults.html','easter baskets for adults.html','easter basket ideas'),
(315,'http://multiculturalcookingnetwork.files.wordpress.com/2014/03/134b0-easter-basket-danielle-cassell.jpg','http://flowers-kid.com/easter-basket.htm','easter basket.htm','easter basket ideas'),
(316,'https://thethriftyginger.files.wordpress.com/2013/03/love_notes_jar_supplies.jpg','https://thethriftyginger.wordpress.com/2013/03/22/boyfriend-easter-basket-alternative','boyfriend easter basket alternative','easter basket ideas'),
(317,'http://sassymomsinthecity.com/wp-content/uploads/2014/04/Easter-Baskets.png.png','http://sassymomsinthecity.com/fun-easter-ideas-beyond-traditional-egg-hunt-although-love-egg-hunt','fun easter ideas beyond traditional egg hunt although love egg hunt','easter basket ideas'),
(318,'http://artfulparent.com/wp-content/uploads/2014/04/Easter-Basket-Ideas-for-Kids-Pretend-Play.jpg','http://artfulparent.com/2014/04/creative-easter-basket-ideas-for-kids.html','creative easter basket ideas for kids.html','easter basket ideas'),
(319,'http://www.momendeavors.com/wp-content/uploads/2012/03/DIY-Easter-Basket.jpg','http://www.momendeavors.com/2012/03/scribble-shop-challenge-diy-easter-basket.html','scribble shop challenge diy easter basket.html','easter basket ideas'),
(320,'http://3.bp.blogspot.com/-2A90HWl_a44/UXQWrAPLsiI/AAAAAAAAAQI/AtWQjd5C0s0/s1600/candyless%252Beaster%252Bbasket.jpg','http://imgkid.com/easter-egg-basket-ideas-for-kids.shtml','easter egg basket ideas for kids.shtml','easter basket ideas'),
(321,'http://www.mymommystyle.com/wp-content/uploads/2014/03/Outdoor-fun-easter-basket-idea-1024x714.jpg','http://funny-pictures.picphotos.net/candy-free-easter-basket-ideas/mymommystyle.com*wp-content*uploads*2014*03*Outdoor-Fun-Easter-basket-682x1024(pp_w640_h960).jpg','mymommystyle.com*wp content*uploads*2014*03*Outdoor Fun Easter basket 682x1024(pp w640 h960).jpg','easter basket ideas'),
(322,'http://i0.wp.com/terrellfamilyfun.com/wp-content/uploads/2014/04/personalized-easter-basket-lillian-vernon.jpg','http://funny-pictures.picphotos.net/100-awesome-easter-basket-filler-ideas/198.46.82.242*~bitzng5*wp-content*uploads*2014*03*Easterbasketfillerfeature.jpg','198.46.82.242*~bitzng5*wp content*uploads*2014*03*Easterbasketfillerfeature.jpg','easter basket ideas'),
(323,'http://www.minimalisti.com/wp-content/uploads/2015/01/Personalized-Easter-basket-ideas-hand-painted-bunny-easter-gift-ideas.jpg','http://www.minimalisti.com/decoration/easter/01/personalized-easter-baskets-ideas.html','personalized easter baskets ideas.html','easter basket ideas'),
(324,'http://savinitup.com/wp-content/uploads/2013/03/Easter1.jpg','http://savinitup.com/2013/03/21/easter-basket-ideas-for-your-tweenteen','easter basket ideas for your tweenteen','easter basket ideas'),
(325,'http://www.asimplehomecook.com/wp-content/uploads/2012/04/Easter-Basket-Cupcakes.jpg','http://galleryhip.com/cool-easter-cupcake-ideas.html','cool easter cupcake ideas.html','easter basket ideas'),
(326,'http://artfulparent.com/wp-content/uploads/2014/04/Art-Materials-for-Kids-Easter-Baskets.jpg','http://artfulparent.com/2014/04/creative-easter-basket-ideas-for-kids.html','creative easter basket ideas for kids.html','easter basket ideas'),
(327,'http://www.shortcutsaver.com/wp-content/uploads/2014/04/IMAG22031.jpg','http://galleryhip.com/easter-basket-ideas-for-teenage-boys.html','easter basket ideas for teenage boys.html','easter basket ideas'),
(328,'http://www.diyncrafts.com/wp-content/uploads/2014/03/pin.jpg','http://www.diyncrafts.com/5322/homemade/25-cute-creative-homemade-easter-basket-ideas/2','2','easter basket ideas'),
(329,'http://www.minimalisti.com/wp-content/uploads/2014/02/creative-Easter-basket-craft-ideas-mini-easter-basket-plastic-coffee-cups-glue-colorful-paper.jpg','http://www.minimalisti.com/decoration/easter/02/easter-basket-craft-ideas-make-decorate.html','easter basket craft ideas make decorate.html','easter basket ideas'),
(330,'http://i979.photobucket.com/albums/ae277/coolmomphotos/2014-April-Picks/Easter-bunny-soaps_zps8f516c89.jpg','http://coolmompicks.com/blog/2014/04/07/adorable-easter-basket-gift-ideas-for-kids','adorable easter basket gift ideas for kids','easter basket ideas'),
(331,'http://i.ytimg.com/vi/_M9SshmAs9o/maxresdefault.jpg','http://www.youtube.com/watch?v%3D_M9SshmAs9o','watch?v%3D M9SshmAs9o','easter basket ideas'),
(332,'http://1.bp.blogspot.com/-gUdGbhV8S24/Uw1ZQzLvvrI/AAAAAAABiP4/ENykOO01YsU/s1600/Screen%252BShot%252B2014-02-25%252Bat%252B6.59.33%252BPM.png','http://www.thebinderladies.com/2014/03/this-weeks-best-online-deals-easter.html','this weeks best online deals easter.html','easter basket ideas'),
(333,'http://1.bp.blogspot.com/-1LFco5vrMus/UTIp_vfIRKI/AAAAAAAAI7k/u2Aim62ECms/s1600/diy-easter-basket-gift-ideas-homemade-crayons-creative-chalkboard-eggs.jpg','http://soapdelinews.com/2013/03/homemade-easter-basket-fillers-10-diy-easter-basket-gift-ideas-for-kids.html','homemade easter basket fillers 10 diy easter basket gift ideas for kids.html','easter basket ideas'),
(334,'http://cupcakesandcrinoline.com/wp-content/uploads/2013/03/PEEPS-Mason-Jar-Easter-Basket-%2540cupcakesandcrinoline.com_.jpg','http://cupcakesandcrinoline.com/2013/03/27/mason-jar-easter-basket-cotton-candy-peeps-and-an-easter-basket-rainbow','mason jar easter basket cotton candy peeps and an easter basket rainbow','easter basket ideas'),
(335,'http://beautyinfozone.com/wp-content/uploads/2012/03/Lush-Easter-basket-far-away.jpg','http://galleryhip.com/easter-basket.html','easter basket.html','easter basket ideas'),
(336,'http://smartypantsfun.com/wp-content/uploads/2013/04/Easy-Paper-Craft.jpeg','http://smartypantsfun.com','smartypantsfun.com','easter basket ideas'),
(337,'http://ravingsbyrae.com/wp-content/uploads/2013/03/IMG_0581-1024x682.jpg','http://ravingsbyrae.com/tag/diy-easter-baskets','diy easter baskets','easter basket ideas'),
(338,'http://www.thegrocerygame.com/blog/wp-content/uploads/2013/03/Easter-Baskets-4-wrapped-and-bows.jpg','http://galleryhip.com/hello-kitty-easter-basket-ideas.html','hello kitty easter basket ideas.html','easter basket ideas'),
(339,'http://1.bp.blogspot.com/-HdP-o6RpzwU/UUpTcEdH2uI/AAAAAAAAWfI/6tC7hUSbWSg/s1600/Easter-Basket-Filler-Ideas-Gift-Spring-Serenity%252BNow%252Bblog.jpg','http://www.serenitynowblog.com/2013/03/easter-basket-filler-ideas-easter-gifts.html','easter basket filler ideas easter gifts.html','easter basket ideas'),
(340,'http://uhomeal.com/wp-content/uploads/2014/09/imposing-chic-and-colorful-easter-basket-ideas-on-home-decorating-with-dsc-0357.jpg','http://uhomeal.com/chic-and-colorful-easter-basket-ideas/wonderful-chic-and-colorful-easter-basket-ideas-on-home-decorating-with-our-parties-shabby-chic-easter','wonderful chic and colorful easter basket ideas on home decorating with our parties shabby chic easter','easter basket ideas'),
(341,'http://hellowackylemondotcom2.files.wordpress.com/2014/04/easterbasketgirls0to2board.jpg','http://hellowackylemon.com/2014/04/14/easter-basket-ideas-part-ii-girls-ages-0-to-2','easter basket ideas part ii girls ages 0 to 2','easter basket ideas'),
(342,'http://www.tripletliving.com/wp-content/uploads/2013/03/man-basket.jpg','http://imgkid.com/easter-baskets-for-men.shtml','easter baskets for men.shtml','easter basket ideas'),
(343,'http://i.ytimg.com/vi/KpGZidi0E7I/maxresdefault.jpg','http://www.youtube.com/watch?v%3DKpGZidi0E7I','watch?v%3DKpGZidi0E7I','easter basket ideas'),
(344,'http://sensiblysara.com/wp-content/uploads/2014/04/Toy-Ideas-for-Easter-Baskets-1024x1024.jpg','http://sensiblysara.com/2014/04/toy-ideas-easter-baskets-plus-giveaway','toy ideas easter baskets plus giveaway','easter basket ideas'),
(345,'http://1.bp.blogspot.com/-jreX81tXK_A/UT-Si7AbPLI/AAAAAAAAA08/wjqziBlTxC4/s1600/Easter%252BBasket%252BIdeas.jpg','http://www.savvyandsassy.me/2013/03/25-easter-basket-ideas-for-toddlers.html','25 easter basket ideas for toddlers.html','easter basket ideas'),
(346,'http://www.talesofarantingginger.com/wp-content/uploads/2014/04/hasbro-Easter.jpg','http://www.talesofarantingginger.com/2014/04/fun-easter-basket-ideas-hasbro-canada.html','fun easter basket ideas hasbro canada.html','easter basket ideas'),
(347,'https://img0.etsystatic.com/022/0/8728631/il_fullxfull.572668386_kt67.jpg','https://www.etsy.com/market/girls_easter_basket','girls easter basket','easter basket ideas'),
(348,'http://www.foreveryoursbychristy.net/MinnieMouse_Wagon.jpg','http://pixgood.com/minnie-mouse-easter-basket.html','minnie mouse easter basket.html','easter basket ideas'),
(349,'http://4.bp.blogspot.com/-BbvXI0Rytjw/UU4NKyOmnjI/AAAAAAAAAwE/YyQX9ZCpuFo/s1600/easter%252Bbasket%252Bfillers%252Bround%252Bup%252Bcopy%252Bcopy.jpg','http://flowers-kid.com/homemade-easter-basket-filler-ideas.htm','homemade easter basket filler ideas.htm','easter basket ideas'),
(350,'http://www.momendeavors.com/wp-content/uploads/2012/04/IMG_1748.jpg','http://imgkid.com/easter-basket-ideas-for-teenage-boys.shtml','easter basket ideas for teenage boys.shtml','easter basket ideas'),
(351,'http://i.ytimg.com/vi/1pBDo1Hdntg/maxresdefault.jpg','http://www.youtube.com/watch?v%3D1pBDo1Hdntg','watch?v%3D1pBDo1Hdntg','easter basket ideas'),
(352,'http://parksandresorts.wdpromedia.com/media/disneyparks/blog/wp-content/uploads/2013/03/ora688857LARGE.jpg','http://disneyparks.disney.go.com/blog/2013/03/tips-for-a-memorable-easter-at-the-walt-disney-world-resort','tips for a memorable easter at the walt disney world resort','easter basket ideas'),
(353,'http://www.lulusoso.com/upload/20120312/JM7391_Easter_basket_toy_basket_wicker_basket.jpg','http://www.lulusoso.com/products/Men-S-Easter-Basket-Basket-Ideas.html','Men S Easter Basket Basket Ideas.html','easter basket ideas'),
(354,'http://smartypantsfun.com/wp-content/uploads/2012/03/Easter-Cut-Out-Boy-BW.jpeg','http://galleryhip.com/easter-basket-craft-ideas-for-kids.html','easter basket craft ideas for kids.html','easter basket ideas'),
(355,'http://www.favecrafts.com/master_images/Holiday/20-easter-baskets-to-make.jpg','http://www.favecrafts.com/Easter/8-Easter-Baskets-to-Make','8 Easter Baskets to Make','easter basket ideas'),
(356,'http://4.bp.blogspot.com/-mM73t_v58l0/USRSAlACslI/AAAAAAAAB5U/E-VjbEpP6d8/s1600/EasterGiftIdeas.jpg','http://www.thecrewblog.com/2013/02/17-unique-easter-basket-gift-ideas.html','17 unique easter basket gift ideas.html','easter basket ideas'),
(357,'http://www.midlifemommyadventures.com/uploads/1/6/2/5/16255298/720156_orig.jpg','http://www.midlifemommyadventures.com/home/easter-basket-ideas-for-everyone-from-world-market-2000-gift-card-sweepstakes-hopitforward','easter basket ideas for everyone from world market 2000 gift card sweepstakes hopitforward','easter basket ideas'),
(358,'http://1.bp.blogspot.com/-TTujQoshZLw/Uyrm2uWO_eI/AAAAAAAAcrU/52WExOUMqfI/s1600/75EasterBasketIdeas.jpg','http://www.thenotquitemilitarywife.com/2014/03/75-easter-basket-ideas.html','75 easter basket ideas.html','easter basket ideas'),
(359,'http://blog.anytimefitness.com/wp-content/uploads/2014/04/non-candy-easter-basket-ideas.jpg','http://blog.anytimefitness.com/10-awesome-non-candy-easter-basket-ideas','10 awesome non candy easter basket ideas','easter basket ideas'),
(360,'http://1.bp.blogspot.com/-fmNEzXZTGU0/T3yrNkicUwI/AAAAAAAAH3Y/qMs_-pZjjAI/s1600/Easter%25252Bbasket%25252Bideas%25252B3.jpg','http://zakkalife.blogspot.com/2012/04/unique-easter-basket-gift-ideas.html','unique easter basket gift ideas.html','easter basket ideas'),
(361,'http://2.bp.blogspot.com/-bBgl5Cw2dQg/Tdls6zKH6UI/AAAAAAAAByY/4-effzX4rKc/s1600/cupcakes%252520004.JPG','http://imgkid.com/easter-basket-cake-pops.shtml','easter basket cake pops.shtml','easter basket ideas'),
(362,'http://www.minimalisti.com/wp-content/uploads/2015/01/DIY-easter-basket-fabric-pastel-pink-green-easter-gift-ideas.jpg','http://www.minimalisti.com/decoration/easter/01/personalized-easter-baskets-ideas.html','personalized easter baskets ideas.html','easter basket ideas'),
(363,'http://www.thepantryproject.com/wp-content/uploads/2014/04/IMG_6183-2.jpg','http://www.thepantryproject.com/2014/04/easter-basket-ideas','easter basket ideas','easter basket ideas'),
(364,'http://www.loveyoulittleone.com/wp-content/uploads/2014/04/easter.jpg','http://www.loveyoulittleone.com/tag/easter-basket-ideas','easter basket ideas','easter basket ideas'),
(365,'http://1.bp.blogspot.com/-QrdqzOmi83Q/Ux7MPEAnkMI/AAAAAAAABS8/jm11F6wnpN8/s1600/easter%252Bbasket_edited-1.jpg','http://sweetlittlenursery.blogspot.com/2014/03/babys-first-easter-basket-ideas.html','babys first easter basket ideas.html','easter basket ideas'),
(366,'http://creativehouseblog.com/wp-content/uploads/2014/03/DIY-Easter-Basket-and-Baby-Gift-Ideas-005.jpg','http://creativehouseblog.com/diy-easter-basket-gift-ideas-for-baby','diy easter basket gift ideas for baby','easter basket ideas'),
(367,'http://www.marthastewart.com/sites/files/marthastewart.com/imagecache/wmax-1500/ecl/msliving-hires/2012/04_april/in_house_cmyk/alternate_easter_baskets/easter-baskets-flower-mld108275_sq.jpg','http://www.marthastewart.com/274848/easter-basket-ideas','easter basket ideas','easter basket ideas'),
(368,'http://theshoppingmama.com/wp-content/uploads/2014/03/Easter-Basket-Gift-Guide-Babys-First-Easter.jpg','http://galleryhip.com/easter-basket-ideas-for-babies.html','easter basket ideas for babies.html','easter basket ideas'),
(369,'http://www.thegunnysack.com/wp-content/uploads/2013/03/Mason_Jar_Easter_Basket.jpg','http://www.thegunnysack.com/category/holiday/easter/easter-basket-ideas','easter basket ideas','easter basket ideas'),
(370,'http://seemomclick.com/wp-content/uploads/2013/03/5-Unique-Ideas-for-Reusable-Easter-Baskets.jpg','http://seemomclick.com/5-unique-ideas-for-reusable-easter-baskets','5 unique ideas for reusable easter baskets','easter basket ideas'),
(371,'http://3.bp.blogspot.com/-zfJccMcMqOA/UySif8PC-EI/AAAAAAAAOME/sdMYvk04P4Y/s1600/easter%252Bbasket.jpg','http://cherrystreetcottage.blogspot.com/2014/03/easter-basket-ideas.html','easter basket ideas.html','easter basket ideas'),
(372,'http://blogs.brighthorizons.com/familyroom/wp-content/uploads/Easter-Basket-Evolution.jpg','http://blogs.brighthorizons.com/familyroom/evolution-easter-basket','evolution easter basket','easter basket ideas'),
(373,'http://smarttereachday.com/wp-content/uploads/2014/03/Easter-Baskets.jpg','http://smarttereachday.com/?p%3D2925','?p%3D2925','easter basket ideas'),
(374,'http://img.loveitsomuch.com/uploads/201402/24/di/diy%252520easter%252520basket%252520with%252520baseball%252520hats%252520diy%252520easter%252520gift%252520ideas%252520handmade%252520easter%252520table%252520decor%252520ideas%252520creativ-f56537.jpg','http://easteriscoming.loveitsomuch.com/stores/easter-basket-ideas-baby-easter-basket-diy-easter-craft-ideas-easter-party-decorations-1392623211,649265.html','easter basket ideas baby easter basket diy easter craft ideas easter party decorations 1392623211,649265.html','easter basket ideas'),
(375,'http://www.mymommystyle.com/wp-content/uploads/2014/03/candy-free-easter-basket-ideas-724x1024.jpg','http://funny-pictures.picphotos.net/candy-free-easter-basket-ideas/mymommystyle.com*wp-content*uploads*2014*03*Outdoor-Fun-Easter-basket-682x1024(pp_w640_h960).jpg','mymommystyle.com*wp content*uploads*2014*03*Outdoor Fun Easter basket 682x1024(pp w640 h960).jpg','easter basket ideas'),
(376,'http://myfabulousfrugallife.files.wordpress.com/2013/03/20130328-211512.jpg','http://myfabulousfrugallife.com/tag/toddler','toddler','easter basket ideas'),
(377,'http://3.bp.blogspot.com/-9SmXFNfJXAE/UUfdbys_KfI/AAAAAAAAGhc/Ews4TQRY_is/s1600/1-Blog%252Bphotos7.jpg','http://www.tellittoyourneighbor.com/2013/03/an-easter-basket-for-years.html','an easter basket for years.html','easter basket ideas'),
(378,'http://3.bp.blogspot.com/_suZ102hgTBM/SdY0fDLqJGI/AAAAAAAABPY/0uSb0liKGR4/s1600-h/Image4.jpg','http://galleryhip.com/easter-basket-cake-ideas.html','easter basket cake ideas.html','easter basket ideas'),
(379,'http://www.thesunnysideupblog.com/wp-content/uploads/2014/04/easter-traditions.jpg','http://www.thesunnysideupblog.com/2014/04/easter-traditions-and-basket-ideas','easter traditions and basket ideas','easter basket ideas'),
(380,'http://fitfunandfabulous.files.wordpress.com/2010/04/easter.jpg','http://flowers-kid.com/easter-basket-ideas-for-boyfriend.htm','easter basket ideas for boyfriend.htm','easter basket ideas'),
(381,'http://desertdealsdiva.com/wp-content/uploads/2014/04/99-Only-Easter.jpg.jpg','http://desertdealsdiva.com/2014/04/easter-basket-ideas-99-cents-store','easter basket ideas 99 cents store','easter basket ideas'),
(382,'http://modernmagazin.com/wp-content/uploads/2014/04/Easter-Basket-2.jpg','http://modernmagazin.com/12-easter-baskets-ideas','12 easter baskets ideas','easter basket ideas'),
(383,'http://theprimepursuit.files.wordpress.com/2012/04/p4050372.jpg','http://imgkid.com/healthy-easter-dessert-ideas.shtml','healthy easter dessert ideas.shtml','easter basket ideas'),
(384,'http://www.thecouponchallenge.com/wp-content/uploads/2014/03/Easter-Basket-Craft-for-Kids-Directions.jpg','http://imgkid.com/homemade-easter-basket-ideas-for-kids.shtml','homemade easter basket ideas for kids.shtml','easter basket ideas'),
(385,'http://lautdigital.com/wp-content/uploads/2014/04/easterbasket.jpg','http://galleryhip.com/easter-basket.html','easter basket.html','easter basket ideas'),
]