[(1,'http://www.novisti.com/images/2015/01/rectangular-living-wall-planter-with-wooden-frame-living-room-decoration-ideas-indoor-living-wall-planter-decorating-interior-cool-indoor-living-wall-planter-design-ideas.jpg','http://www.novisti.com/cool-indoor-living-wall-planter-design-ideas/creative-diy-herbs-flower-pots-for-your-home-indoor-living-wall-vertical-hanging-succulent-planter-with-cedar-material','creative diy herbs flower pots for your home indoor living wall vertical hanging succulent planter with cedar material','indoor moss wall diy'),
(2,'http://www.notjustahousewife.net/wp-content/uploads/2012/07/secret-garden-moss.jpg','http://www.notjustahousewife.net/2012/07/moss-art.html','moss art.html','indoor moss wall diy'),
(3,'https://s-media-cache-ak0.pinimg.com/originals/e3/a4/03/e3a4031a678b3d2c464ea7a3a422c5a9.jpg','https://www.pinterest.com/lisadev89/moss-art','moss art','indoor moss wall diy'),
(4,'http://buildipedia.com/images/masterformat/Channels/Go_Green/Vertical_Garden/Vertical_Garden_02.jpg','http://buildipedia.com/aec-pros/design-news/patrick-blancs-vertical-garden-in-madrid','patrick blancs vertical garden in madrid','indoor moss wall diy'),
(5,'http://cdn.instructables.com/FAD/2CS9/GV9CETSG/FAD2CS9GV9CETSG.LARGE.jpg','http://www.instructables.com/id/Succulent-Wall-Art','Succulent Wall Art','indoor moss wall diy'),
(6,'https://goodtogrow.files.wordpress.com/2010/03/img_1730.jpg','https://goodtogrow.wordpress.com/category/succulents/page/3','3','indoor moss wall diy'),
(7,'http://buildipedia.com/images/masterformat/Channels/Go_Green/Vertical_Garden/Vertical_Garden_03.jpg','http://buildipedia.com/aec-pros/design-news/patrick-blancs-vertical-garden-in-madrid','patrick blancs vertical garden in madrid','indoor moss wall diy'),
(8,'https://goodtogrow.files.wordpress.com/2010/05/img_3232.jpg','https://goodtogrow.wordpress.com/category/living-artvertical-gardens/page/4','4','indoor moss wall diy'),
(9,'https://s-media-cache-ak0.pinimg.com/originals/46/d8/f8/46d8f8d6d9a17de55511a4e858bdd6d4.jpg','https://www.pinterest.com/tlritter/church','church','indoor moss wall diy'),
(10,'https://s-media-cache-ak0.pinimg.com/736x/8d/5f/64/8d5f646470bed3e7193d9e80f0a4b412.jpg','https://www.pinterest.com/pin/151644712425613603','151644712425613603','indoor moss wall diy'),
(11,'http://backyardgardeningadventures.com/wp-content/uploads/2013/09/moss-on-the-wall.jpg','http://backyardgardeningadventures.com/tag/building-a-backyard-garden','building a backyard garden','indoor moss wall diy'),
(12,'http://farm5.static.flickr.com/4037/5159380849_be9815c64b_b.jpg','http://www.luna-see.com/2010/11/diy-tutorial-vertical-framed-succulent.html','diy tutorial vertical framed succulent.html','indoor moss wall diy'),
(13,'http://www.bouquetsformothersday.com/wp-content/plugins/wp-o-matic/cache/a6f376dcb5_Fairy-garden-with-pond-in-moss-basket---Wall-Flower-Studio-Karen-Sloan.jpg','http://www.bouquetsformothersday.com/diy-indoor-or-outdoor-gardening-fun-minature-gardens-for-fairy-inhabitants-other-wee-folk','diy indoor or outdoor gardening fun minature gardens for fairy inhabitants other wee folk','indoor moss wall diy'),
(14,'https://tended.files.wordpress.com/2014/06/dsc01912.jpg','https://tended.wordpress.com/2014/06/27/diy-succulent-wall','diy succulent wall','indoor moss wall diy'),
(15,'http://images.viralnova.com/000/059/047/desktop-1406691490.png','http://www.viralnova.com/diy-indoors-outdoors','diy indoors outdoors','indoor moss wall diy'),
(16,'http://floragrubb.com/florasblog/wp-content/uploads/2011/11/InstallationVertPanels_111122.jpg','http://floragrubb.com/florasblog/?cat%3D3','?cat%3D3','indoor moss wall diy'),
(17,'http://www.novisti.com/images/2015/01/creative-diy-herbs-flower-pots-for-your-home-indoor-living-wall-vertical-hanging-succulent-planter-with-cedar-material-indoor-living-wall-planter-decorating-interior-cool-indoor-living-wall-planter.jpg','http://www.novisti.com/cool-indoor-living-wall-planter-design-ideas','cool indoor living wall planter design ideas','indoor moss wall diy'),
(18,'http://insideurbangreen.typepad.com/.a/6a00e39824809288330134805b0bee970c-pi','http://www.insideurbangreen.org/2010/05/diy-living-wall-changi-airport-terminal-1.html','diy living wall changi airport terminal 1.html','indoor moss wall diy'),
(19,'http://www.vamshare.com/wp-content/uploads/2014/07/diy-indoors-9.jpg','http://www.vamshare.com/diy-indoors','diy indoors','indoor moss wall diy'),
(20,'https://s-media-cache-ak0.pinimg.com/736x/74/a0/fe/74a0fe6be918a6e4b633523bd61e9a08.jpg','https://www.pinterest.com/prawnski/preserved-moss-walls-wall-art','preserved moss walls wall art','indoor moss wall diy'),
(21,'http://www.inspirationgreen.com/assets/images/Blog-Building/green%252520walls/verticalGarden2.jpg','http://www.inspirationgreen.com/the-green-wall.html','the green wall.html','indoor moss wall diy'),
(22,'http://www.notjustahousewife.net/wp-content/uploads/2012/07/secret-garden-moss-art-716x1024.jpg','http://www.notjustahousewife.net/2012/07/a-secret-garden.html','a secret garden.html','indoor moss wall diy'),
(23,'http://cdn.goodshomedesign.com/wp-content/uploads/2014/08/Rock-Covered-Shower-Walls.jpg','http://www.goodshomedesign.com/10-simple-diys-to-bring-the-outdoors-inside','10 simple diys to bring the outdoors inside','indoor moss wall diy'),
(24,'http://gatherandgrowdotorg.files.wordpress.com/2013/01/stone-wall-moss.jpg','http://gatherandgrow.org/page/13/?archives-list%3D1','?archives list%3D1','indoor moss wall diy'),
(25,'http://cdn.instructables.com/FZA/VOY4/GVCPQSYE/FZAVOY4GVCPQSYE.LARGE.jpg','http://www.instructables.com/id/Succulent-Wall-Art','Succulent Wall Art','indoor moss wall diy'),
(26,'http://cdnpix.com/show/imgs/b83dd09a2e06fb87a282449a282add63.jpg','http://blogs.gerbongartwork.com/Moss-Graffiti---Instructables---DIY-How-To-Make-Instructions','Moss Graffiti   Instructables   DIY How To Make Instructions','indoor moss wall diy'),
(27,'http://gatherandgrowdotorg.files.wordpress.com/2013/01/mossy-tree.jpg','http://gatherandgrow.org/page/13/?archives-list%3D1','?archives list%3D1','indoor moss wall diy'),
(28,'http://1.bp.blogspot.com/-IlkzaFlWcP4/T6cO1y7DKLI/AAAAAAAAAxQ/glVel7jswJ8/s1600/photo.jpg','http://www.babybearhugs.com/2012/05/diy-living-wall-tutorial.html','diy living wall tutorial.html','indoor moss wall diy'),
(29,'http://www.decorationtrend.com/wp-content/uploads/2014/08/shower-garden.jpg','http://www.decorationtrend.com/diy-ideas/furbishing-bathroom-interior-with-plants','furbishing bathroom interior with plants','indoor moss wall diy'),
(30,'http://www.techlume.com/wp-content/uploads/2014/06/wonderful-diy-vertical-garden.jpg','http://www.techlume.com/2014/06/page/10','10','indoor moss wall diy'),
(31,'http://4.bp.blogspot.com/_GxIpEoQ68Q0/TTudOXcNm-I/AAAAAAAAAcQ/DsTU5GufA30/s1600/110122.Indoor%25252BPlant%25252BWorkshop.27%25252BElectrical%25252BBox.jpg','http://pots-and-jars.blogspot.com/2011/01/indoor-plant-projects-workshop.html','indoor plant projects workshop.html','indoor moss wall diy'),
(32,'http://dirtandmartinis.com/wp-content/uploads/2011/05/IMG_58581.jpg','http://dirtandmartinis.com/2011/05/09/diy-succulent-hanging-wall-basket','diy succulent hanging wall basket','indoor moss wall diy'),
(33,'https://s-media-cache-ak0.pinimg.com/originals/24/81/56/248156133533a32ea0c44715e2b5c50e.jpg','https://www.pinterest.com/explore/moss-wall-art','moss wall art','indoor moss wall diy'),
(34,'http://static1.squarespace.com/static/517fd415e4b01eeb7aead79b/t/5408c684e4b035477df1824e/1409861263746/DIY%252BLiving%252BWall%252BKit','http://growediblewalls.com/edible-walls-blog/diy-living-wall-quick-easy-very-low-maintenance','diy living wall quick easy very low maintenance','indoor moss wall diy'),
(35,'https://2ecffd01e1ab3e9383f0-07db7b9624bbdf022e3b5395236d5cf8.ssl.cf4.rackcdn.com/Product-800x800/3e328083-bd0e-4da6-a4e4-fa44463a6abc.JPG','http://www.bunnings.com.au/200mm-selaginella-kraussiana-club-moss_p3840074','200mm selaginella kraussiana club moss p3840074','indoor moss wall diy'),
(36,'http://dellacooks.com/wp-content/uploads/2014/12/moss-with-concrete-path-feat-ornamental-flowers-on-stunning-indoor-garden-idea-also-wooden-fence.jpg','http://dellacooks.com/charming-indoor-garden-ideas-to-beautify-your-room/indoor-garden-lighting-design-garden-lighting-design','indoor garden lighting design garden lighting design','indoor moss wall diy'),
(37,'http://theselfsufficientliving.com/wp-content/uploads/2014/02/Picture-planter.jpg','http://theselfsufficientliving.com/vertical-gardening-ideas-designs-and-plans','vertical gardening ideas designs and plans','indoor moss wall diy'),
(38,'http://francotechnogap.com/images/gardening-design-ideas-picture-garden-pictures-container-vegetables-raised-planting-designs-home-Astounding-Garden-Ideas-Stunning-diy-garden-ideas-designs-Modern-Style.jpg','http://stoneranthems.blogspot.com/2014/08/diy-small-garden-home.html','diy small garden home.html','indoor moss wall diy'),
(39,'http://www.graffitinewest.com/wp-content/uploads/2014/01/moss-graffiti-hungry-for-living-awesome-moss-graffiti-2014.jpg','http://www.graffitinewest.com/awesome-moss-graffiti-2014/moss-graffiti-hungry-for-living','moss graffiti hungry for living','indoor moss wall diy'),
(40,'http://ad009cdnb.archdaily.net/wp-content/uploads/2014/01/52eaa9cbe8e44e2dbe000006_milroy-perera-design-world-s-tallest-residential-vertical-garden_screen_shot_2014-01-30_at_19-14-35.jpg','http://www.livingwallart.com','www.livingwallart.com','indoor moss wall diy'),
(41,'http://2.bp.blogspot.com/-ta4XznZABC8/UcCbTLKI9zI/AAAAAAAABIU/KH6xDvxQoBM/s1600/faux%252Bmoss%252B1.jpg','http://paintedartist.blogspot.com/2013/06/how-to-make-realistic-faux-moss-diy.html','how to make realistic faux moss diy.html','indoor moss wall diy'),
(42,'http://farm6.static.flickr.com/5258/5540998767_0e9c80d87c_t.jpg','http://www.luna-see.com/2010/11/diy-tutorial-vertical-framed-succulent.html','diy tutorial vertical framed succulent.html','indoor moss wall diy'),
(43,'https://goodtogrow.files.wordpress.com/2010/03/img_1875.jpg','https://goodtogrow.wordpress.com/category/succulents/page/3','3','indoor moss wall diy'),
(44,'http://img.diynetwork.com/DIY/2013/03/07/RX-DK-FVP01301_green-wall-herb-garden_s3x4_lg.jpg','http://teacupsandbunting.blogspot.com/2014/08/diy-small-garden-home.html','diy small garden home.html','indoor moss wall diy'),
(45,'http://www.windowbox.com/media/catalog/product/cache/2/image/9df78eab33525d08d6e5fb8d27136e95/m/o/moss-roll-aprox-17ft-roll-062-24ftx18in-wb_1.jpg','http://www.windowbox.com/window-boxes-planters/window-baskets-hayrack/preserved-moss-roll-sold-by-the-roll.html','preserved moss roll sold by the roll.html','indoor moss wall diy'),
(46,'https://s-media-cache-ak0.pinimg.com/originals/8c/dd/5c/8cdd5c55125cc748ed9faea7ddc51701.jpg','https://www.pinterest.com/sowanddipity/vertical-gardening','vertical gardening','indoor moss wall diy'),
(47,'https://tended.files.wordpress.com/2014/06/dsc01918.jpg','https://tended.wordpress.com/2014/06/27/diy-succulent-wall','diy succulent wall','indoor moss wall diy'),
(48,'http://backyardgardeningadventures.com/wp-content/uploads/2012/10/thriving-plants.jpg','http://backyardgardeningadventures.com/tag/bugleweed','bugleweed','indoor moss wall diy'),
(49,'http://i693.photobucket.com/albums/vv298/theliebertfamily/oct12/DSC_0190_zps2c4649b2.jpg','http://www.bystephanielynn.com/2013/04/succulent-wall-planter-2.html','succulent wall planter 2.html','indoor moss wall diy'),
(50,'http://www.weddingwindow.com/blog/wp-content/uploads/2010/11/indoor-garden-wedding2.jpg','http://www.weddingwindow.com/blog/indoor-garden-wedding-it-can-be-done','indoor garden wedding it can be done','indoor moss wall diy'),
(51,'http://backyardgardeningadventures.com/wp-content/uploads/2012/10/backyard-garden.jpg','http://backyardgardeningadventures.com/tag/cactus','cactus','indoor moss wall diy'),
(52,'http://francotechnogap.com/images/landscaping-ideas-for-garden-edging-Gorgeous-Garden-Ideas-Glamorous-gardening-ideas-diy-Traditional-Style.jpg','http://teacupsandbunting.blogspot.com/2014/08/diy-small-garden-home.html','diy small garden home.html','indoor moss wall diy'),
(53,'http://jto.s3.amazonaws.com/wp-content/uploads/2013/01/fl20121118x1b.jpg','http://www.crafthubs.com/moss-art/12517','12517','indoor moss wall diy'),
(54,'http://images.viralnova.com/000/059/840/desktop-1406691488.png','http://www.viralnova.com/diy-indoors-outdoors','diy indoors outdoors','indoor moss wall diy'),
(55,'http://www.digsdigs.com/photos/cool-spring-moss-outdoor-and-indoor-decor-ideas-23.jpg','http://www.digsdigs.com/37-cool-spring-moss-outdoor-and-indoor-decor-ideas','37 cool spring moss outdoor and indoor decor ideas','indoor moss wall diy'),
(56,'http://indiefixx.com/wp-content/uploads/2011/10/moss11.jpg','http://indiefixx.com/2011/10/18/treehousehold-a-new-series','treehousehold a new series','indoor moss wall diy'),
(57,'https://s-media-cache-ak0.pinimg.com/originals/cb/4b/43/cb4b43ed1a6a8c65f1eb0a5537ea3f16.jpg','https://www.pinterest.com/jamyesierra/moss','moss','indoor moss wall diy'),
(58,'http://image.dhgate.com/albu_377884270_00-1.0x0/brick-wall-photo-backdrop-indoor-studio-photography.jpg','http://www.gopixpic.com/1024/wall-photo-backdrop-indoor-studio-photography-background-digital-vinyl-/http:%257C%257Cimage*dhgate*com%257Calbu_377980637_00-1*0x0%257Cbrick-wall-photo-backdrop-indoor-studio-photography*jpg','http:%257C%257Cimage*dhgate*com%257Calbu 377980637 00 1*0x0%257Cbrick wall photo backdrop indoor studio photography*jpg','indoor moss wall diy'),
(59,'http://www.organics.org/wp-content/uploads/2014/01/Vertical-Garden-Tokyo.jpg','http://www.livingwallart.com','www.livingwallart.com','indoor moss wall diy'),
(60,'https://s-media-cache-ak0.pinimg.com/originals/e8/62/db/e862db1924c228acdb3fcebb3e35a02d.jpg','https://www.pinterest.com/sowanddipity/mostly-moss','mostly moss','indoor moss wall diy'),
(61,'http://www.bouquetsformothersday.com/wp-content/plugins/wp-o-matic/cache/34fe47745d_Fairy-garden-with-birchbark-chair-and-walkway---Karen-Sloan.jpg','http://www.bouquetsformothersday.com/diy-indoor-or-outdoor-gardening-fun-minature-gardens-for-fairy-inhabitants-other-wee-folk','diy indoor or outdoor gardening fun minature gardens for fairy inhabitants other wee folk','indoor moss wall diy'),
(62,'http://www.fleuropean.com/wp-content/uploads/2013/12/moss-9p.jpg','http://www.fleuropean.com/category/all_projects/my_projects/page/2','2','indoor moss wall diy'),
(63,'http://farm8.staticflickr.com/7296/9175169440_f2c0f2d244_z.jpg','http://www.huffingtonpost.com/summer-rayne-oakes/top-10-plants-for-an-indo_b_3525020.html','top 10 plants for an indo b 3525020.html','indoor moss wall diy'),
(64,'http://azlifewave.com/wp-content/uploads/2014/07/decoration-ideas-wonderfull-indoor-green-wall-with-natural-vine-plants-and-moss-nice-beige-movable-ceiling-outboundary-imagination-of-architechture-by-indoor-green-wall-application.jpg','http://imgkid.com/indoor-living-wall.shtml','indoor living wall.shtml','indoor moss wall diy'),
(65,'http://www.clubfauna.com/wp-content/uploads/2013/09/TerrariumBuild3-26-11097.jpg','http://www.clubfauna.com/articles/amphibians/diy-mini-terrarium-small-waterfall','diy mini terrarium small waterfall','indoor moss wall diy'),
(66,'http://phoxuavanay.com/congpho/uploads/gallery/album_16/gallery_50_16_28605.jpg','http://www.livingwallart.com','www.livingwallart.com','indoor moss wall diy'),
(67,'http://www.peachgarden.org/wp-content/uploads/2014/10/garden-design-garden-wall-formal-indoor-wall-garden-singapore-urban-indoor-wall-garden-indoor-garden-wall-the-block-indoor-wall-garden-how-to-how-to-make-indoor-wall-garden-indoor-wall-garden-s.jpg','http://imgkid.com/indoor-window-herb-garden-ideas.shtml','indoor window herb garden ideas.shtml','indoor moss wall diy'),
(68,'http://i693.photobucket.com/albums/vv298/theliebertfamily/oct12/DSC_0040-001_zpseedcab21.jpg','http://www.bystephanielynn.com/2013/04/succulent-wall-planter-2.html','succulent wall planter 2.html','indoor moss wall diy'),
(69,'http://dellacooks.com/wp-content/uploads/2014/12/decorative-fence-design-with-amazing-indoor-garden-idea-feat-glazed-exterior-wall-and-manicured-grass-1024x768.jpg','http://dellacooks.com/charming-indoor-garden-ideas-to-beautify-your-room/decorative-fence-design-with-amazing-indoor-garden-idea-feat-glazed-exterior-wall-and-manicured-grass','decorative fence design with amazing indoor garden idea feat glazed exterior wall and manicured grass','indoor moss wall diy'),
(70,'http://2.bp.blogspot.com/-QsjDOOW7myY/Uqi9e2g_-iI/AAAAAAAAGoY/uKmAVWt50dY/s1600/winter%252Bis%252Bhere%252Bwfs%252Bdeer%252Bmoss%252Bwreath.jpg','http://wallflowerstudioseeds.blogspot.com/2013_12_01_archive.html','2013 12 01 archive.html','indoor moss wall diy'),
(71,'http://www.gardenista.com/files/styles/733_0s/public/fields/how-to-mount-a-staghorn-fern-10-erin-boyle-gardenista.jpg','http://www.gardenista.com/posts/diy-how-to-hang-a-staghorn-fern','diy how to hang a staghorn fern','indoor moss wall diy'),
(72,'http://www.gardenista.com/files/styles/733_0s/public/img/sub/uimg/03-2013/700_hanging-moss-balls-diy.jpg','http://imgarcade.com/1/indoor-moss-garden','indoor moss garden','indoor moss wall diy'),
(73,'http://frustratedgardener.files.wordpress.com/2013/02/img_7940.jpg','http://frustratedgardener.com/tag/moss','moss','indoor moss wall diy'),
(74,'http://mountainmoss.com/wp-content/uploads/2014/12/MountainMoss_Montage_021.jpg','http://mountainmoss.com','mountainmoss.com','indoor moss wall diy'),
(75,'http://4.bp.blogspot.com/-8oY_D9fjICQ/URxV5ak88mI/AAAAAAAACMM/3hdE73IdPUA/s1600/IMG_0335.JPG','http://themagnoliamom.blogspot.com','themagnoliamom.blogspot.com','indoor moss wall diy'),
(76,'http://img.diynetwork.com/DIY/2010/12/15/RX-DK-VGN09101_vertical-garden_s3x4_lg.jpg','http://teacupsandbunting.blogspot.com/2014/08/diy-small-garden-home.html','diy small garden home.html','indoor moss wall diy'),
(77,'http://sandandsisal.com/wp-content/uploads/2014/02/Decorating-with-Succulents.jpg','http://sandandsisal.com/2014/02/succulent-wall-hanging.html','succulent wall hanging.html','indoor moss wall diy'),
(78,'http://dellacooks.com/wp-content/uploads/2014/12/exposed-ceiling-beam-also-glazed-wall-design-and-deck-flooring-feat-picture-of-creative-indoor-garden-ideas-1024x681.jpg','http://dellacooks.com/charming-indoor-garden-ideas-to-beautify-your-room/exposed-ceiling-beam-also-glazed-wall-design-and-deck-flooring-feat-picture-of-creative-indoor-garden-ideas','exposed ceiling beam also glazed wall design and deck flooring feat picture of creative indoor garden ideas','indoor moss wall diy'),
(79,'http://ww1.prweb.com/prfiles/2013/11/19/11349411/LiveWall_Indoor_Living_Wall.jpg','http://imgkid.com/indoor-living-wall.shtml','indoor living wall.shtml','indoor moss wall diy'),
(80,'http://lunar.thegamez.net/gardenidea/garden-planter-ideas/here-is-my-new-system-to-build-a-vertical-garden-it-is-my-next-2520x1948.jpg','http://www.gardenideaspicture.us/2013/10/garden-planter-ideas.html','garden planter ideas.html','indoor moss wall diy'),
(81,'https://goodtogrow.files.wordpress.com/2010/05/img_3214.jpg','https://goodtogrow.wordpress.com/category/living-artvertical-gardens/page/4','4','indoor moss wall diy'),
(82,'http://mostbeautifulgardens.com/wp-content/uploads/2014/01/diy-vertical-gardens-living-walls-step-step-tutorials_02.jpg','http://mostbeautifulgardens.com/diy-vertical-gardens-living-walls-step-step-tutorials','diy vertical gardens living walls step step tutorials','indoor moss wall diy'),
(83,'http://www.mossandstonegardens.com/blog/wp-content/uploads/2011/06/hall_of_mosses_by_porbital-d3f2bfn.jpg','http://imgarcade.com/1/indoor-moss-garden','indoor moss garden','indoor moss wall diy'),
(84,'http://houseandfig.com/wp-content/uploads/2014/01/DSC_3755.jpg','http://houseandfig.com/2014/01/08/wall-mounted-succulent-letter-diy','wall mounted succulent letter diy','indoor moss wall diy'),
(85,'https://foliageconcepts.files.wordpress.com/2011/03/indoor_garden1.jpg','http://galleryhip.com/indoor-living-wall.html','indoor living wall.html','indoor moss wall diy'),
(86,'http://3.bp.blogspot.com/-lf_4jFXOZ2g/UcCbR5NHEAI/AAAAAAAABIU/_U1cfpWTPIY/s1600/faux%252Bmoss%252B3.JPG','http://paintedartist.blogspot.com/2013/06/how-to-make-realistic-faux-moss-diy.html','how to make realistic faux moss diy.html','indoor moss wall diy'),
(87,'https://faroutflora.files.wordpress.com/2010/06/shinysquare04.jpg','https://faroutflora.wordpress.com/2010/06/24/diy-shiny-succulent-container','diy shiny succulent container','indoor moss wall diy'),
(88,'http://www.weddingwindow.com/blog/wp-content/uploads/2010/11/indoor-garden-wedding1.jpg','http://www.weddingwindow.com/blog/indoor-garden-wedding-it-can-be-done','indoor garden wedding it can be done','indoor moss wall diy'),
(89,'http://www.styleitlikeyoustoleit.com/site/wp-content/uploads/2013/04/Moss-eco-graffiti-by-Anna-Garforth-e1366042914736.jpg','http://www.styleitlikeyoustoleit.com/site/category/living/page/5','5','indoor moss wall diy'),
(90,'https://themoderngardener.files.wordpress.com/2010/04/vertical-succulent-garden_2.jpg','https://themoderngardener.wordpress.com/2010/04/05/vertical-gardens-diy-panels','vertical gardens diy panels','indoor moss wall diy'),
(91,'https://simplyradical.files.wordpress.com/2013/05/heygate-robin-treading.jpg','https://simplyradical.wordpress.com','simplyradical.wordpress.com','indoor moss wall diy'),
(92,'http://www.gardenista.com/files/styles/733_0s/public/fields/kokedama-erin-boyle-gardenista-9.jpg','http://www.gardenista.com/posts/small-space-diy-kokedama-hanging-moss-planter','small space diy kokedama hanging moss planter','indoor moss wall diy'),
(93,'https://s-media-cache-ak0.pinimg.com/736x/0a/d3/06/0ad306a933741dadb8d883399528fbf6.jpg','https://www.pinterest.com/fernie47/mossy-moss','mossy moss','indoor moss wall diy'),
(94,'http://backyardgardeningadventures.com/wp-content/uploads/2012/08/img_6970.jpg','http://backyardgardeningadventures.com/flowering-plants','flowering plants','indoor moss wall diy'),
(95,'https://frustratedgardener.files.wordpress.com/2014/05/img_1259.jpg','http://frustratedgardener.com/2014/05','05','indoor moss wall diy'),
(96,'http://backyardgardeningadventures.com/wp-content/uploads/2012/07/img_6963.jpg','http://backyardgardeningadventures.com/tag/container-gardening','container gardening','indoor moss wall diy'),
(97,'http://storyboardwedding.com/wp-content/uploads/2013/07/DIY_Love_Bird_Wedding_Leah_Moss_Photography_1-h.jpg','http://storyboardwedding.com/whimsical-diy-wedding-with-personalized-touches','whimsical diy wedding with personalized touches','indoor moss wall diy'),
(98,'http://www.instructables.com/files/deriv/F18/ZD6B/G962OKZM/F18ZD6BG962OKZM.LARGE.jpg','http://littlefamilyadventure.com/category/family-fun-adventures/gardening','gardening','indoor moss wall diy'),
(99,'http://1.bp.blogspot.com/-FT0zqQfSYqs/UcCbSgzmsNI/AAAAAAAABIU/bgPIwk5wz9A/s1600/faux%252Bmoss%252B2.jpg','http://paintedartist.blogspot.com/2013/06/how-to-make-realistic-faux-moss-diy.html','how to make realistic faux moss diy.html','indoor moss wall diy'),
(100,'http://backyardbrilliant.com/wp-content/uploads/2014/03/2014-02-08-14.31.29.jpg','http://www.backyardbrilliant.com/2014/03/12/mossy-letter-diy','mossy letter diy','indoor moss wall diy'),
(101,'http://frustratedgardener.files.wordpress.com/2013/02/img_7929.jpg','http://frustratedgardener.com/tag/moss','moss','indoor moss wall diy'),
(102,'http://www.dustandrust.com/images/bricks_and_moss.jpg','http://webecoist.momtastic.com/2010/04/24/wild-living-interiors-seeding-your-space-in-multiple-green-ways','wild living interiors seeding your space in multiple green ways','indoor moss wall diy'),
(103,'http://floragrubb.com/florasblog/wp-content/uploads/2011/11/grubb0810-017665_2947783738_o-e1350334992832.jpg','http://floragrubb.com/florasblog/?cat%3D3','?cat%3D3','indoor moss wall diy'),
(104,'http://www.novisti.com/images/2015/01/amazing-indoor-living-wall-planter-wally-one-living-wall-and-vertical-garden-planter-black-indoor-living-wall-planter-interior-decorating-cool-indoor-living-wall-planter-design-ideas.jpg','http://www.novisti.com/cool-indoor-living-wall-planter-design-ideas/creative-diy-herbs-flower-pots-for-your-home-indoor-living-wall-vertical-hanging-succulent-planter-with-cedar-material','creative diy herbs flower pots for your home indoor living wall vertical hanging succulent planter with cedar material','indoor moss wall diy'),
(105,'http://hgtvhome.sndimg.com/content/dam/images/hgtv/fullset/2011/3/17/0/TS-87587789_green-moss-trees-woods_s3x4.jpg.rend.hgtvcom.1280.1707.jpeg','http://www.hgtv.com/design/outdoor-design/landscaping-and-hardscaping/growing-low-maintenance-moss','growing low maintenance moss','indoor moss wall diy'),
(106,'http://www.postmetropolitan.com/uploads/2013/02/mosscape.jpg','http://www.postmetropolitan.com/5-cool-things-you-can-do-with-moss','5 cool things you can do with moss','indoor moss wall diy'),
(107,'http://i00.i.aliimg.com/wsphoto/v0/32219782992_1/16-kinds-of-font-b-moss-b-font-plant-seed-Combination-for-each-20pcs-Aquatic-plants.jpg','http://www.aliexpress.com/price/moss-aquariums_price.html','moss aquariums price.html','indoor moss wall diy'),
(108,'http://theyearoflivingfabulously.files.wordpress.com/2013/11/fallflowersdiningroom3.jpg','http://theyearoflivingfabulously.com/2013/11','11','indoor moss wall diy'),
(109,'http://www.marthastewart.com/sites/files/marthastewart.com/imagecache/wmax-1500/images/content/pub/ms_living/2011Q3/moss-garden-martha-0811mld106442_sq.jpg','http://www.marthastewart.com/359967/marthas-home-yours-moss-gardens','marthas home yours moss gardens','indoor moss wall diy'),
(110,'http://dagmaramach.com/wp-content/uploads/2014/04/Grow-Moss-Indoors-to-Improve-Health-and-Maintain-Optimal-Humidity.jpg','http://dagmaramach.com/life-hacks-grow-moss-garden','life hacks grow moss garden','indoor moss wall diy'),
(111,'http://2.bp.blogspot.com/_GxIpEoQ68Q0/TTuZTToPQgI/AAAAAAAAAbg/5XkJNNsBJrk/s1600/110122.Indoor%25252BPlant%25252BWorkshop.2.jpg','http://pots-and-jars.blogspot.com/2011/01/indoor-plant-projects-workshop.html','indoor plant projects workshop.html','indoor moss wall diy'),
(112,'http://www.bynaturedesign.ca/wp-content/uploads/2014/09/LivingCanvas.jpg','http://www.bynaturedesign.ca','www.bynaturedesign.ca','indoor moss wall diy'),
(113,'http://www.gardenista.com/files/styles/733_0s/public/fields/kokedama-erin-boyle-gardenista-3.jpg','http://www.gardenista.com/posts/small-space-diy-kokedama-hanging-moss-planter','small space diy kokedama hanging moss planter','indoor moss wall diy'),
(114,'http://diyshowoff.com/wp-content/uploads/2013/03/spring-terrarium-tutorial.jpg','http://diyshowoff.com/2013/03/12/spring-fairy-garden','spring fairy garden','indoor moss wall diy'),
(115,'http://1.bp.blogspot.com/-BZjBCFweSOk/UTFkNnIxFGI/AAAAAAAATwg/VssQnW3Lf_E/s640/golden%252Bmoss%252Bfern%252Bikea%252Bwm.jpg','http://www.drivenbydecor.com/2013/03/ikeas-new-indoor-plants.html','ikeas new indoor plants.html','indoor moss wall diy'),
(116,'http://lovelyhomedesigns.com/photos/Red-Flowers-2.jpg','http://lovelyhomedesigns.com/red-flowers/red-flowers-begonias-border-pavers-driveway-pavers-entry-garden-border-landscaping-ideas-low-wall-moss-in-crakcs-painted-brick-wall-paved-driveway','red flowers begonias border pavers driveway pavers entry garden border landscaping ideas low wall moss in crakcs painted brick wall paved driveway','indoor moss wall diy'),
(117,'https://goodtogrow.files.wordpress.com/2010/03/img_1877.jpg','https://goodtogrow.wordpress.com/2010/04/01/succulent-week-more-ways-to-turn-ordinary-objects-into-extraordinary-living-art','succulent week more ways to turn ordinary objects into extraordinary living art','indoor moss wall diy'),
(118,'http://www.artificialplantsandtrees.com/articles/wp-content/uploads/2014/04/April-Wreath.jpg','http://www.artificialplantsandtrees.com/articles/april-wreath-diy-moss-covered-wreath','april wreath diy moss covered wreath','indoor moss wall diy'),
(119,'http://i.ytimg.com/vi/sFO5LRkVH3A/maxresdefault.jpg','http://www.youtube.com/watch?v%3DsFO5LRkVH3A','watch?v%3DsFO5LRkVH3A','indoor moss wall diy'),
(120,'http://www.thefreshexchangeblog.com/assets/Garden_Mounting_Staghorn_Fern_12.jpg','http://thefreshexchangeblog.com/2014/02/garden-diy-mounting-staghorn-fern','garden diy mounting staghorn fern','indoor moss wall diy'),
(121,'http://www.gardenista.com/files/styles/733_0s/public/fields/Elizabeth-Roberts-Ensemble-Architecture-Fort-Greene-Cumberland-Terrace-Gardenista-20.jpg','http://www.gardenista.com/posts/13-new-landscape-design-ideas-to-steal-in-2015','13 new landscape design ideas to steal in 2015','indoor moss wall diy'),
(122,'http://img.loveitsomuch.com/uploads/201409/14/20/2014%252520outdoor%252520decor%252520ideas%252520-%252520ceramic%252520green%252520man%252520wall%252520sconce%252520iron%252520moss-f51745.jpg','http://olga_park8b.loveitsomuch.com/stores/ceramic-green-man-wall-sconce-iron-moss-1410777046,1117007.html','ceramic green man wall sconce iron moss 1410777046,1117007.html','indoor moss wall diy'),
(123,'http://farm4.static.flickr.com/3098/5701004643_68a12bfaed_z.jpg','http://unskinnyboppy.com/2011/05/sucker-for-succulents-diy-succulent','sucker for succulents diy succulent','indoor moss wall diy'),
(124,'http://img854.imageshack.us/img854/7751/lovemesomemoss.jpg','http://www.permies.com/t/13614/art/Moss-art','Moss art','indoor moss wall diy'),
(125,'http://lazarlandscape.com/wp-content/uploads/2013/02/Drystack-Moss-Rock-1024x768.jpg','http://lazarlandscape.com/2013/02','02','indoor moss wall diy'),
(126,'http://lovelyhomedesigns.com/photos/Red-Flowers-Begonias-border-pavers-driveway-pavers-entry-garden-border-landscaping-ideas-low-wall-moss-in-crakcs-painted-brick-wall-paved-driveway.jpg','http://lovelyhomedesigns.com/red-flowers/red-flowers-begonias-border-pavers-driveway-pavers-entry-garden-border-landscaping-ideas-low-wall-moss-in-crakcs-painted-brick-wall-paved-driveway','red flowers begonias border pavers driveway pavers entry garden border landscaping ideas low wall moss in crakcs painted brick wall paved driveway','indoor moss wall diy'),
(127,'http://www.gardeningknowhow.com/wp-content/uploads/2012/03/indoor-living-wall1.jpg','http://www.gardeningknowhow.com/garden-how-to/projects','projects','indoor moss wall diy'),
(128,'http://olpos.com/wp-content/uploads/2013/10/indoor-water-garden-design-with-fish-pond-decorating-with-natural-stone.jpeg','http://meeellyy.blogspot.com/2014/02/stone-water-room-decor.html','stone water room decor.html','indoor moss wall diy'),
(129,'http://dellacooks.com/wp-content/uploads/2014/12/exposed-stone-wall-design-plus-awesome-vertical-indoor-garden-idea-with-fern-family-plants.jpg','http://dellacooks.com/charming-indoor-garden-ideas-to-beautify-your-room/exposed-stone-wall-design-plus-awesome-vertical-indoor-garden-idea-with-fern-family-plants','exposed stone wall design plus awesome vertical indoor garden idea with fern family plants','indoor moss wall diy'),
(130,'http://designrevolver.files.wordpress.com/2012/05/20120501-184059.jpg','http://designrevolver.org/tag/plants','plants','indoor moss wall diy'),
(131,'http://www.animated-gardens.co.uk/wp-content/uploads/2013/11/IMG_0811-e1384449319392.jpg','http://www.animated-gardens.co.uk/category/uncategorized','uncategorized','indoor moss wall diy'),
(132,'http://sandandsisal.com/wp-content/uploads/2014/02/Decorate-with-succulents.jpg','http://sandandsisal.com/2014/02/succulent-wall-hanging.html','succulent wall hanging.html','indoor moss wall diy'),
(133,'http://img.diynetwork.com/DIY/2012/03/02/RX-DK-AP04801_pergola-pathway_s4x3.jpg','http://www.diynetwork.com/topics/pergolas','pergolas','indoor moss wall diy'),
(134,'http://houseandfig.com/wp-content/uploads/2014/01/hf_succulentletter.jpg','http://houseandfig.com/2014/01/08/wall-mounted-succulent-letter-diy','wall mounted succulent letter diy','indoor moss wall diy'),
(135,'http://www.marinasgarden.com/wp-content/uploads/2015/01/livingwallnowfinal.jpg','http://www.marinasgarden.com/author/227abbottgmail-com','227abbottgmail com','indoor moss wall diy'),
(136,'http://homegardenair.com/wp-content/uploads/2013/12/indoor-vertical-garden-ideas-for-home-decorating.jpg','http://homegardenair.com/tips-creating-indoor-garden','tips creating indoor garden','indoor moss wall diy'),
(137,'http://www.ka29.com/wp-content/uploads/c/c-agreeable-outdoor-storage-cabinet-ideas-outdoor-storage-cabinets-in-singapore-outdoor-storage-cabinet-ikea-outdoor-storage-cabinet-ideas-indoor-outdoor-storage-cabinets-outdoor-industrial-stora.jpg','http://www.ka29.com/simple-outdoor-motorized-tv-lift-cabinet','simple outdoor motorized tv lift cabinet','indoor moss wall diy'),
(138,'https://s-media-cache-ak0.pinimg.com/originals/db/18/34/db1834e9016cbf8434d08594d23f56d5.jpg','https://www.pinterest.com/geraniumstreet1/living-walls','living walls','indoor moss wall diy'),
(139,'http://www.craftsunleashed.com/wp-content/uploads/2014/04/DIY-Floral-Wall-Sconces-08sm.jpg','http://www.craftsunleashed.com/decor-home/diy-floral-wall-sconce','diy floral wall sconce','indoor moss wall diy'),
(140,'http://img.loveitsomuch.com/uploads/201409/11/20/2014%252520outdoor%252520decor%252520ideas%252520-%252520ceramic%252520green%252520man%252520wall%252520sconce%252520mottled%252520moss-f08008.jpg','http://lovepic880v.loveitsomuch.com/stores/ceramic-green-man-wall-sconce-mottled-moss-1410522769,1102886.html','ceramic green man wall sconce mottled moss 1410522769,1102886.html','indoor moss wall diy'),
(141,'http://cdn.wonderfulengineering.com/wp-content/uploads/2014/10/Moss-Graffiti-%2525E2%252580%252593-How-to-Do-It11.jpg','http://galleryhip.com/how-to-make-moss-graffiti.html','how to make moss graffiti.html','indoor moss wall diy'),
(142,'http://sandandsisal.com/wp-content/uploads/2014/02/Succulent-Gardening-2.jpg','http://quoteimg.com/diy-moss-ball-succulent-diy-spring-decor','diy moss ball succulent diy spring decor','indoor moss wall diy'),
(143,'http://dagmaramach.com/wp-content/uploads/2014/08/How-to-Make-DIY-Succulent-Terrarium-in-Glass-Terrarium-Container.jpg','http://dagmaramach.com/life-hacks-how-to-make-a-succulent-terrarium','life hacks how to make a succulent terrarium','indoor moss wall diy'),
(144,'http://www.animated-gardens.co.uk/wp-content/uploads/2013/11/IMG_0809.jpg','http://www.animated-gardens.co.uk/category/uncategorized','uncategorized','indoor moss wall diy'),
(145,'http://www.thebuildingblox.com/wp-content/uploads/2013/09/BenettiMOSS-Forest.jpg','http://www.thebuildingblox.com/benetti-stone-the-new-look-of-contemporary-stone','benetti stone the new look of contemporary stone','indoor moss wall diy'),
(146,'http://art-kokedama.com/wp-content/uploads/2012/04/plantes-kokedama_001.jpg','http://art-kokedama.com/where-it-takes-to-make-kokedama','where it takes to make kokedama','indoor moss wall diy'),
(147,'http://hgtvhome.sndimg.com/content/dam/images/hgtv/fullset/2012/10/19/2/Original_Brian-Patrick-Flynn-Holiday-House-Square-Moss-Wreath-Beauty_s3x4.jpg.rend.hgtvcom.1280.1707.jpeg','http://photos.hgtv.com/photos/holiday%2520wreath-','holiday%2520wreath ','indoor moss wall diy'),
(148,'http://theyearoflivingfabulously.files.wordpress.com/2013/11/fallflowersbedroomcreate9.jpg','http://theyearoflivingfabulously.com/category/thanksgiving','thanksgiving','indoor moss wall diy'),
(149,'http://img.edilportale.com/products/prodotti-26113-vrel8d9fc255b0a54035869a14fd1a522556.jpg','http://www.archiproducts.com/en/products/26113/long-pile-rug-moss-kasthall.html','long pile rug moss kasthall.html','indoor moss wall diy'),
(150,'http://i7.photobucket.com/albums/y287/mapc/Mosses/moss6a.jpg','http://www.aquaticquotient.com/forum/showthread.php/13790-Mosses-for-new-vivarium-project','13790 Mosses for new vivarium project','indoor moss wall diy'),
(151,'http://i.imgur.com/DP7Rk.jpg','http://www.reddit.com/comments/mewxg/whiterun_skyrim_circa_1994','whiterun skyrim circa 1994','indoor moss wall diy'),
(152,'http://img.edilportale.com/products/prodotti-150862-vrel18dacc0753f9441195b52bdba3397863.jpg','http://www.archiproducts.com/en/products/150862/natural-stone-shower-panel-wall-panel-apaiser.html','natural stone shower panel wall panel apaiser.html','indoor moss wall diy'),
(153,'http://www.styleitlikeyoustoleit.com/site/wp-content/uploads/2013/01/Living-room-living-wall.jpg','http://www.styleitlikeyoustoleit.com/site/turn-you-house-into-garden-indoor-plant-ideas-vertical-garden','turn you house into garden indoor plant ideas vertical garden','indoor moss wall diy'),
(154,'http://www.bridgman.co.uk/blog/wp-content/uploads/2014/05/x-30-indulgy.jpg','http://www.bridgman.co.uk/blog/garden-wall-art-trending-in-outdoor-living','garden wall art trending in outdoor living','indoor moss wall diy'),
(155,'http://www.killies.com/AquaticMosses01/MossTaiwan031.jpg','http://shuizuzaojing.lofter.com/tag/%25E8%258B%2594%25E8%2597%2593','%25E8%258B%2594%25E8%2597%2593','indoor moss wall diy'),
(156,'http://ideastodecor.com/wp-content/uploads/2013/07/The-Green-Furniture-Ideas-Design.jpg','http://ideastodecor.com/the-green-furniture-ideas','the green furniture ideas','indoor moss wall diy'),
(157,'http://backyardbrilliant.com/wp-content/uploads/2014/03/2014-02-08-14.45.44.jpg','http://www.backyardbrilliant.com/2014/03/12/mossy-letter-diy','mossy letter diy','indoor moss wall diy'),
(158,'http://camillestyles.com/wp-content/uploads/2011/12/herbs1.jpg','http://camillestyles.com/uncategorized/transformed-mason-jar-herb-garden','transformed mason jar herb garden','indoor moss wall diy'),
(159,'https://s-media-cache-ak0.pinimg.com/originals/e8/53/4c/e8534c0ec675e90407be153adb85372a.jpg','https://www.pinterest.com/juliusbram/vertical-garden','vertical garden','indoor moss wall diy'),
(160,'http://www.notjustahousewife.net/wp-content/uploads/2013/06/secret-garden-trellis-1024x682.jpg','http://www.notjustahousewife.net/2013/06/summer-home-tour-2013.html','summer home tour 2013.html','indoor moss wall diy'),
(161,'http://insideurbangreen.typepad.com/.a/6a00e3982480928833016764cd2d8b970b-pi','http://www.insideurbangreen.org/community-gardening','community gardening','indoor moss wall diy'),
(162,'http://4.bp.blogspot.com/-SfzHwLArFUA/UqHlSrapB_I/AAAAAAAAGkA/WUcfU96J-xI/s1600/DIY%252Bstuff%252BWall%252BFlower%252BStudio%252B%252BNatural%252Bcraft%252Bitems%252BKaren%252BSloan.jpg','http://wallflowerstudioseeds.blogspot.com/2013/12/diy-rustic-woodland-topiary-tutorial.html','diy rustic woodland topiary tutorial.html','indoor moss wall diy'),
(163,'http://backyardgardeningadventures.com/wp-content/uploads/2012/09/img_7354.jpg','http://backyardgardeningadventures.com/tag/building-a-backyard-garden','building a backyard garden','indoor moss wall diy'),
(164,'http://img.loveitsomuch.com/uploads/201406/06/20/2014%252520sale%252520nature%252520spirit%252520tree%252520mask%252520-%252520wearable%252520wall%252520art%252520-%252520green%252520man%252520-%252520leaf%252520and%252520moss%252520house%252520warming%252520gift-f24554.jpg','http://lilly_1478e.loveitsomuch.com/stores/sale-nature-spirit-tree-mask-wearable-wall-art-1402139837,731454.html','sale nature spirit tree mask wearable wall art 1402139837,731454.html','indoor moss wall diy'),
(165,'http://www.techlume.com/wp-content/uploads/2014/09/enchanting-haunting-tablehaunting-garden-in-the-wonderland.jpg','http://www.techlume.com/tag/indoor-gardening-tips','indoor gardening tips','indoor moss wall diy'),
(166,'http://cdn.decoist.com/wp-content/uploads/2014/10/Living-room-with-wood-panels-exposed-brick-walls-and-interesting-decor.jpg','http://www.decoist.com/2014-10-13/rustic-living-rooms-ideas','rustic living rooms ideas','indoor moss wall diy'),
(167,'http://www.potterybarn.com/pbimgs/rk/images/dp/wcm/201105/0016/img9l.jpg','http://messymimi.blogspot.com/2011_03_01_archive.html','2011 03 01 archive.html','indoor moss wall diy'),
(168,'http://3.bp.blogspot.com/-4qe8mwiCXKY/TylPjCsYhZI/AAAAAAAAA80/vu72T_dD0Ps/s1600/DSC_0006.JPG','http://www.gardenkitchenhome.com/2012/02/easy-indoor-garden-comes-to-life.html','easy indoor garden comes to life.html','indoor moss wall diy'),
(169,'http://www.shelterness.com/pictures/diy-indoor-moss-decorations-for-spring-decor6.jpg','http://www.shelterness.com/8-diy-indoor-moss-decorations-for-spring-decor','8 diy indoor moss decorations for spring decor','indoor moss wall diy'),
(170,'http://greenweddingshoes.com/wp-content/uploads/2013/07/idaho-wedding-18.jpg','http://greenweddingshoes.com/bohemian-backyard-wedding-in-idaho-natalie-will','bohemian backyard wedding in idaho natalie will','indoor moss wall diy'),
(171,'http://www.thefreshexchangeblog.com/assets/Garden_Mounting_Staghorn_Fern_07.jpg','http://thefreshexchangeblog.com/2014/02/garden-diy-mounting-staghorn-fern','garden diy mounting staghorn fern','indoor moss wall diy'),
(172,'http://i00.i.aliimg.com/wsphoto/v0/1949422134_1/new-25cm-25cm-outdoor-topiaries-artificial-font-b-garden-b-font-hedges-font-b-garden-b.jpg','http://www.aliexpress.com/indoor-garden-ideas_reviews.html','indoor garden ideas reviews.html','indoor moss wall diy'),
(173,'http://4.bp.blogspot.com/-hULRWp_DwEs/T1_WlZLCWDI/AAAAAAAABIo/mK--00E4aEA/s1600/IMG_8461.JPG','http://rooseveltkid.blogspot.com/2012_03_01_archive.html','2012 03 01 archive.html','indoor moss wall diy'),
(174,'http://www.thegardenglove.com/wp-content/uploads/2013/09/creeping-pallet-planter.jpg','http://www.thegardenglove.com/tag/recycle','recycle','indoor moss wall diy'),
(175,'http://resources2.news.com.au/images/2014/05/20/1226924/182746-774d353e-d97c-11e3-971d-8b7ef05f4600.jpg','http://www.geelongadvertiser.com.au/lifestyle/gt-home/diy-hanging-moss-plants/story-fnjy8leo-1226924183985','story fnjy8leo 1226924183985','indoor moss wall diy'),
(176,'https://athistleinmysensitivearea.files.wordpress.com/2013/03/019.jpg','https://athistleinmysensitivearea.wordpress.com','athistleinmysensitivearea.wordpress.com','indoor moss wall diy'),
(177,'http://www.mossandstonegardens.com/blog/wp-content/uploads/2011/05/Moss-cloche-cloche.jpg','http://www.decohubs.com/a-conversation-with-plant-and-moss/10958','10958','indoor moss wall diy'),
(178,'http://www.pinkdecoration.com/wp-content/uploads/2014/04/green-everywhere-diy-vertical-gardens____.jpg','http://www.pinkdecoration.com/tag/green/page/4','4','indoor moss wall diy'),
(179,'https://frustratedgardener.files.wordpress.com/2014/10/img_1272.jpg','http://frustratedgardener.com','frustratedgardener.com','indoor moss wall diy'),
(180,'http://frustratedgardener.files.wordpress.com/2013/02/img_7943.jpg','http://frustratedgardener.com/tag/snow','snow','indoor moss wall diy'),
(181,'http://www.omgj.org/img/2014/7/gorgeous-green-everywhere-diy-vertical-gardens-homesthetics.jpg','http://www.omgj.org/t/diy-vertical-garden-systems','diy vertical garden systems','indoor moss wall diy'),
(182,'http://www.styleitlikeyoustoleit.com/site/wp-content/uploads/2013/04/Moss-heart-garlands.jpg','http://www.styleitlikeyoustoleit.com/site/moss-graffiti-what-you-need-to-know','moss graffiti what you need to know','indoor moss wall diy'),
(183,'http://3.bp.blogspot.com/-T5ODFmzWKYs/UpZZdyPs8dI/AAAAAAAAGgY/vjEYlY-Jitk/s1600/Moss%252Bwreath%252Bfor%252Bworkshop%252BNov.%252B2013%252BWall%252BFlower%252BStudio.jpg','http://wallflowerstudioseeds.blogspot.com/2013/11/prepping-and-gathering-materials-moss.html','prepping and gathering materials moss.html','indoor moss wall diy'),
(184,'http://farm3.static.flickr.com/2452/3976700109_b2a13f6c0d.jpg','http://www.insideurbangreen.org/2009/11/garden-update.html','garden update.html','indoor moss wall diy'),
(185,'http://www.novisti.com/images/2015/01/diy-vertical-planter-hanging-instruction-indoor-living-wall-planter-interior-decorating-cool-indoor-living-wall-planter-design-ideas.jpg','http://www.novisti.com/cool-indoor-living-wall-planter-design-ideas/indoor-or-outdoor-green-wall-landscaping-ideas-wall-planter-design-ideas','indoor or outdoor green wall landscaping ideas wall planter design ideas','indoor moss wall diy'),
(186,'http://insideurbangreen.typepad.com/.a/6a00e3982480928833016764cd1abe970b-pi','http://www.insideurbangreen.org/community-gardening','community gardening','indoor moss wall diy'),
(187,'http://i.ytimg.com/vi/Kmxk1VMvh0I/maxresdefault.jpg','http://www.youtube.com/watch?v%3DKmxk1VMvh0I','watch?v%3DKmxk1VMvh0I','indoor moss wall diy'),
(188,'http://i56.tinypic.com/o72k5z.png','http://banksyforum.proboards.com/thread/65976','65976','indoor moss wall diy'),
(189,'http://www.breakfastwithaudrey.com.au//wp-content/myuploads//WSFreeStandingVerticalGarden.jpg','http://www.breakfastwithaudrey.com.au/diy-inspirations-home-herb-garden','diy inspirations home herb garden','indoor moss wall diy'),
(190,'http://4.bp.blogspot.com/-0PEadSAXiM4/U-d93FgzkoI/AAAAAAAAHuA/nQw-W0yp7sA/s1600/Fairy%252Bbed%252Bwith%252Bcanopy%252B-%252BKaren%252BSloan%252B-%252BWall%252BFlower%252BStudio.jpg','http://wallflowerstudioseeds.blogspot.com/2014/08/twigs-and-moss-and-birch-oh-my-diy.html','twigs and moss and birch oh my diy.html','indoor moss wall diy'),
(191,'https://lovestoriesweddings.files.wordpress.com/2012/07/p1000586.jpg','https://lovestoriesweddings.wordpress.com/2012/07/22/indulge-in-love-with-all-things-rustic','indulge in love with all things rustic','indoor moss wall diy'),
(192,'http://www.prairiehive.com/blogimages/DT%252520Moss%25252004a.jpg','http://www.prairiehive.com/2011/04/diy-moss-letters','diy moss letters','indoor moss wall diy'),
(193,'http://static.squarespace.com/static/52faba23e4b0379601b8bc2a/t/52fb539ae4b00a6523ef22f4/1392202651727/DSC_0445.JPG%253Fformat%253D1000w','http://www.havven.com.au/decor/diy-string-ball-garden','diy string ball garden','indoor moss wall diy'),
(194,'http://2.bp.blogspot.com/-j7zmET-5UX0/U33mbHTm5LI/AAAAAAAATVA/68gWwHNfMq8/s1600/DSC_0062.JPG','http://funwithbarbandmary.blogspot.com/2014_05_01_archive.html','2014 05 01 archive.html','indoor moss wall diy'),
(195,'http://miniaturegardenshoppe.com/images/inspiration/33-mini%252520Garden1.JPG','http://miniaturegardenshoppe.com/content.html','content.html','indoor moss wall diy'),
(196,'http://lunar.thegamez.net/gardenidea/garden-diy/diy-pallet-vertical-garden-shelterness-800x1066.jpg','http://gardenidea.me/garden-diy','garden diy','indoor moss wall diy'),
(197,'http://cdn.decoist.com/wp-content/uploads/2013/04/DIY-Vertical-Herb-Garden.jpg','http://www.decoist.com/2013-04-24/diy-planters','diy planters','indoor moss wall diy'),
(198,'http://i1.wp.com/www.colorsandjoy.com/wp-content/uploads/2014/07/Screen-Shot-2014-07-25-at-3.57.16-PM.jpg','http://www.stumbleupon.com/email/in/eNozskwxNknSMzRxD3Eqc7U08XSvySgpKbDS1y8vL9crLinNTcpJLS3Iz9NLzs_VLy7VN6swM4xKrDE0MrI0MzQ0MLWwNDc1NzU2NjOoMQdcMLkoF3g!','eNozskwxNknSMzRxD3Eqc7U08XSvySgpKbDS1y8vL9crLinNTcpJLS3Iz9NLzs VLy7VN6swM4xKrDE0MrI0MzQ0MLWwNDc1NzU2NjOoMQdcMLkoF3g!','indoor moss wall diy'),
(199,'http://2.bp.blogspot.com/-trju20C0jyQ/U2EoclxR_iI/AAAAAAAAI1M/TGzio8YiGSg/s1600/IMG_7569.jpg','http://quoteimg.com/diy-moss-ball-succulent-diy-spring-decor','diy moss ball succulent diy spring decor','indoor moss wall diy'),
(200,'http://i0.wp.com/cassiefairy.com/wp-content/uploads/2014/07/DIY-herb-garden-planter-and-patio.jpg','http://cassiefairy.com/category/home-design/garden','garden','indoor moss wall diy'),
(201,'http://i.ytimg.com/vi/NdASzi3baDA/maxresdefault.jpg','http://www.youtube.com/watch?v%3DNdASzi3baDA','watch?v%3DNdASzi3baDA','indoor moss wall diy'),
(202,'http://inspiringinteriorsideas.com/pictures/2014/10/Incredible-Home-Bar-decorating-ideas-for-Pretty-Patio-Rustic-design-ideas-with-counter-stools-dart-board-DIY-HGTV-Jake-Moss-keg-stools-kegerator-masculine.jpg','http://inspiringinteriorsideas.com/incredible-home-bar-decorating-ideas-pretty-home-bar-contemporary-design-ideas-bar-bar-faucet-bar-sink-basement-basement-brewery-beer-tap-black-bar/incredible-home-bar-decorating-ideas-for-pretty-patio-traditional-design-ideas-with-covered-patio-granite-countertop-integrated-grill-outdoor-bar-outdoor-entertaining-outdoor-home','incredible home bar decorating ideas for pretty patio traditional design ideas with covered patio granite countertop integrated grill outdoor bar outdoor entertaining outdoor home','indoor moss wall diy'),
(203,'http://i1.wp.com/blueantlerstudio.com/wp-content/uploads/2012/04/Fall-2010-at-the-cabin-14.jpg','http://blueantlerstudio.com/tag/diy-projects','diy projects','indoor moss wall diy'),
(204,'https://s-media-cache-ak0.pinimg.com/originals/e9/06/e2/e906e2cac3894082d76d4fce1296a82d.jpg','https://www.pinterest.com/isachemist/wall-gardening','wall gardening','indoor moss wall diy'),
(205,'http://i.ytimg.com/vi/7UPdu9erEEI/maxresdefault.jpg','http://www.youtube.com/watch?v%3D7UPdu9erEEI','watch?v%3D7UPdu9erEEI','indoor moss wall diy'),
(206,'http://www.prairiehive.com/blogimages/DT%252520Moss%25252012.jpg','http://www.prairiehive.com/2011/04/diy-moss-letters','diy moss letters','indoor moss wall diy'),
(207,'http://willgardenforcake.files.wordpress.com/2014/08/38adf-img_0455.jpg','http://willgardenforcake.com/2014/08','08','indoor moss wall diy'),
(208,'http://d28xhcgddm1buq.cloudfront.net/product-images/moss-covered-wolf-lichen-12-in-branches-3.jpg','http://www.save-on-crafts.com/moss.html','moss.html','indoor moss wall diy'),
(209,'http://cdnpix.com/show/imgs/e10e1eccef96cc47342d7f9f888f37e1.jpg','http://trendvee.com/monogram-letter-wreath-wooden-letter-elmers-spray-glue-yard-of-burlap-ribbon-and-sheet-of-green-moss-great-one-more-thing-i-gotta-do-lol','monogram letter wreath wooden letter elmers spray glue yard of burlap ribbon and sheet of green moss great one more thing i gotta do lol','indoor moss wall diy'),
(210,'http://image.dhgate.com/albu_377980637_00-1.0x0/brick-wall-photo-backdrop-indoor-studio-photography.jpg','http://www.gopixpic.com/1024/wall-photo-backdrop-indoor-studio-photography-background-digital-vinyl-/http:%257C%257Cimage*dhgate*com%257Calbu_377980637_00-1*0x0%257Cbrick-wall-photo-backdrop-indoor-studio-photography*jpg','http:%257C%257Cimage*dhgate*com%257Calbu 377980637 00 1*0x0%257Cbrick wall photo backdrop indoor studio photography*jpg','indoor moss wall diy'),
(211,'http://smarthomemaking.com/wp-content/uploads/2013/07/outdoor-patio.jpg','http://smarthomemaking.com/diy-decor-to-bring-the-outdoors-indoors','diy decor to bring the outdoors indoors','indoor moss wall diy'),
(212,'http://cdn.designrulz.com/wp-content/uploads/2013/09/Colorful-wall-planter-all-set-to-grace-your-homes-interior.jpg','http://www.crafthubs.com/diy-pallet-living-wall/6087','6087','indoor moss wall diy'),
(213,'http://blog.krrb.com/wp-content/uploads/2013/04/Trees-inside-house-interior-640x960.jpg','http://blog.krrb.com/krrbside-questions-easy-indoor-plants-kitchen-storage-and-fresh-ideas-for-white-slipcovers','krrbside questions easy indoor plants kitchen storage and fresh ideas for white slipcovers','indoor moss wall diy'),
(214,'http://www.iondecoration.com/wp-content/uploads/2014/11/moss.jpg','http://www.iondecoration.com/architecture/37-awesome-spring-moss-outside-and-indoor-decor-tips','37 awesome spring moss outside and indoor decor tips','indoor moss wall diy'),
(215,'http://indulgy.ccio.co/TE/a5/gD/outdoorpatiointeriorwallstone.jpg','http://indulgy.com/post/AeSozGhYQ1/diy-outdoor-stone-patio','diy outdoor stone patio','indoor moss wall diy'),
(216,'http://www.wikihow.com/images/e/eb/Make-Moss-Graffiti-Step-8revised.jpg','http://www.wikihow.com/Make-Moss-Graffiti','Make Moss Graffiti','indoor moss wall diy'),
(217,'http://4.bp.blogspot.com/-96D37Ai-TMY/UTFj9oeuunI/AAAAAAAATwg/ZQINJJ2Ci0s/s640/fern%252Bpalm%252Bikea%252Bwm.jpg','http://www.drivenbydecor.com/2013/03/ikeas-new-indoor-plants.html','ikeas new indoor plants.html','indoor moss wall diy'),
(218,'http://1.bp.blogspot.com/-jhzIANToSWs/TylKuxnDzqI/AAAAAAAAASQ/kQvJ5pUbVvk/s1600/crafts%252B011.JPG','http://diyonthecheap.com/diy-moss-ball-decor-what-to-do-with-wine-corks','diy moss ball decor what to do with wine corks','indoor moss wall diy'),
(219,'http://www.gardenista.com/files/styles/733_0s/public/img/sub/uimg/09-2012/700_scottsdale6.jpg','http://nomology3.rssing.com/chan-3331811/all_p58.html','all p58.html','indoor moss wall diy'),
(220,'http://3.bp.blogspot.com/-AIYW_TsgwnA/T1ZczEP4_4I/AAAAAAAAA0E/A-8jFWuRqnI/s1600/reindeer%252Bmoss%252Bsphere%252Bon%252Bmantle%252B020.JPG','http://www.settingforfour.com/2012/03/diy-reindeer-moss-balls.html','diy reindeer moss balls.html','indoor moss wall diy'),
(221,'http://2.bp.blogspot.com/-tzqsj3AQNhU/TuJee-cafYI/AAAAAAAACuY/YeoUud6TAVc/s1600/DSC01436.JPG','http://fromnaturetohome.blogspot.com/2011/12/handmade-christmas-wreaths-for-indoors.html','handmade christmas wreaths for indoors.html','indoor moss wall diy'),
(222,'https://s-media-cache-ak0.pinimg.com/originals/4c/28/26/4c28265ce2f7d7f868a5c10bc4966fd9.jpg','https://www.pinterest.com/source/doityourself.leyhib.com','doityourself.leyhib.com','indoor moss wall diy'),
(223,'http://1.bp.blogspot.com/_7kT98chFQmY/TSfchW70UWI/AAAAAAAAAas/0TqmnpnopV8/s1600/IMG_4439.JPG','http://imgkid.com/indoor-brick-oven-kitchen.shtml','indoor brick oven kitchen.shtml','indoor moss wall diy'),
(224,'http://ext.homedepot.com/community/blog/wp-content/wpuploads/diy-succulent-wreath3.jpg','http://ext.homedepot.com/community/blog/diy-succulent-wreath','diy succulent wreath','indoor moss wall diy'),
(225,'http://www.fleuropean.com/wp-content/uploads/2013/12/bark-4p.jpg','http://www.fleuropean.com/holiday-diy-rustic-bark-wreath','holiday diy rustic bark wreath','indoor moss wall diy'),
(226,'http://ext.homedepot.com/community/blog/wp-content/wpuploads/diy-succulent-wreath1.jpg','http://ext.homedepot.com/community/blog/diy-succulent-wreath','diy succulent wreath','indoor moss wall diy'),
(227,'http://www.katescreativespace.com/wp-content/uploads/2013/03/nest-build-step-3-moss.jpg','http://www.katescreativespace.com/tag/diy/page/5','5','indoor moss wall diy'),
(228,'http://www.windowbox.com/media/catalog/product/cache/2/image/940x750/9df78eab33525d08d6e5fb8d27136e95/m/o/moss-roll-aprox-17ft-roll-031-wb2-16ftx18in.jpg','http://www.windowbox.com/window-boxes-planters/window-baskets-hayrack/preserved-moss-roll-sold-by-the-roll.html','preserved moss roll sold by the roll.html','indoor moss wall diy'),
(229,'http://3.bp.blogspot.com/-CpoTvs4uJfM/URhIA9FajkI/AAAAAAAACww/7ZVrrAqV_RU/s1600/DSCN5288.JPG','http://www.oliverandrust.com/2013/02/diy-bird-book-page-bunting.html','diy bird book page bunting.html','indoor moss wall diy'),
(230,'http://www.varrell.com/wp-content/uploads/4-White-Washed-Brickwork-A-Bonsai-Pallet-Sofa-A-Rectangle-Table-Colored-Pillows-An-Arm-Lamp-A-Pouffe-A-Tree-Pot-A-Hartshorn-Wall-A-Hairy-Rug-and-Picture-FramesDIY-Sofa-Design.jpeg','http://imgkid.com/indoor-pallet-couch.shtml','indoor pallet couch.shtml','indoor moss wall diy'),
(231,'http://www.seasonalwisdom.com/wp-content/uploads/2012/06/Herb-vertical-garden-by-woolly-pockets.jpg','http://www.seasonalwisdom.com/2012/06/vertical-gardening-and-bings-summer-of-doing','vertical gardening and bings summer of doing','indoor moss wall diy'),
(232,'http://www.shelterness.com/pictures/diy-winter-wreath-23.jpg','http://www.shelterness.com/31-diy-winter-wreaths-nordic-touch','31 diy winter wreaths nordic touch','indoor moss wall diy'),
(233,'http://ep.yimg.com/ay/hooksandlattice/diy-living-walls-2.jpg','http://www.hooksandlattice.com/diy-living-walls.html','diy living walls.html','indoor moss wall diy'),
(234,'http://cimg5.ibsrv.net/cimg/www.doityourself.com/600x896_85/415/DIY-Topiary-Take-Your-Pruning-to-the-Next-Level-spiral-edited--14415.jpg','http://www.doityourself.com/stry/diy-topiary-take-your-pruning-to-the-next-level','diy topiary take your pruning to the next level','indoor moss wall diy'),
(235,'http://theselfsufficientliving.com/wp-content/uploads/2014/02/Soda-bottles-as-vertical-garden-planters.jpg','http://theselfsufficientliving.com/vertical-gardening-ideas-designs-and-plans','vertical gardening ideas designs and plans','indoor moss wall diy'),
(236,'https://designrevolver.files.wordpress.com/2014/10/indoor-vertical-planter-3.jpg','http://designrevolver.org','designrevolver.org','indoor moss wall diy'),
(237,'http://d28xhcgddm1buq.cloudfront.net/product-images/sheet-moss-natural-2-1.jpg','http://www.save-on-crafts.com/moss.html','moss.html','indoor moss wall diy'),
(238,'http://www.creativelandscapedepot.info/wp-content/uploads/2012/07/IMG_1464.jpg','http://www.creativelandscapedepot.info/2012/07/11/diy-project-by-dean-smith','diy project by dean smith','indoor moss wall diy'),
(239,'http://buildipedia.com/images/masterformat/Channels/At_Home/2012.03.27_wilson_blog_14/images/wilson_backyard_jeff_and_sherri.jpg','http://imgkid.com/indoor-brick-oven-kitchen.shtml','indoor brick oven kitchen.shtml','indoor moss wall diy'),
(240,'https://img1.etsystatic.com/019/0/5844925/il_fullxfull.568775989_mtne.jpg','https://www.etsy.com/market/indoor_wreath','indoor wreath','indoor moss wall diy'),
(241,'http://farm6.static.flickr.com/5146/5701003607_15f2c8222a_z.jpg','http://unskinnyboppy.com/2011/05/sucker-for-succulents-diy-succulent','sucker for succulents diy succulent','indoor moss wall diy'),
(242,'http://img.loveitsomuch.com/uploads/201406/07/20/2014%252520moss%252520elephant%252520topiary%252520planter%252520-%252520modern%252520art%252520centerpiece%252520ready%252520to%252520ship-f21103.jpg','http://marisa_simoes6a.loveitsomuch.com/stores/moss-elephant-topiary-planter-modern-art-1402158287,732209.html','moss elephant topiary planter modern art 1402158287,732209.html','indoor moss wall diy'),
(243,'http://4.bp.blogspot.com/-g5M3Aollc0A/T870nQAIKfI/AAAAAAAACZs/L_ccQ9t5BZE/s1600/IMG_0283.JPG','http://imgkid.com/indoor-window-herb-garden-ideas.shtml','indoor window herb garden ideas.shtml','indoor moss wall diy'),
(244,'http://www.bridgman.co.uk/blog/wp-content/uploads/2014/06/x-16-positively-splendid.jpg','http://www.bridgman.co.uk/blog/unique-garden-wall-art','unique garden wall art','indoor moss wall diy'),
(245,'http://backyardgardeningadventures.com/wp-content/uploads/2012/10/container-garden.jpg','http://backyardgardeningadventures.com/tag/cactus','cactus','indoor moss wall diy'),
(246,'http://backyardgardeningadventures.com/wp-content/uploads/2012/09/img_7355.jpg%253Fw%253D300','http://backyardgardeningadventures.com/tag/flowers','flowers','indoor moss wall diy'),
(247,'https://2ecffd01e1ab3e9383f0-07db7b9624bbdf022e3b5395236d5cf8.ssl.cf4.rackcdn.com/Product-800x800/bfe79f23-7d1a-4b56-80e7-20730616ef52.jpg','http://www.bunnings.com.au/windoware-120-x-210cm-moss-aspen-blockout-roller-blind_p1260798','windoware 120 x 210cm moss aspen blockout roller blind p1260798','indoor moss wall diy'),
(248,'http://www.novisti.com/images/2015/01/wall-mounted-polyester-living-indoor-wall-planter-in-black-farmery-living-wall-planter-indoor-living-wall-planter-interior-decorating-cool-indoor-living-wall-planter-design-ideas.jpg','http://www.novisti.com/cool-indoor-living-wall-planter-design-ideas/wonderful-vertical-gardening-flower-pots-and-planter-hanging-pots-planter-on-wall-green','wonderful vertical gardening flower pots and planter hanging pots planter on wall green','indoor moss wall diy'),
(249,'http://cdn.hometalk.com/media/4tevw532b25e7d5f9a.jpg%253Fsize%253D985x495','http://www.hometalk.com','www.hometalk.com','indoor moss wall diy'),
(250,'http://www.livingroomnewideas.com/wp-content/uploads/2014/10/30-rustic-living-room-ideas-for-a-cozy-organic-home-4.jpg','http://www.livingroomnewideas.com/design-ideas/30-rustic-living-room-ideas-for-a-cozy-organic-home.html','30 rustic living room ideas for a cozy organic home.html','indoor moss wall diy'),
(251,'http://img.edilportale.com/products/prodotti-139950-relec6adf04b0404b26a74209bec8dab230.jpg','http://www.archiproducts.com/en/products/139954/luce-verde-dried-moss-led-wall-lamp-luce-verde-anello-wall-lamp-sattler.html','luce verde dried moss led wall lamp luce verde anello wall lamp sattler.html','indoor moss wall diy'),
(252,'http://theknottybride.com/wp-content/uploads/2013/04/pure-7-studios-diy-beach-wedding-Florida-wedding-photographer-knotty-bride-blog-dance-3c-tulip-centerpieces-f-moss-letter1.jpg','http://theknottybride.com/37423','37423','indoor moss wall diy'),
(253,'http://cdnpix.com/show/imgs/565103317123ea2db7ce024443edc107.jpg','http://followpics.me/organic-gardening-a-beginners-guide-propagating-houseplants-begonias-and-african-violets','organic gardening a beginners guide propagating houseplants begonias and african violets','indoor moss wall diy'),
(254,'http://3.bp.blogspot.com/-W1gDEhs2QwQ/U28HsV_kCyI/AAAAAAAAAWM/r6C3zU8XbU0/s1600/DSCN0512.JPG','http://myuglysplitlevel.blogspot.com/2014/05/inexpensive-curb-appeal.html','inexpensive curb appeal.html','indoor moss wall diy'),
(255,'http://athomewiththebarkers.com/wp-content/uploads/2014/02/Natural-Spring-Wreath-Moss.jpg','http://athomewiththebarkers.com/natural-spring-wreath','natural spring wreath','indoor moss wall diy'),
(256,'http://chiccalifornia.com/wp-content/uploads/2014/01/First-step-pf-DIY-garden-balls.jpg','http://chiccalifornia.com/2014/01/16/bring-the-outdoors-in-with-diy-moss-covered-garden-balls','bring the outdoors in with diy moss covered garden balls','indoor moss wall diy'),
(257,'http://www.austingreenservices.com/images/landscape/rock-1.jpg','http://morgandafantasyfreak.blogspot.com/2014/01/rock-landscape-design.html','rock landscape design.html','indoor moss wall diy'),
(258,'http://img.wonderhowto.com/img/65/08/63408390075857/0/diy-vertical-garden-lives-and-breathes.1280x600.jpg','http://gardening-guide.wonderhowto.com/inspiration/diy-vertical-garden-lives-and-breathes-0115683','diy vertical garden lives and breathes 0115683','indoor moss wall diy'),
(259,'http://homecrushblog.com/wp-content/uploads/2013/01/wreath-collage.jpg','http://homecrushblog.com/category/front-door-decor','front door decor','indoor moss wall diy'),
(260,'http://3.bp.blogspot.com/_u4pao3o363E/TRIUXQV_-fI/AAAAAAAABPk/ybzUfUt0RcI/s1600/1card%25252Bmoss%25252Btile%25252Bcolori%25252Beng%25252Bcopia.JPG','https://www.pinterest.com/jenniferhornla/green-interior','green interior','indoor moss wall diy'),
(261,'http://www.stickypc.com/blog/wp-content/uploads/2012/04/DSCF4872.jpg','http://www.stickypc.com/blog/?cat%3D121','?cat%3D121','indoor moss wall diy'),
(262,'https://onelowell.net/g/2014/09/garden-amazing-indoor-gardening-idea-with-green-and-red-plants-brown-chair-wooden-floor-tiles-white-wall-with-wooden-wall-accent-and-white-floor-tiles-cool-and-fresh-indoor-gardening-ideas.jpg','https://onelowell.net/category/tropical-house','tropical house','indoor moss wall diy'),
(263,'http://www.gardenista.com/files/styles/733_0s/public/fields/lily%252520of%252520the%252520valley%252520started%252520indoors.jpg%252520','http://nomology3.rssing.com/chan-3331811/all_p79.html','all p79.html','indoor moss wall diy'),
(264,'http://ep.yimg.com/ay/hooksandlattice/sword-fern-in-english-garden-hanging-basket-with-real-moss-topper-1.jpg','http://www.hooksandlattice.com/indoor-hanging-plants.html','indoor hanging plants.html','indoor moss wall diy'),
(265,'https://i0.wp.com/www.wired.com/images_blogs/design/2014/02/moss-11.jpg','https://picturesdotnews.wordpress.com/category/gardening/page/19','19','indoor moss wall diy'),
(266,'http://www.shelterness.com/pictures/diy-succulent-ball-topiary-for-decor-inside-and-outside-2.jpg','http://www.shelterness.com/diy-succulent-ball-topiary-for-decor-inside-and-outside','diy succulent ball topiary for decor inside and outside','indoor moss wall diy'),
(267,'http://i1299.photobucket.com/albums/ag70/denaw7/SPASPILLWAY_zps6e58f217.jpg','http://ths.gardenweb.com/forums/load/pools/msg0310080719245.html?89','msg0310080719245.html?89','indoor moss wall diy'),
(268,'http://betterhousekeeper.com/wp-content/uploads/2014/07/How-to-Make-a-Terrarium-Take-a-Look-at-these-10-Adorable-Ideas-diy-moss-mushrooms-gnomes-succulents-easy-diy-cute-indoor-garden-container7.jpg','http://betterhousekeeper.com/2014/07/15/how-to-make-a-terrarium-take-a-look-at-these-7-adorable-ideas','how to make a terrarium take a look at these 7 adorable ideas','indoor moss wall diy'),
(269,'http://www.butterbin.com/wp-content/uploads/2014/11/d795693d203977b41b28d880476ed521.jpg','http://www.butterbin.com/indoor-garden-plants-ideas','indoor garden plants ideas','indoor moss wall diy'),
(270,'http://2.bp.blogspot.com/-wcCT0spnJso/UQ6wJVd_BnI/AAAAAAAACio/QPI8lvRb3TA/s1600/_DSC0015.jpg','http://imgkid.com/indoor-brick-oven-kitchen.shtml','indoor brick oven kitchen.shtml','indoor moss wall diy'),
(271,'http://offtract.com/wp-content/uploads/2014/03/terrarium-3-of-8.jpg','http://offtract.com/category/uncategorized','uncategorized','indoor moss wall diy'),
(272,'http://diy-info.info/wp-content/uploads/2014/12/big-tree-stump-garden-fairsy.jpg','http://diy-info.info/unleash-your-imagination-magical-fairy-garden-designs','unleash your imagination magical fairy garden designs','indoor moss wall diy'),
(273,'http://3.bp.blogspot.com/-C0LbZlgtmjM/T6MwoRPRulI/AAAAAAAAAxg/hTMfBwly67A/s1600/12%252B-%252B11','http://www.babybearhugs.com/2012/05/diy-living-wall-tutorial.html','diy living wall tutorial.html','indoor moss wall diy'),
(274,'https://s-media-cache-ak0.pinimg.com/originals/c3/c0/6a/c3c06aae58073867ac279a6478289054.jpg','https://www.pinterest.com/jamyesierra/moss','moss','indoor moss wall diy'),
(275,'http://www.fleuropean.com/wp-content/uploads/2013/12/moss-7.jpg','http://www.fleuropean.com/category/all_projects/my_projects/page/2','2','indoor moss wall diy'),
(276,'http://static.squarespace.com/static/52faba23e4b0379601b8bc2a/t/52fb53ade4b00a6523ef2308/1392202670819/DSC_0454.JPG%253Fformat%253D1000w','http://www.havven.com.au/decor/diy-string-ball-garden','diy string ball garden','indoor moss wall diy'),
(277,'http://3.bp.blogspot.com/-lKkc-Uo4Vck/Tu_aKTG5l1I/AAAAAAAABRU/vyOniQLH5Og/s1600/DSCF3695.JPG','http://www.renounednest.com/2011/12/holiday-diy-berry-monogram-for-your.html','holiday diy berry monogram for your.html','indoor moss wall diy'),
(278,'http://designrevolver.files.wordpress.com/2013/01/ejh.jpg','http://designrevolver.org/tag/plants','plants','indoor moss wall diy'),
(279,'http://www.suzreyes.com/uploads/8/6/2/3/8623878/2182884_orig.jpg','http://www.suzreyes.com/blog/category/diy','diy','indoor moss wall diy'),
(280,'http://members.shaw.ca/piomaniac2/51505.jpg','http://www.avsforum.com/forum/15-general-home-theater-media-game-rooms/1442134-do-dark-walls-matter-yesa-yes-they-doa.html','1442134 do dark walls matter yesa yes they doa.html','indoor moss wall diy'),
(281,'http://1.bp.blogspot.com/-PeNGmK5Araw/U4UxZFhJLzI/AAAAAAAACx4/BpPn6KmANeI/s1600/AfterPorch12.jpg','http://www.foxtailandmoss.com/2014/05/after-claires-back-porch-makeover.html','after claires back porch makeover.html','indoor moss wall diy'),
(282,'http://hgtvhome.sndimg.com/content/dam/images/hgtv/fullset/2011/9/21/0/Original_Brittni-Mehlhoff-christmas-floral-centerpiece-diy-project_s4x3.jpg.rend.hgtvcom.1280.960.jpeg','http://www.hgtv.com/design/make-and-celebrate/handmade/our-65-favorite-handmade-holiday-decorating-ideas-pictures','our 65 favorite handmade holiday decorating ideas pictures','indoor moss wall diy'),
(283,'http://www.freesharing.org/wp-content/uploads/2014/01/Naturally-Green-Moss-and-Stone-Decoration-Ideas-Dark-Cave-Environment-Aquascaping-Designs-for-Aquarium-Inspiration-in-Home-936x702.jpg','http://furnituredir.blogspot.com/2014/06/home-aquarium-decoration.html','home aquarium decoration.html','indoor moss wall diy'),
(284,'http://i1.wp.com/cassiefairy.com/wp-content/uploads/2014/07/DIY-homemade-herb-and-balsamic-oil-dressing-using-herbs-from-the-garden-2.jpg','http://cassiefairy.com/category/home-design/garden','garden','indoor moss wall diy'),
(285,'http://1.bp.blogspot.com/-7Hil1PphQ28/VHUCBH5JBaI/AAAAAAAAGaU/gPLIE4aoszk/s1600/Falls%25252BPark%25252Bpanorama%25252Bfall%25252B2014.jpg','http://femmeaufoyer2011.blogspot.com/2014/11/pedricks-garden-and-falls-park-finished.html','pedricks garden and falls park finished.html','indoor moss wall diy'),
(286,'http://i7.photobucket.com/albums/y287/mapc/Mosses/moss13a.jpg','http://www.aquaticquotient.com/forum/showthread.php/13790-Mosses-for-new-vivarium-project','13790 Mosses for new vivarium project','indoor moss wall diy'),
(287,'http://faroutflora.files.wordpress.com/2010/08/stagwkshp00.jpg','http://www.faroutflora.com/2010/08/19/diy-staghorn-workshop','diy staghorn workshop','indoor moss wall diy'),
(288,'http://www.ezhez.us/wp-content/uploads/2013/10/diy-indoor-wall-plantersgrowing-the-home-garden--gardening-in-the-home-landscape--indoor-l4i1dtxz.jpg','http://www.gopixpic.com/2041/diy-indoor-grow-box/http:%257C%257Ctracemypreps*com%257Cwp-content%257Cuploads%257C2012%257C04%257Call-thread-rods*jpg','http:%257C%257Ctracemypreps*com%257Cwp content%257Cuploads%257C2012%257C04%257Call thread rods*jpg','indoor moss wall diy'),
(289,'http://ep.yimg.com/ay/decorativethings/polypropylene-mat-turquoise-and-moss-green-6-x-9-15.jpg','http://www.decorativethings.com/polypropylene-rugs.html','polypropylene rugs.html','indoor moss wall diy'),
(290,'http://i141.photobucket.com/albums/r68/jaysen223/moss%252520wall/DSC05266.jpg','http://www.aquariacentral.com/forums/showthread.php?142071-building-a-moss-wall-for-a-125-gallon-tank','showthread.php?142071 building a moss wall for a 125 gallon tank','indoor moss wall diy'),
(291,'http://i0.wp.com/cassiefairy.com/wp-content/uploads/2014/07/DIY-plant-markers-for-garden-using-pebbles.jpg','http://cassiefairy.com/category/home-design/garden','garden','indoor moss wall diy'),
(292,'http://onelowell.net/g/2014/11/traditional-home-black-moss-fieldstone-house-half-with-brown-wall-in-old-home-old-fieldstone-house-ideas-with-large-yard-garden-large-yard-landscape-plans-large-yard-butterfly-large-obama-yard-sign.jpg','http://onelowell.net','onelowell.net','indoor moss wall diy'),
(293,'http://4.bp.blogspot.com/-1vjaQ4e6FKE/T6MwoarYZkI/AAAAAAAAAxc/sEloY9yLq6Q/s1600/12%252B-%252B12','http://www.babybearhugs.com/2012/05/diy-living-wall-tutorial.html','diy living wall tutorial.html','indoor moss wall diy'),
(294,'http://mocooo.com/wp-content/uploads/2014/10/design-and-room-decoration-fresh-wall-mount-morning-glory-plant-indoor-green-wall-with-stainless-steel-frame-and-grey-leather-sofa-for-hospital-indoor-green-wall-design-sophisticated-indoor-green-wall.jpg','http://galleryhip.com/indoor-living-wall.html','indoor living wall.html','indoor moss wall diy'),
(295,'http://3.bp.blogspot.com/-SMhNbpp6Ph8/TylPg-HlSlI/AAAAAAAAA8s/KOhPwxGTkNg/s1600/DSC_0001.JPG','http://www.gardenkitchenhome.com/2012/02/easy-indoor-garden-comes-to-life.html','easy indoor garden comes to life.html','indoor moss wall diy'),
(296,'http://4.bp.blogspot.com/-mNcvrBrId0I/T1ZaKN-jKZI/AAAAAAAAAzk/j1YKzRy7K4U/s1600/reindeer%252Bmoss%252Bsphere%252Bon%252Bmantle%252B018.JPG','http://www.settingforfour.com/2012/03/diy-reindeer-moss-balls.html','diy reindeer moss balls.html','indoor moss wall diy'),
(297,'http://cdn.instructables.com/FN8/JSGX/I1GIKH34/FN8JSGXI1GIKH34.LARGE.jpg','http://www.instructables.com/id/Fall-Pumpkin-Centerpiece-Planters-Gift','Fall Pumpkin Centerpiece Planters Gift','indoor moss wall diy'),
(298,'https://s-media-cache-ak0.pinimg.com/736x/d8/80/69/d88069afe8afcd8b817e0b8dfdaee3e3.jpg','https://uk.pinterest.com/pin/488781365784016972','488781365784016972','indoor moss wall diy'),
(299,'http://4.bp.blogspot.com/-ptx4pMBG8sE/UVn6VHLOShI/AAAAAAAABaU/vvKbpnJEog0/s1600/partypoofshanging5.jpg','http://blog.mardigrasoutlet.com/2012_07_01_archive.html','2012 07 01 archive.html','indoor moss wall diy'),
(300,'http://diyshowoff.com/wp-content/uploads/2014/10/DIYShowOff-Christmas-Tree-enchanted-evergreen-succulents-spruce-682x1024.jpg','http://diyshowoff.com/tag/christmas-decor','christmas decor','indoor moss wall diy'),
(301,'http://www.digsdigs.com/photos/cool-spring-moss-outdoor-and-indoor-decor-ideas-3.jpg','http://www.digsdigs.com/37-cool-spring-moss-outdoor-and-indoor-decor-ideas','37 cool spring moss outdoor and indoor decor ideas','indoor moss wall diy'),
(302,'http://4.bp.blogspot.com/-Wy0IGyb2RK0/T9a_Rap3VcI/AAAAAAAACHg/6MZq10f9DMY/s1600/IMG_9724.JPG','http://simpledetailsblog.blogspot.com/2012/06/diy-succulent-wreath.html','diy succulent wreath.html','indoor moss wall diy'),
(303,'https://minigardener.files.wordpress.com/2014/04/tinkerbellshouses-7.jpg','https://minigardener.wordpress.com/2014/04','04','indoor moss wall diy'),
(304,'http://cdn.designrulz.com/wp-content/uploads/2015/01/Unique-Wall-Art_DESIGNRULZ-6-800x681.jpg','http://www.designrulz.com','www.designrulz.com','indoor moss wall diy'),
(305,'http://i.ytimg.com/vi/qhK8U7ZujVg/maxresdefault.jpg','http://www.youtube.com/watch?v%3DqhK8U7ZujVg','watch?v%3DqhK8U7ZujVg','indoor moss wall diy'),
(306,'http://www.whatabloom.com/blog/wp-content/uploads/2012/08/ivy.jpg','http://www.whatabloom.com/blog/2012/08/flower-facts-5-house-plants-that-improve-air-quality','flower facts 5 house plants that improve air quality','indoor moss wall diy'),
(307,'http://forums.gardenweb.com/forums/flgard/msg0608425623561.0611313213536.jpg','http://forums.gardenweb.com/forums/load/flgard/msg0608425623561.html?44','msg0608425623561.html?44','indoor moss wall diy'),
(308,'http://www.mossandstonegardens.com/blog/wp-content/uploads/2012/06/Tarzan-Moss-681x1024.jpg','http://www.mossandstonegardens.com/blog/how-to-grow-moss','how to grow moss','indoor moss wall diy'),
(309,'http://theprudentgarden.com/wp-content/uploads/2015/01/soilblock1.jpg','http://theprudentgarden.com','theprudentgarden.com','indoor moss wall diy'),
(310,'http://thehorticult.com/wp-content/uploads/2014/10/Wahclella-Falls-Hike-The-Horticult.jpg','http://thehorticult.com/moss-and-ferns-and-flowers-eaux-my-the-plants-of-oregons-wahclella-falls','moss and ferns and flowers eaux my the plants of oregons wahclella falls','indoor moss wall diy'),
(311,'https://farm4.staticflickr.com/3909/15211217575_677d8fb4a7_o.jpg','http://www.adventures-in-cooking.com/2014/09/wall-mounted-staghorn-fern.html','wall mounted staghorn fern.html','indoor moss wall diy'),
(312,'http://www.decoratingyoursmallspace.com/wp-content/uploads/2014/07/indoor-herb-vertical-garden.jpg','http://funny-pictures.picphotos.net/indoor-herb-gardens-and-salad-walls','indoor herb gardens and salad walls','indoor moss wall diy'),
(313,'http://betterdecoratingbible.com/wp-content/uploads/2015/01/rustic-cottage-home-wood-beams-big-stone-rock-fireplace-leather-sofa-chairs-persian-carpet-deet-antlers-on-wall-better-decorating-bible-blog-inside-home.jpg','http://betterdecoratingbible.com','betterdecoratingbible.com','indoor moss wall diy'),
(314,'http://momitforward.com/wp-content/uploads/2014/11/Garden-Wall-Art-DIY.jpg','http://momitforward.com/garden-wall-art-diy','garden wall art diy','indoor moss wall diy'),
(315,'https://craftsncoffee.files.wordpress.com/2014/06/diy-contemporary-decor.jpg','http://craftsncoffee.com/page/10','10','indoor moss wall diy'),
(316,'http://2.bp.blogspot.com/-1Zzd59iyA5Y/UXFzV9J2WdI/AAAAAAAAATI/-bxXFKdYy-4/s1600/pqmBdPiykyA-NzZjRYXa0xV53n0ROTswP2vdfvq4QoM,9BNw8-tIjFHlfxGye9R8vNA-gg4crFTUKZyt9kQmMCk.jpg','http://adventuresofthepinsisters.blogspot.com','adventuresofthepinsisters.blogspot.com','indoor moss wall diy'),
(317,'http://i.ytimg.com/vi/QKfmaJtja1E/maxresdefault.jpg','http://www.youtube.com/watch?v%3DQKfmaJtja1E','watch?v%3DQKfmaJtja1E','indoor moss wall diy'),
(318,'http://diyshowoff.com/wp-content/uploads/2014/05/laundry-room-wall-at-diyshowoff.com_.jpg','http://diyshowoff.com/category/decorating/stencil','stencil','indoor moss wall diy'),
(319,'http://img.loveitsomuch.com/uploads/201412/12/di/diy%252520simple%252520mason%252520jar%252520lights%252520strand%252520decors%252520for%252520new%252520year%2525202015%252520-%252520mason%252520jar%252520crafts%252520table%252520decors%2525202015%252520ind-f74274.jpg','http://candice0105.loveitsomuch.com/stores/new-year-2015-diy-simple-mason-jar-lights-strand-ideas-mason-jar-hangers-home-decor-2015-indoor-deco,1357215.html','new year 2015 diy simple mason jar lights strand ideas mason jar hangers home decor 2015 indoor deco,1357215.html','indoor moss wall diy'),
(320,'https://handmadebee.files.wordpress.com/2014/08/img_0629.jpg','http://handmadebee.com/tag/indoor','indoor','indoor moss wall diy'),
(321,'http://hgtvhome.sndimg.com/content/dam/images/hgtv/fullset/2011/3/18/0/Original_Marian-Parsons-moss-and-egg-wreath-beauty-1_s4x3.jpg.rend.hgtvcom.1280.960.jpeg','http://www.hgtv.com/design/make-and-celebrate/handmade/how-to-make-an-egg-and-moss-wreath-for-spring','how to make an egg and moss wreath for spring','indoor moss wall diy'),
(322,'http://4.bp.blogspot.com/-__GMgvsRp5I/UnvF7ymUn2I/AAAAAAAAPV4/hLcM86UJ5xc/s1600/DIY%252BMoss%252BBall%252BTopiary%252B1.JPG','http://thepoorsophisticate.blogspot.com/2013/11/diy-moss-topiary.html','diy moss topiary.html','indoor moss wall diy'),
(323,'http://www.remodelista.com/files/styles/733_0s/public/fields/A-New-Leaf-Chicago-Gardenista.jpg%252520','http://hollyhock1.rssing.com/chan-1653469/all_p227.html','all p227.html','indoor moss wall diy'),
(324,'http://mostbeautifulgardens.com/wp-content/uploads/2014/01/diy-vertical-gardens-living-walls-step-step-tutorials_01.jpg','http://mostbeautifulgardens.com/diy-vertical-gardens-living-walls-step-step-tutorials','diy vertical gardens living walls step step tutorials','indoor moss wall diy'),
(325,'http://www.peachgarden.org/wp-content/uploads/2014/10/garden-ideas-indoor-herb-garden-container-ideas-indoor-herb-garden-ideas-pinterest-indoor-herb-garden-ideas-indoor-herb-garden-ideas-pinterest-indoor-herb-gardens-ideas-indoor-window-herb-garden.jpg','http://imgkid.com/indoor-herb-garden-design-ideas.shtml','indoor herb garden design ideas.shtml','indoor moss wall diy'),
(326,'http://i00.i.aliimg.com/wsphoto/v0/1932964340_1/3D-red-font-b-yellow-b-font-blue-font-b-rose-b-font-font-b-flower.jpg','http://www.aliexpress.com/price/yellow-rose-flower_price.html','yellow rose flower price.html','indoor moss wall diy'),
(327,'http://blog.mugnai.netdna-cdn.com/wp-content/uploads/2013/02/pixel2.jpg','http://blogof.francescomugnai.com/2013/02/30-creative-and-wall-decorating-ideas','30 creative and wall decorating ideas','indoor moss wall diy'),
(328,'http://lovelyhomedesigns.com/photos/Bathroom-Eclectic-Los-Angeles-blue-and-white-bright-colors-cement-tile-concrete-tile-encaustic-tile-Fez-design-Granada-Tile-Home-in-stock-tile-indoor-plants-Moroccan-tile-Nicaraguan-tile-shower-seat-shower-tile-id-1234.jpg','http://lovelyhomedesigns.com/bathroom-contemporary-seattle-bath-tub-concrete-floor-grohe-master-bathroom-modern-moss-orcas-orcas-island-plants-in-bathroom-rain-shower-retention-pond-san-juan-islands-san-juans-skylights-slate-tile','bathroom contemporary seattle bath tub concrete floor grohe master bathroom modern moss orcas orcas island plants in bathroom rain shower retention pond san juan islands san juans skylights slate tile','indoor moss wall diy'),
(329,'http://www.thenestednook.com/wp-content/uploads/2013/03/IMG_9469.jpg','http://www.thenestednook.com/2013/03','03','indoor moss wall diy'),
(330,'http://www.killies.com/AquaticMosses01/MossChristmas01.jpg','http://www.monsterfishkeepers.com/forums/showthread.php?231234-Which-Moss-to-Used-for-Bonsai-Tree','showthread.php?231234 Which Moss to Used for Bonsai Tree','indoor moss wall diy'),
(331,'http://www.thegardenglove.com/wp-content/uploads/2013/09/concrete-garden-globes.jpg','http://www.thegardenglove.com/diy-concrete-garden-globes','diy concrete garden globes','indoor moss wall diy'),
(332,'https://farm6.staticflickr.com/5574/15024427249_daf33f74ac_o.jpg','http://www.adventures-in-cooking.com/2014/09/wall-mounted-staghorn-fern.html','wall mounted staghorn fern.html','indoor moss wall diy'),
(333,'http://static1.squarespace.com/static/517fd415e4b01eeb7aead79b/t/5408aa9ee4b0b18386814e8a/1409854179348/DIY%252BLiving%252BWall','http://growediblewalls.com/edible-walls-blog/diy-living-wall-quick-easy-very-low-maintenance','diy living wall quick easy very low maintenance','indoor moss wall diy'),
(334,'https://handmadebee.files.wordpress.com/2014/08/img_0627.jpg','http://handmadebee.com/tag/indoor','indoor','indoor moss wall diy'),
(335,'http://i.ytimg.com/vi/f_79fCGNURk/maxresdefault.jpg','http://www.youtube.com/watch?v%3Df_79fCGNURk','watch?v%3Df 79fCGNURk','indoor moss wall diy'),
(336,'http://img.loveitsomuch.com/uploads/201406/07/20/2014%252520marimo%252520moss%252520ball%252520make%252520your%252520own%252520terrarium%252520diy%252520terrarium%252520kit%2525201%252520%25252012%252520inchs%252520and%252520up%252520marimo%252520from%252520japan-f32668.jpg','http://xpleer4n.loveitsomuch.com/stores/marimo-moss-ball-make-your-own-terrarium-diy-1402181712,733136.html','marimo moss ball make your own terrarium diy 1402181712,733136.html','indoor moss wall diy'),
(337,'http://2.bp.blogspot.com/-UReTIrtHQs8/T01qbfe25fI/AAAAAAAADEA/UbfXveRDyoc/s1600/IMG_6693.JPG','http://www.pleasenotepaper.com/2012_02_01_archive.html','2012 02 01 archive.html','indoor moss wall diy'),
(338,'http://4.bp.blogspot.com/--eZLkKyo5XY/T1_WjnBOiMI/AAAAAAAABIg/m9Lh6B6epow/s1600/IMG_8460.JPG','http://rooseveltkid.blogspot.com/2012_03_01_archive.html','2012 03 01 archive.html','indoor moss wall diy'),
(339,'http://backyardgardeningadventures.com/wp-content/uploads/2012/08/img_6968.jpg','http://backyardgardeningadventures.com/tag/moss-rose','moss rose','indoor moss wall diy'),
(340,'http://farm6.staticflickr.com/5095/5414646761_c9ac30aa01_m.jpg','http://3daquariumbackground.com/tag/wall','wall','indoor moss wall diy'),
(341,'http://img.wonderhowto.com/img/05/27/63423794674971/0/get-moss-off-different-areas-your-home-and-garden.1280x600.jpg','http://gardening-guide.wonderhowto.com/how-to/get-moss-off-different-areas-your-home-and-garden-406777','get moss off different areas your home and garden 406777','indoor moss wall diy'),
(342,'http://i01.i.aliimg.com/wsphoto/v0/1793556751_1/-font-b-Aquarium-b-font-Tank-Decoration-Line-Suspension-Floating-Plants-font-b-Moss-b.jpg','http://www.aliexpress.com/cheap/cheap-aquarium-moss.html','cheap aquarium moss.html','indoor moss wall diy'),
(343,'http://www.sophisticatedyellow.com/wp-content/uploads/2012/08/DSC_0043_193.jpg','http://www.sophisticatedyellow.com/tag/decorating-2','decorating 2','indoor moss wall diy'),
(344,'http://craftsncoffee.files.wordpress.com/2012/07/diy-scrapbook-wall-art-warm.jpg%253Fw%253D640','http://craftsncoffee.com/page/41/?app-download%3Dblackberry','?app download%3Dblackberry','indoor moss wall diy'),
(345,'http://cdn-media-1.lifehack.org/wp-content/files/2013/02/diy-project.jpg','http://www.lifehack.org/articles/lifestyle/30-easy-and-awesome-diy-projects.html','30 easy and awesome diy projects.html','indoor moss wall diy'),
(346,'http://thenewcollector.files.wordpress.com/2012/05/planter-e1337097974454.jpg','http://thenewcollector.com/tag/decorations','decorations','indoor moss wall diy'),
(347,'http://backyardgardeningadventures.com/wp-content/uploads/2012/08/img_6832.jpg','http://backyardgardeningadventures.com/tag/portulaca-grandiflora','portulaca grandiflora','indoor moss wall diy'),
(348,'http://athomewiththebarkers.com/wp-content/uploads/2014/02/Natural-Spring-Wreath-Grapevine-Wreath-Moss.jpg','http://athomewiththebarkers.com/natural-spring-wreath','natural spring wreath','indoor moss wall diy'),
(349,'http://betterdecoratingbible.com/wp-content/uploads/2015/01/indoor-palm-tree-concrete-planter-french-bulldog-persian-carpet-modern-weathered-flooring-better-decorating-bible-blog.jpg','http://betterdecoratingbible.com/tag/indoor-plants','indoor plants','indoor moss wall diy'),
(350,'http://camillestyles.com/wp-content/uploads/2011/12/DSC_0117.jpg','http://camillestyles.com/uncategorized/transformed-mason-jar-herb-garden','transformed mason jar herb garden','indoor moss wall diy'),
(351,'http://3.bp.blogspot.com/-YDepaDqfims/T-Zh6uRO58I/AAAAAAAAAjc/zadqn103fBk/s1600/IMG_1309.JPG','http://cheerupoldbean.blogspot.com/2012/06/life-in-fishbowl-diy-terrarium.html','life in fishbowl diy terrarium.html','indoor moss wall diy'),
(352,'http://img.edilportale.com/products/prodotti-105081-rel72182b2050eb45d6be6c4f5bfca4de67.jpg','http://www.archiproducts.com/en/products/105081/indoor-porcelain-stoneware-wall-floor-tiles-integrazione-word-up-cooperativa-ceramica-d-imola.html','indoor porcelain stoneware wall floor tiles integrazione word up cooperativa ceramica d imola.html','indoor moss wall diy'),
(353,'http://3.bp.blogspot.com/-l6WPQx1Aq34/UqsxJ7_mY9I/AAAAAAAAGpU/H4qzeLq9Dfw/s1600/finished%252Bfairy%252Bgarden%252Bfurniture%252BKaren%252BSloan%252B11%252Ba.jpg','http://wallflowerstudioseeds.blogspot.com/2013/12/diy-furniture-for-wee-folk-fairy.html','diy furniture for wee folk fairy.html','indoor moss wall diy'),
(354,'http://www.horror-hall.com/images/Spanish%252520Moss-4oz.jpg','http://www.horror-hall.com/CREEPY-CRITTERS-Props-Animals-Bugs-Rodents-Snakes-CREATURES_c5.htm?page%3Dall','CREEPY CRITTERS Props Animals Bugs Rodents Snakes CREATURES c5.htm?page%3Dall','indoor moss wall diy'),
(355,'https://lh6.googleusercontent.com/-5JO5vLP6yc8/TY6nPjv535I/AAAAAAAABGA/WJ3QUYQ9-5I/s1600/IMG_3845.JPG','http://lifelovelarson.blogspot.com/2011/03/diy-textured-eggs.html','diy textured eggs.html','indoor moss wall diy'),
(356,'https://img0.etsystatic.com/019/1/7267393/il_fullxfull.527695172_hfmb.jpg','https://www.etsy.com/market/miniature_trees','miniature trees','indoor moss wall diy'),
(357,'http://framebyframestyle.files.wordpress.com/2014/06/fbfs_gardenchronicles-1-13.jpg','http://framebyframestyle.com/tag/diy','diy','indoor moss wall diy'),
(358,'http://2.bp.blogspot.com/-gLaQQreYOc0/T6aNzeJXdsI/AAAAAAAAAZ8/TL1_bWtX09k/s1600/DSC_0068.JPG','http://teacupsclassroom.blogspot.com/2012/05/diy-terrariums.html','diy terrariums.html','indoor moss wall diy'),
(359,'http://www.nexpeditor.net/wp-content/uploads/2013/12/water-fountain-indoor-ideas.jpg','http://meeellyy.blogspot.com/2014/02/stone-water-room-decor.html','stone water room decor.html','indoor moss wall diy'),
(360,'http://www.hellowonderful.co/ckfinder/userfiles/images/5a37a8fecd7473a0a043e279c88e7286.jpg','http://www.hellowonderful.co/post/10-FABULOUS-FAIRY-GARDENS','10 FABULOUS FAIRY GARDENS','indoor moss wall diy'),
(361,'http://1.bp.blogspot.com/-1u-LCiNRCgk/UlYLoOC5gpI/AAAAAAAAFvo/gcpkTFcThQc/s1600/sign%252B5%252Bf.jpg','http://craftyladylindsay.blogspot.com/2013/10/ashleys-halloween-house-part-1.html','ashleys halloween house part 1.html','indoor moss wall diy'),
(362,'http://zhlandscapedesign.com/wp-content/uploads/2012/12/Photo-176.jpg','http://zhlandscapedesign.com/tag/winter-planters','winter planters','indoor moss wall diy'),
(363,'http://1.bp.blogspot.com/-GWhVkl03n38/UnvGBiiMA_I/AAAAAAAAPWE/qrD1_LzUtuU/s1600/DIY%252BMoss%252BBall%252BTopiary%252Bheader.JPG','http://thepoorsophisticate.blogspot.com/2013/11/diy-moss-topiary.html','diy moss topiary.html','indoor moss wall diy'),
(364,'http://www.gardeningknowhow.com/wp-content/uploads/2007/12/indoor-garden.jpg','http://www.gardeningknowhow.com/garden-how-to/projects','projects','indoor moss wall diy'),
(365,'http://edenmakersblog.com/wp-content/uploads/2014/01/moss-wrapped-rootball-staghorn-fern-edenmakers-e1391118494331.jpg','http://edenmakersblog.com/?p%3D5470','?p%3D5470','indoor moss wall diy'),
(366,'http://1.bp.blogspot.com/-G1e0Wy6KY5Y/T03RbddLD8I/AAAAAAAAHfU/3iuNX_D56lk/s1600/succulents.jpg','http://michaelanoelledesigns.blogspot.com/2012/03/diy-indoor-garden.html','diy indoor garden.html','indoor moss wall diy'),
(367,'https://farm6.staticflickr.com/5553/15024635418_a9c521a2b0_o.jpg','http://www.adventures-in-cooking.com/2014/09/wall-mounted-staghorn-fern.html','wall mounted staghorn fern.html','indoor moss wall diy'),
(368,'http://dagmaramach.com/wp-content/uploads/2014/04/Moss-is-a-small-green-photosynthetic-plant.jpg','http://dagmaramach.com/life-hacks-grow-moss-garden','life hacks grow moss garden','indoor moss wall diy'),
(369,'http://cdn.homedit.com/wp-content/uploads/2013/08/diy-terrarium-1.jpg','http://www.homedit.com/make-your-own-beautiful-terrarium-10-inspiring-ideas','make your own beautiful terrarium 10 inspiring ideas','indoor moss wall diy'),
(370,'http://4.bp.blogspot.com/-MpKtc6joFjA/Tftd-hhSAyI/AAAAAAAACL0/7xS9ceuQ8Go/s1600/terrarium3.jpg','http://operation-paper-cut.blogspot.com/2011/06/terrarium.html','terrarium.html','indoor moss wall diy'),
(371,'http://miniaturegardenshoppe.com/images/inspiration/14-mini%252520garden%2525205%252520.JPG','http://miniaturegardenshoppe.com/content.html','content.html','indoor moss wall diy'),
(372,'http://www.decorationtrend.com/wp-content/uploads/2014/08/stunning-bathroom.jpg','http://www.decorationtrend.com/diy-ideas/furbishing-bathroom-interior-with-plants','furbishing bathroom interior with plants','indoor moss wall diy'),
(373,'http://www.weddinggirl.ca/blog/wp-content/uploads/2011/11/Bobbie-%252B-Dave-Niagara-On-The-Lake-Navy-Hall-Wedding-Country-Rustic-Autumn-DIY-11-1024x764.jpg','http://forums.theknot.com/discussion/1016279/backdrop','backdrop','indoor moss wall diy'),
(374,'http://zhlandscapedesign.com/wp-content/uploads/2012/12/BranchSpraying.jpg','http://zhlandscapedesign.com/landscaping-news-and-blog','landscaping news and blog','indoor moss wall diy'),
(375,'http://3.bp.blogspot.com/-y9Z6Ey5dqFk/UVn6JP_4S4I/AAAAAAAABaM/WMAs-F2plh4/s1600/partypoofshanging4.jpg','http://blog.mardigrasoutlet.com/2012_07_01_archive.html','2012 07 01 archive.html','indoor moss wall diy'),
(376,'http://www.phpbbwind.com/wp-content/uploads/2014/04/DIY-Bathroom1.jpg','http://www.decodir.com/framing-a-basement-finding-a-proper-framing-basement-walls--decor.html','framing a basement finding a proper framing basement walls  decor.html','indoor moss wall diy'),
(377,'http://2.bp.blogspot.com/-ZDsLD8ttoNE/UUe9OsHglTI/AAAAAAAADF0/SiBqfFifxwM/s1600/fairy%252Bgarden%252Bsteps.png','http://theknoxvilleholts.blogspot.com/2013/03/diy-fairy-garden_25.html','diy fairy garden 25.html','indoor moss wall diy'),
(378,'https://s-media-cache-ak0.pinimg.com/originals/76/47/64/7647640316fc4530cea47662a6ce2f26.jpg','https://www.pinterest.com/definitivamente/diy-artesanias','diy artesanias','indoor moss wall diy'),
(379,'http://www.fleuropean.com/wp-content/uploads/2013/12/bark-7p.jpg','http://www.fleuropean.com/holiday-diy-rustic-bark-wreath','holiday diy rustic bark wreath','indoor moss wall diy'),
(380,'http://4.bp.blogspot.com/-Ku3IQaNlQ2c/T7o0lS6dpJI/AAAAAAAAA8E/uaZymRPewf8/s1600/001.JPG','http://my-aerogarden.blogspot.com/2012/05/diy-raised-bed.html','diy raised bed.html','indoor moss wall diy'),
(381,'http://cdn.instructables.com/F8T/GGPY/I1GIKIKB/F8TGGPYI1GIKIKB.LARGE.jpg','http://www.instructables.com/id/Fall-Pumpkin-Centerpiece-Planters-Gift','Fall Pumpkin Centerpiece Planters Gift','indoor moss wall diy'),
(382,'http://helloyounglionsxo.files.wordpress.com/2013/10/home8.jpg%253Fw%253D900','http://helloyounglionsxo.com/tag/diy','diy','indoor moss wall diy'),
(383,'http://2.bp.blogspot.com/-pT8S3btByg4/T5AAXY-accI/AAAAAAAAAx0/gPDmYamn_1I/s640/IMAGE_175D26EE-2425-4E90-BD13-2859C3917AF6.JPG','http://www.babybearhugs.com/2012_05_01_archive.html','2012 05 01 archive.html','indoor moss wall diy'),
]