[(1,'http://cleverpinkpirate.com/wp-content/uploads/2012/02/DSC07488.jpg','http://cleverpinkpirate.com/2012/02/07/diy-love-sign','diy love sign','love sign diy'),
(2,'http://palletfurniturediy.com/wp-content/uploads/2014/05/pallet-love-wall-shelf-2.jpg','http://palletfurniturediy.com/pallet-shelves/diy-pallet-love-wall-shlelf','diy pallet love wall shlelf','love sign diy'),
(3,'http://cf.crazylittleprojects.com/wp-content/uploads/2013/02/Lovesign21.png','http://crazylittleprojects.com/2013/02/diy-love-sign.html','diy love sign.html','love sign diy'),
(4,'http://blog.thelovenerds.com/wp-content/uploads/2014/02/valentines-day-decor.jpg','http://blog.thelovenerds.com/2014/01/love-sign-with-ombre-rose-heart.html','love sign with ombre rose heart.html','love sign diy'),
(5,'http://tietheknotsantorini.com/sites/default/files/sites/default/files/blogcontent/02_10_LOVESIGN.jpg','http://tietheknotsantorini.com/diy-love-signs','diy love signs','love sign diy'),
(6,'http://i1.wp.com/sugarandcloth.com/wp-content/uploads/2014/04/flower-love-sign-and-banner-8.jpg%253Fresize%253D625%25252C938','http://sugarandcloth.com/2014/04/diy-fresh-flower-love-sign','diy fresh flower love sign','love sign diy'),
(7,'http://uhomeal.com/wp-content/uploads/2014/10/exquisite-lovely-and-simple-diy-love-sign-on-home-decorating-with-love-connection-wood-sign-by-jenna-burger-www-sasinteriors-net.jpg','http://uhomeal.com/lovely-and-simple-diy-love-sign/marvelous-lovely-and-simple-diy-love-sign-on-home-decorating-with-added-this-to-my-love-banner-and-diy-tobacco-basket','marvelous lovely and simple diy love sign on home decorating with added this to my love banner and diy tobacco basket','love sign diy'),
(8,'http://cf.crazylittleprojects.com/wp-content/uploads/2013/02/Lovesign-1024x645.png','http://crazylittleprojects.com/2013/02/diy-love-sign.html','diy love sign.html','love sign diy'),
(9,'http://just2sisters.com/wp-content/uploads/2013/03/pallet-love.jpg','http://just2sisters.com/pallet-signs-love-diy-tutorial','pallet signs love diy tutorial','love sign diy'),
(10,'http://www.shelterness.com/pictures/romantic-diy-love-signs-to-excite-your-beloved2.jpg','http://www.shelterness.com/11-romantic-diy-love-signs-to-excite-your-beloved','11 romantic diy love signs to excite your beloved','love sign diy'),
(11,'https://img1.etsystatic.com/006/0/6860705/il_fullxfull.393375907_ialq.jpg','https://www.etsy.com/listing/114473518/love-sign-diy-wedding-decoration-wall','love sign diy wedding decoration wall','love sign diy'),
(12,'http://just2sisters.com/wp-content/uploads/2013/03/love-sign-6.jpg','http://just2sisters.com/pallet-signs-love-diy-tutorial','pallet signs love diy tutorial','love sign diy'),
(13,'http://4.bp.blogspot.com/-CceDzkM7gZQ/USOi0ldxipI/AAAAAAAAHnY/fAEbmMZOZF0/s1600/love%252Bsign%252Bcollage%252B01a.jpg','http://www.simplydesigning.net/diy-love-sign','diy love sign','love sign diy'),
(14,'http://2.bp.blogspot.com/-BJmNt_Vw1mY/USOiq8QnejI/AAAAAAAAHnI/H9fR8OoCwhU/s1600/love%252B01a.jpg','http://www.simplydesigning.net/diy-love-sign','diy love sign','love sign diy'),
(15,'http://www.sasinteriors.net/wp-content/uploads/2013/01/DIY_Love-Wooden-Sign.jpg','http://www.jennaburger.com/2013/01/love-connection-wood-sign','love connection wood sign','love sign diy'),
(16,'http://1.bp.blogspot.com/-oLgdOv0zh4Y/VLnYxSw2YiI/AAAAAAAAGxA/IgMpNWICQGE/s1600/diy%25252Blove%25252Bsign.jpg','http://www.meatloafandmelodrama.com/2015/01/easy-diy-love-sign.html','easy diy love sign.html','love sign diy'),
(17,'http://4.bp.blogspot.com/-Yt137X74qGs/URptuOsus1I/AAAAAAAAAkg/wYlWci3Zc_4/s1600/love%252Bsign.jpg','http://517creations.blogspot.com/2013/02/diy-love-hand-and-footprints.html','diy love hand and footprints.html','love sign diy'),
(18,'http://palletfurniturediy.com/wp-content/uploads/2014/05/pallet-love-wall-shelf-1.jpg','http://palletfurniturediy.com/pallet-shelves/diy-pallet-love-wall-shlelf','diy pallet love wall shlelf','love sign diy'),
(19,'http://thehappyhousie.com/wp-content/uploads/2014/01/Valentines-Day-Mantel-with-DIY-Ombre-Pallet-Sign-and-string-art-heart-at-The-Happy-Housie-1024x682.jpg','http://thehappyhousie.com/diy-ombre-love-pallet-sign-on-our-valentines-day-mantel','diy ombre love pallet sign on our valentines day mantel','love sign diy'),
(20,'http://thehappyhousie.com/wp-content/uploads/2014/01/Valentines-Day-Mantel-with-DIY-Ombre-Pallet-Sign-at-The-Happy-Housie-792x1024.jpg','http://thehappyhousie.com/diy-ombre-love-pallet-sign-on-our-valentines-day-mantel','diy ombre love pallet sign on our valentines day mantel','love sign diy'),
(21,'http://i1.wp.com/sugarandcloth.com/wp-content/uploads/2014/04/flower-love-sign-and-banner-11.jpg%253Fresize%253D625%25252C938','http://sugarandcloth.com/2014/04/diy-fresh-flower-love-sign','diy fresh flower love sign','love sign diy'),
(22,'http://img.loveitsomuch.com/uploads/201409/10/lo/love%252520signbanner%252520%2525204%252520x%2525204%252520%252520%252520kraft%252520and%252520doily%252520%252520rustic%252520-%252520diy%252520garlands%252520for%2525202014%252520party-f20791.jpg','http://sstam_994e.loveitsomuch.com/stores/love-sign-banner-4-x-4-kraft-and-doily-rustic-1410431737,1092880.html','love sign banner 4 x 4 kraft and doily rustic 1410431737,1092880.html','love sign diy'),
(23,'http://htlk.hometalk.netdna-cdn.com/resources/user_media/max/985x985/nbfj0dess8shwja78s4v50ffc4881eb4b.jpg','http://petticoatjunktion.com/signs-2/20-awesome-diy-love-signs','20 awesome diy love signs','love sign diy'),
(24,'http://www.myanythingandeverything.com/wp-content/uploads/2015/01/LoveSign-2_pin.jpg','http://www.myanythingandeverything.com/diy-love-sign-guest-post-making-mountains','diy love sign guest post making mountains','love sign diy'),
(25,'http://blog.thelovenerds.com/wp-content/uploads/2014/10/Fall-Decor-2.jpg','http://blog.thelovenerds.com/2014/10/diy-fall-decor-signs.html','diy fall decor signs.html','love sign diy'),
(26,'http://3.bp.blogspot.com/-ZH9vJqP0tZE/VLnY9rMQKaI/AAAAAAAAGxQ/Ug2gPw6Wlro/s1600/love%25252Bsign2%25252B.jpg','http://www.meatloafandmelodrama.com/2015/01/easy-diy-love-sign.html','easy diy love sign.html','love sign diy'),
(27,'http://img.loveitsomuch.com/uploads/201409/10/va/valentine%252520day%252520decor%252520love%252520banner%252520garland%252520sign%252520-%252520diy%252520garlands%252520for%2525202014%252520party-f77168.jpg','http://zo0z19932e.loveitsomuch.com/stores/valentine-day-decor-love-banner-garland-sign-1410401617,1089892.html','valentine day decor love banner garland sign 1410401617,1089892.html','love sign diy'),
(28,'http://4.bp.blogspot.com/-7BNyeqrxklI/VLnY41HEv7I/AAAAAAAAGxI/JA9PLnATujY/s1600/love%25252Bsign1.jpg','http://www.meatloafandmelodrama.com/2015/01/easy-diy-love-sign.html','easy diy love sign.html','love sign diy'),
(29,'http://i2.wp.com/sugarandcloth.com/wp-content/uploads/2014/04/flower-love-sign-and-banner-45.jpg%253Fresize%253D625%25252C938','http://sugarandcloth.com/2014/04/diy-fresh-flower-love-sign','diy fresh flower love sign','love sign diy'),
(30,'http://4.bp.blogspot.com/-6D5-pG6lI3s/UZhExJryKLI/AAAAAAAAJYE/hjw_EzL-jgw/s1600/Wedding-Day-Family-Sign-1.jpg','http://lovegrowswild.com/2013/05/how-to-create-a-diy-family-sign-with-your-wedding-date','how to create a diy family sign with your wedding date','love sign diy'),
(31,'http://www.herecomesthesunblog.net/wp-content/uploads/2014/06/DIY-Wooden-Sign-collage.jpg','http://www.herecomesthesunblog.net/2014/06/diy-wooden-sign.html','diy wooden sign.html','love sign diy'),
(32,'http://2.bp.blogspot.com/-aGrS-9SDruA/Tq3kN5slGtI/AAAAAAAAFbc/1qVZ6QeX0B8/s1600/Sign10.jpg','http://www.tenjuneblog.com/2011/10/living-room-tweak-list-diy-wall-sign.html','living room tweak list diy wall sign.html','love sign diy'),
(33,'http://i1230.photobucket.com/albums/ee491/tmknott611/ChickenSandwichandDIY2.jpg','http://www.tiedtheknott.com/2012/06/diy-love-sign.html','diy love sign.html','love sign diy'),
(34,'http://www.attagirlsays.com/wp-content/uploads/2014/09/diy-playroom-wood-sign-from-reclaimed-wood.jpg','http://www.attagirlsays.com/2014/09/24/playroom-wood-sign','playroom wood sign','love sign diy'),
(35,'http://101pallets.com/wp-content/uploads/2014/03/diy-pallet-love-sign-board-2.jpg','http://101pallets.com/pallet-ideas/diy-pallet-love-sign-board','diy pallet love sign board','love sign diy'),
(36,'http://1.bp.blogspot.com/-YbJ8t4uV4uI/USOisZADRHI/AAAAAAAAHnQ/39XXevtSFtU/s1600/love%252B02a.jpg','http://www.simplydesigning.net/diy-love-sign','diy love sign','love sign diy'),
(37,'http://cherishedbliss.com/wp-content/uploads/2013/11/Joy-Sign-copy1.jpg','http://lovegrowswild.com/2013/11/diy-mini-chalkboard-joy-sign','diy mini chalkboard joy sign','love sign diy'),
(38,'http://seecatecreate.com/wp-content/uploads/2013/09/LoveMarquee-052.jpg','http://seecatecreate.com/diy-vintage-light-up-marqueelove-sign','diy vintage light up marqueelove sign','love sign diy'),
(39,'http://3.bp.blogspot.com/-E_OEgflAc7s/VFU8MwMBHaI/AAAAAAAAGXw/AghgvIEkwRA/s1600/transferring%25252Btext%25252Bto%25252Bwood,%25252Bdiy%25252Bscrap%25252Bwood%25252Bsign.jpg','http://www.restorationbeauty.com/2014/11/diy-market-scrap-wood-sign-and-easy.html','diy market scrap wood sign and easy.html','love sign diy'),
(40,'http://img.loveitsomuch.com/uploads/201409/09/20/2014%252520diy%252520ornaments%252520ideas%252520-%252520wooden%252520i%252520love%252520you%252520wall%252520sign%252520wooden%252520wedding-f34408.jpg','http://partyfood.loveitsomuch.com/boards/look-here-super-bowl-valentine-love-wood-signs-logo.179437','look here super bowl valentine love wood signs logo.179437','love sign diy'),
(41,'http://www.week99er.com/uploads/2/9/4/8/2948871/3413681_orig.jpg','http://www.week99er.com/new/diy-valentines-decoration-glittered-love-sign','diy valentines decoration glittered love sign','love sign diy'),
(42,'http://3.bp.blogspot.com/-mRsFDAsTLNU/VLi8x83745I/AAAAAAAAJg0/rEjLzCDJ1Hg/s1600/LOVE-banner.jpg','http://www.tellloveandchocolate.com/2015/01/tell-diy-valentine-sign.html','tell diy valentine sign.html','love sign diy'),
(43,'http://lovegrowswild.com/wp-content/uploads/2014/09/DIY-Fall-Chalkboard-Sign-4.jpg','http://lovegrowswild.com/2014/09/diy-chalkboard-sign','diy chalkboard sign','love sign diy'),
(44,'http://img.loveitsomuch.com/uploads/201409/10/ch/chalkboard%252520banner%252520sign%252520wedding%252520bunting%252520garland%252520love%252520-%252520diy%252520garlands%252520for%2525202014%252520party-f61544.jpg','http://ilovenemi9h.loveitsomuch.com/stores/chalkboard-banner-sign-wedding-bunting-garland-love-1410376372,1086773.html','chalkboard banner sign wedding bunting garland love 1410376372,1086773.html','love sign diy'),
(45,'http://www.howtoinstructions.org/wp-content/uploads/2013/09/How-to-make-lovely-sign-boards-step-by-step-DIY-tutorial-instructions-400x2089.jpg','http://www.howtoinstructions.org/how-to-make-lovely-sign-boards-step-by-step-diy-tutorial-instructions','how to make lovely sign boards step by step diy tutorial instructions','love sign diy'),
(46,'http://www.diyinspired.com/wp-content/uploads/2014/02/stencil-marquee-sign-tutorial-.jpg','http://www.diyinspired.com/diy-marquee-sign','diy marquee sign','love sign diy'),
(47,'http://jamiezanotti.com/wp-content/uploads/2013/03/IMG_6829p2.jpg','http://www.jamiezanotti.com/diy-toy-crate','diy toy crate','love sign diy'),
(48,'http://blog.thelovenerds.com/wp-content/uploads/2013/08/Kunstler-Reception-12.jpg','http://blog.thelovenerds.com/2013/08/diy-wedding-guest-book-plate.html','diy wedding guest book plate.html','love sign diy'),
(49,'http://1.bp.blogspot.com/-VoIs2DYwjUc/UdHbHv3o-dI/AAAAAAAAK-g/jaMaH19Jiuw/s1127/DIY-Market-Fresh-Kitchen-Sign-11.png','http://lovegrowswild.com/2013/07/diy-market-fresh-rustic-wood-kitchen-sign','diy market fresh rustic wood kitchen sign','love sign diy'),
(50,'http://2.bp.blogspot.com/-pDD_VN-3vpQ/USUuw8I6_eI/AAAAAAAAHqg/Gx5sI169XM4/s1600/together-is-our-favorite-place-to-be-11a.jpg','http://www.simplydesigning.net/pallet-style-diy-sign-together-is-our','pallet style diy sign together is our','love sign diy'),
(51,'http://thebridaldetective.com/wp-content/uploads/2012/07/diy-light-up-signs.png','http://thebridaldetective.com/light-up-your-love-with-vintage-lights','light up your love with vintage lights','love sign diy'),
(52,'http://fancyfrugallife.com/wp-content/uploads/2013/08/DIY-Pallet-Sign-for-bedroom.jpg','http://fancyfrugallife.com/diy-hand-painted-rustic-wood-sign-for-the-bedroom','diy hand painted rustic wood sign for the bedroom','love sign diy'),
(53,'http://2beesinapod.com/wp-content/uploads/2014/12/Rustic-DIY-Merry-Christmas-Handpainted-Sign-2.jpg','http://2beesinapod.com/2014/12/08/diy-rustic-merry-christmas-sign','diy rustic merry christmas sign','love sign diy'),
(54,'http://www.icuaw.com/wp-content/uploads/2014/08/interior-design-diy-madame-love-lovely-and-simple-diy-love-sign.jpg','http://www.icuaw.com/lovely-and-simple-diy-love-sign/giant-distressed-fall-sign-love-grows-wild','giant distressed fall sign love grows wild','love sign diy'),
(55,'http://s3.weddbook.com/t1/2/0/8/2081550/cute-diy-threaded-love-sign-for-your-wedding-decor-weddingomania.jpg','http://weddbook.com/entry/2081550/cute-diy-threaded-love-sign-for-your-wedding-decor-weddingomania','cute diy threaded love sign for your wedding decor weddingomania','love sign diy'),
(56,'http://worldinsidepictures.com/wp-content/uploads/2014/01/1337.jpg','http://worldinsidepictures.com/23-romantic-valentines-day-diy-love-signs','23 romantic valentines day diy love signs','love sign diy'),
(57,'http://petticoatjunktion.com/wp-content/uploads/2014/01/Hometalk-Love-Sign-Graphic-Petticoat-Junktion-Clipboard1.jpg','http://petticoatjunktion.com/signs-2/20-awesome-diy-love-signs','20 awesome diy love signs','love sign diy'),
(58,'http://1.bp.blogspot.com/-q8AlphdCJmE/T9fFBCNY26I/AAAAAAAAFHs/5FNVzehERWQ/s1600/love%252Bsign_edited-1.jpg','http://www.meadowlakeroad.com/diy-projects/diy-wooden-love-sign','diy wooden love sign','love sign diy'),
(59,'https://poshrepurposing.files.wordpress.com/2015/01/img_2841.jpg','http://poshrepurposing.com/2015/01/04/diy-repurposing-state-love-wooden-sign','diy repurposing state love wooden sign','love sign diy'),
(60,'http://4.bp.blogspot.com/-U6GXANfVcYs/UdHbMugAbkI/AAAAAAAAK-s/pUXqP62v2fI/s900/DIY-Market-Fresh-Kitchen-Sign-1.jpg','http://lovegrowswild.com/2013/07/diy-market-fresh-rustic-wood-kitchen-sign','diy market fresh rustic wood kitchen sign','love sign diy'),
(61,'http://img.loveitsomuch.com/uploads/201409/10/ch/chalkboard%252520banner%252520sign%252520wedding%252520bunting%252520garland%252520love%252520-%252520diy%252520garlands%252520for%2525202014%252520party-f62975.jpg','http://ilovenemi9h.loveitsomuch.com/stores/chalkboard-banner-sign-wedding-bunting-garland-love-1410390444,1088536.html','chalkboard banner sign wedding bunting garland love 1410390444,1088536.html','love sign diy'),
(62,'http://www.bespoke-bride.com/wp-content/uploads/2014/09/All-You-Need-Is-Love-Sign-DIY-Tutorial.jpg','http://www.bespoke-bride.com/2014/09/03/31-diy-decor-ideas-for-your-wedding','31 diy decor ideas for your wedding','love sign diy'),
(63,'http://img.loveitsomuch.com/uploads/201409/19/20/2014%252520wall%252520decor%252520ideas%252520-%252520love%252520sign%252520diy%252520wall%252520hanging%252520shabby%252520chic%252520wooden-f44181.jpg','http://mmohmed2815l.loveitsomuch.com/stores/love-sign-diy-wall-hanging-shabby-chic-wooden-1411192168,1164865.html','love sign diy wall hanging shabby chic wooden 1411192168,1164865.html','love sign diy'),
(64,'http://yuppielove.org/wp-content/uploads/2012/10/detail1.jpg','http://yuppielove.org/2012/10/19/diy-oh-my-sign','diy oh my sign','love sign diy'),
(65,'http://img.loveitsomuch.com/uploads/201409/18/20/2014%252520wall%252520decor%252520ideas%252520-%252520love%252520sign%252520diy%252520wedding%252520decoration%252520wall%252520hanging-f01025.jpg','http://withdemidevonne1p.loveitsomuch.com/stores/love-sign-diy-wedding-decoration-wall-hanging-1411051170,1148938.html','love sign diy wedding decoration wall hanging 1411051170,1148938.html','love sign diy'),
(66,'http://3.bp.blogspot.com/-DxDJCXpSJO4/UPikNnPyeVI/AAAAAAAAesE/hIhSL9LbuXk/s1600/YourRetailHelper%252BLove%252BLetters%252BDIY%252B1.jpeg','http://yourretailhelper.blogspot.com/2014/01/diy-valentines-day-projects-sparkle-gem.html','diy valentines day projects sparkle gem.html','love sign diy'),
(67,'http://www.icuaw.com/wp-content/uploads/2014/08/interior-design-easy-diy-ornaments-from-household-items-love-from-ginger-lovely-and-simple-diy-love-sign.jpg','http://www.icuaw.com/lovely-and-simple-diy-love-sign/easy-diy-ornaments-from-household-items-love-from-ginger','easy diy ornaments from household items love from ginger','love sign diy'),
(68,'http://3.bp.blogspot.com/-xG7TnDa31wg/UvlYANxdS7I/AAAAAAAAFJI/jVJIUiTX5rg/s1600/131.jpg','http://runningwithagluegun.blogspot.com/2014/02/love-sign-diy.html','love sign diy.html','love sign diy'),
(69,'http://www.uniongrovedesign.com/wp-content/uploads/2014/03/imagejpeg_2.jpg','http://www.uniongrovedesign.com/diy-projects','diy projects','love sign diy'),
(70,'http://4.bp.blogspot.com/-A0LllPubAh4/Uvz7lAc0qTI/AAAAAAAABVE/uqIJcu6vL8Y/s1600/IMG_5325.JPG','http://burlapandbananas.blogspot.com/2014/02/diy-wood-love-sign.html','diy wood love sign.html','love sign diy'),
(71,'http://1.bp.blogspot.com/-UakCkfBT7w4/TrvE550tRUI/AAAAAAAAE9A/P-jYEDgGnEQ/s1600/DIY%252BWedding%252BRustic%252BChic%252BWood%252BSigns%252B003.jpg','http://loveoffamilyandhome.net/2011/11/diy-wooden-wedding-signs.html','diy wooden wedding signs.html','love sign diy'),
(72,'http://i.ytimg.com/vi/F5Ao_66JNsY/maxresdefault.jpg','http://www.youtube.com/watch?v%3DF5Ao_66JNsY','watch?v%3DF5Ao 66JNsY','love sign diy'),
(73,'http://www.sohosonnet.com/wp-content/uploads/2014/02/LOVE-SIGN-CRAFT-SPOT-3.jpg','http://mycraftyspot.com/gold-glitter-and-felt-rosette-love-sign','gold glitter and felt rosette love sign','love sign diy'),
(74,'http://img.loveitsomuch.com/uploads/201409/15/we/wedding%252520cake%252520topper%252520sign%252520love%252520birds%252520engraved%252520wood%252520-%252520diy%252520place%252520card%252520ideas-f06368.jpg','http://lydi01012q.loveitsomuch.com/stores/wedding-cake-topper-sign-love-birds-engraved-wood-1410849233,1128012.html','wedding cake topper sign love birds engraved wood 1410849233,1128012.html','love sign diy'),
(75,'http://www.theidearoom.net/wp-content/uploads/2015/01/love-sign.jpg','http://www.theidearoom.net/2015/01/valentines-day-decor-round.html','valentines day decor round.html','love sign diy'),
(76,'http://www.landeeseelandeedo.com/wp-content/uploads/2015/01/DIY-Valentines-Day-Sign.jpg','http://eighteen25.blogspot.com/2015/01/diy-valentines-day-sign.html','diy valentines day sign.html','love sign diy'),
(77,'http://bekindandsmileoften.files.wordpress.com/2014/02/img_9963.jpg','http://bekindandsmileoften.com/2014/02/03/diy-marquee-love-sign','diy marquee love sign','love sign diy'),
(78,'http://img.loveitsomuch.com/uploads/201409/05/lo/love%252520banner.%252520valentines%252520day%252520sign.%252520rustic%252520bunting%252520-%252520diy%252520garlands%252520for%2525202014%252520party-f09370.jpg','http://emiibenzo7l.loveitsomuch.com/stores/love-banner-valentine-s-day-sign-rustic-bunting-1409925107,1046725.html','love banner valentine s day sign rustic bunting 1409925107,1046725.html','love sign diy'),
(79,'http://img.loveitsomuch.com/uploads/201409/10/lo/love%252520is%252520sweet%252520banner%252520sweet%252520love%252520sign%252520love%252520-%252520diy%252520garlands%252520for%2525202014%252520party-f48088.jpg','http://ohwowlovelycassie9b.loveitsomuch.com/stores/love-is-sweet-banner-sweet-love-sign-love-1410356550,1083098.html','love is sweet banner sweet love sign love 1410356550,1083098.html','love sign diy'),
(80,'https://lh5.googleusercontent.com/-ilGu2N-cv0E/TYeH65ma1PI/AAAAAAABExI/2nN56YQwyTY/s1600/Papermash%252BStationery%252BBefore%252Bthe%252BBig%252BDay%252BWedding%252BBlog%252BUK.jpg','http://www.beforethebigday.co.uk/2011/04/fun-heart-themed-wedding-stationery.html','fun heart themed wedding stationery.html','love sign diy'),
(81,'http://lovegrowswild.com/wp-content/uploads/2014/05/DIY-Script-Canvas-Art-9.jpg','http://lovegrowswild.com/2014/05/diy-canvas-script-art','diy canvas script art','love sign diy'),
(82,'https://sosweetcollective.files.wordpress.com/2013/01/yarn-word-love.jpg','https://sosweetcollective.wordpress.com/2013/01/30/be-my-diy-valentine','be my diy valentine','love sign diy'),
(83,'http://media-cache-ec0.pinimg.com/736x/fc/46/7b/fc467b1e1fc96d622f0629fe32f5393f.jpg','http://www.pinterest.com/pin/166492517449257419','166492517449257419','love sign diy'),
(84,'http://1.bp.blogspot.com/-hFmVGZSiWGA/USUuoJQ70CI/AAAAAAAAHpY/fSWy1zNyN5g/s1600/together-is-our-favorite-place-to-be-01a.jpg','http://www.simplydesigning.net/pallet-style-diy-sign-together-is-our','pallet style diy sign together is our','love sign diy'),
(85,'http://3.bp.blogspot.com/-ks21ALre8AI/UZhEyeQ6EkI/AAAAAAAAJYo/kbskjOr6tfs/s1600/Wedding-Day-Family-Sign-13.jpg','http://lovegrowswild.com/2013/05/how-to-create-a-diy-family-sign-with-your-wedding-date','how to create a diy family sign with your wedding date','love sign diy'),
(86,'http://img.loveitsomuch.com/uploads/201409/09/lo/love%252520%252520sign%252520banner%252520%252520wedding%252520banner%252520%252520shabby%252520chic%252520%252520-%252520diy%252520garlands%252520for%2525202014%252520party-f78753.jpg','http://pamegaldamez2y.loveitsomuch.com/stores/love-sign-banner-wedding-banner-shabby-chic-1410308310,1078681.html','love sign banner wedding banner shabby chic 1410308310,1078681.html','love sign diy'),
(87,'http://blog.canvascorpbrands.com/wp-content/uploads/2014/11/DIY-Wooden-Sign-Thanksgiving2.jpg','http://blog.canvascorpbrands.com/diy-wooden-thanksgiving-sign','diy wooden thanksgiving sign','love sign diy'),
(88,'http://1.bp.blogspot.com/-DeTohugYerE/UvF7wqiQ4vI/AAAAAAAABIA/f8LGKa7dpTk/s1600/DIY%252BLove%252BSign%252Btitle.jpg','http://snaps-of-ginger.blogspot.com/2014/02/pottery-barn-inspired-love-sign.html','pottery barn inspired love sign.html','love sign diy'),
(89,'https://s-media-cache-ak0.pinimg.com/736x/ff/c5/77/ffc57770bcd202ac7f44af1881168ae5.jpg','https://www.pinterest.com/pin/46654546114314210','46654546114314210','love sign diy'),
(90,'http://img.loveitsomuch.com/uploads/201409/04/we/wedding%252520cake%252520topper%252520sign%252520love%252520birds%252520engraved%252520wood%252520-%252520diy%252520place%252520card%252520ideas-f14432.jpg','http://wizismyking4e.loveitsomuch.com/stores/wedding-cake-topper-sign-love-birds-engraved-wood-1409895487,1042413.html','wedding cake topper sign love birds engraved wood 1409895487,1042413.html','love sign diy'),
(91,'http://img.loveitsomuch.com/uploads/201407/21/fa/falling%252520in%252520love%252520burlap%252520wedding%252520banner%252520sign%252520-%252520diy%252520garlands%252520for%2525202014%252520party-f08478.jpg','http://staruhm6i.loveitsomuch.com/stores/falling-in-love-burlap-wedding-banner-sign-1406028963,788357.html','falling in love burlap wedding banner sign 1406028963,788357.html','love sign diy'),
(92,'http://img.loveitsomuch.com/uploads/201409/09/lo/love%252520sign%2525205%252520x%2525205%252520inch%252520%252520banner%252520%252520garland%252520%252520wedding%252520-%252520diy%252520garlands%252520for%2525202014%252520party-f08481.jpg','http://irene_prieto3g.loveitsomuch.com/stores/love-sign-5-x-5-inch-banner-garland-wedding-1410307935,1078651.html','love sign 5 x 5 inch banner garland wedding 1410307935,1078651.html','love sign diy'),
(93,'http://www.theidearoom.net/wp-content/uploads/2014/06/grocery-sign-4.png','http://www.theidearoom.net/2014/06/kitchen-wood-sign.html','kitchen wood sign.html','love sign diy'),
(94,'http://apopofpretty.com/wp-content/uploads/2012/04/DSC_1192-680x1024.jpg','http://apopofpretty.com/giant-laundry-room-sign-tutorial-endless-love-laundry-free-printable','giant laundry room sign tutorial endless love laundry free printable','love sign diy'),
(95,'http://4.bp.blogspot.com/-SMAZjkB3gJI/VLi8yMTSqrI/AAAAAAAAJg4/tBXKhoxzCMg/s1600/Love-valentine-day-sign.jpg','http://www.tellloveandchocolate.com/2015/01/tell-diy-valentine-sign.html','tell diy valentine sign.html','love sign diy'),
(96,'http://www.icuaw.com/wp-content/uploads/2014/08/interior-design-diy-make-lovely-bookmarks-for-kids-lovely-and-simple-diy-love-sign.jpg','http://www.icuaw.com/lovely-and-simple-diy-love-sign','lovely and simple diy love sign','love sign diy'),
(97,'http://apopofpretty.com/wp-content/uploads/2012/04/DSC_1177-1024x827.jpg','http://apopofpretty.com/giant-laundry-room-sign-tutorial-endless-love-laundry-free-printable','giant laundry room sign tutorial endless love laundry free printable','love sign diy'),
(98,'http://www.pointerior.com/images/a-creative-diy-wooden-american-flag-sign-decoration-celebrating-independence-day-memorial-day.jpg','http://www.pointerior.com/american-flag-decoration/a-creative-diy-wooden-american-flag-sign-decoration-celebrating-independence-day-memorial-day','a creative diy wooden american flag sign decoration celebrating independence day memorial day','love sign diy'),
(99,'http://searosecottage.com/wp-content/uploads/2013/05/Wood_Lobster.jpg','http://searosecottage.com/2013/05/lobster-anyone','lobster anyone','love sign diy'),
(100,'http://seecatecreate.com/wp-content/uploads/2013/09/lovemarqueecollage1.jpg','http://seecatecreate.com/diy-vintage-light-up-marqueelove-sign','diy vintage light up marqueelove sign','love sign diy'),
(101,'http://creativedominican.files.wordpress.com/2013/09/diy-large-sign9.jpg','http://www.creativedominican.com/tag/diy-sign','diy sign','love sign diy'),
(102,'http://img.loveitsomuch.com/uploads/boards/background/201412/15/do-you-know-diy-wooden-love-sign-check-out-174120.jpg','http://yuanyuan.loveitsomuch.com/boards/do-you-know-diy-wooden-love-sign-check-out.174120','do you know diy wooden love sign check out.174120','love sign diy'),
(103,'http://img.loveitsomuch.com/uploads/201409/04/we/wedding%252520cake%252520topper%252520sign%252520love%252520birds%252520engraved%252520wood%252520-%252520diy%252520place%252520card%252520ideas-f83173.jpg','http://wizismyking4e.loveitsomuch.com/stores/wedding-cake-topper-sign-love-birds-engraved-wood-1409887814,1041498.html','wedding cake topper sign love birds engraved wood 1409887814,1041498.html','love sign diy'),
(104,'http://i1.wp.com/www.playlearnlove.com/wp-content/uploads/2014/01/HelloKittyPartySignCollage.jpg','http://www.playlearnlove.com/2014/01/hello-kitty-party-signs.html','hello kitty party signs.html','love sign diy'),
(105,'http://uhomeal.com/wp-content/uploads/2014/10/charming-lovely-and-simple-diy-love-sign-on-home-decorating-with-sorry-i-went-from-nice-natural-light-photos-to-taking-pictures-at.jpg','http://uhomeal.com/lovely-and-simple-diy-love-sign/charming-lovely-and-simple-diy-love-sign-on-home-decorating-with-sorry-i-went-from-nice-natural-light-photos-to-taking-pictures-at','charming lovely and simple diy love sign on home decorating with sorry i went from nice natural light photos to taking pictures at','love sign diy'),
(106,'http://lovegrowswild.com/wp-content/uploads/2014/01/Key-to-my-Heart-Rustic-Wood-Sign-final.png','http://lovegrowswild.com/2014/01/key-to-my-heart-rustic-wood-sign','key to my heart rustic wood sign','love sign diy'),
(107,'http://www.diyinspired.com/wp-content/uploads/2014/02/globe-string-light-for-marquee-sign.jpg','http://www.diyinspired.com/diy-marquee-sign','diy marquee sign','love sign diy'),
(108,'http://greylustergirl.com/wp-content/uploads/2014/09/DIY-Wooden-Thanksgiving-Sign_Thankful.jpg','http://greylustergirl.com/diy-double-sided-holiday-sign','diy double sided holiday sign','love sign diy'),
(109,'http://img.loveitsomuch.com/uploads/201409/15/lo/love%252520is%252520sweet%252520sign%252520%252520vintage%252520art%252520deco%252520gold%252520%252520all%252520-%252520diy%252520place%252520card%252520ideas-f51350.jpg','http://daniellada188e.loveitsomuch.com/stores/love-is-sweet-sign-vintage-art-deco-gold-all-1410844358,1127615.html','love is sweet sign vintage art deco gold all 1410844358,1127615.html','love sign diy'),
(110,'http://cdnpix.com/show/157555686935011765_v4p2iJP3_c.jpg','http://followpics.co/i-love-this-diy-pallet-wood-sign','i love this diy pallet wood sign','love sign diy'),
(111,'http://thekatekeeper.files.wordpress.com/2013/11/20131118-221826.jpg','http://thekatekeeper.com/tag/diy-glitter-banner-sign','diy glitter banner sign','love sign diy'),
(112,'http://3.bp.blogspot.com/-Ia51IC4vgH0/Ui9v216gfQI/AAAAAAAAM98/ORnGbaXQKWo/s1600/Giant-Distressed-Fall-Sign-6.jpg','http://lovegrowswild.com/2013/09/giant-distressed-fall-sign','giant distressed fall sign','love sign diy'),
(113,'http://www.thehappyscraps.com/wp-content/uploads/2014/04/DIY-Aloha-Sign.jpg','http://www.thehappyscraps.com/2014/01/diy-aloha-sign.html','diy aloha sign.html','love sign diy'),
(114,'https://img1.etsystatic.com/000/0/6555884/il_fullxfull.309412685.jpg','https://www.etsy.com/market/diy_wall_hanging','diy wall hanging','love sign diy'),
(115,'http://spoonfulofimagination.com/wp-content/uploads/2014/01/DIY_love_sign-1024x550.jpg','http://spoonfulofimagination.com/love-easy-sign-tutorial','love easy sign tutorial','love sign diy'),
(116,'http://www.pinkous.com/wp-content/uploads/2014/01/giant-love-sign-at-tatertots-and-jello.jpg','http://www.pinkous.com/diy-ideas/make-a-giant-valentine-typographic-sign-for-beneath-10.html','make a giant valentine typographic sign for beneath 10.html','love sign diy'),
(117,'http://media-cache-ec0.pinimg.com/736x/f0/ce/05/f0ce0598805a043857863ef7ce6a40d5.jpg','http://www.pinterest.com/pin/484629609873397850','484629609873397850','love sign diy'),
(118,'https://s-media-cache-ak0.pinimg.com/736x/55/71/2b/55712bd649c57fe32d28495b8ef58c9b.jpg','https://www.pinterest.com/pin/385902261793040022','385902261793040022','love sign diy'),
(119,'http://somethingturquoise.com/wp-content/uploads/2013/09/ST_DIY_hotel_door_sign_mr_mrs_just_married.jpg','http://somethingturquoise.com/2013/09/17/newlywed-hotel-door-sign','newlywed hotel door sign','love sign diy'),
(120,'http://uhomeal.com/wp-content/uploads/2014/10/modern-lovely-and-simple-diy-love-sign-on-home-decorating-with-once-i-had-the-word-the-decorative-scroll-at-the-bottom-i-just-used.jpg','http://uhomeal.com/lovely-and-simple-diy-love-sign/modern-lovely-and-simple-diy-love-sign-on-home-decorating-with-diy-panda-in-love-sleeping-mask','modern lovely and simple diy love sign on home decorating with diy panda in love sleeping mask','love sign diy'),
(121,'http://2.bp.blogspot.com/-WeDGcGw3wHk/U0bqjSHtRsI/AAAAAAAAN5k/gHRq1QOxGTI/s1600/Turquoise%252Bbirds%252Bwhite%252Bpolka%252Bdot%252Bgirl%252Bbaby%252Bnursery%252Bname%252Bsign%252BDIY%252Bhand%252Bpainted.jpg','http://www.serendipityrefined.com/2014/04/diy-canvas-name-sign-nursery-wall-art.html','diy canvas name sign nursery wall art.html','love sign diy'),
(122,'http://pulpsushi.typepad.com/.a/6a00d83452c37169e2017744ce27a9970d-pi','http://www.pulpsushi.com/2012/09/diy-tutorial-920.html','diy tutorial 920.html','love sign diy'),
(123,'https://poshrepurposing.files.wordpress.com/2015/01/img_2535.jpg','http://poshrepurposing.com/2015/01/04/diy-repurposing-state-love-wooden-sign','diy repurposing state love wooden sign','love sign diy'),
(124,'http://seoulinthemagiccity.files.wordpress.com/2014/06/20140607-111401-40441402.jpg','http://seoulinthemagiccity.com/2014/06/07/state-map-wood-sign-diy','state map wood sign diy','love sign diy'),
(125,'http://www.thehappierhomemaker.com/wp-content/uploads/2014/06/ombre-beach-sign-diy-485x1024.jpg','http://www.thehappierhomemaker.com/2014/06/diy-ombre-wood-shim-sign','diy ombre wood shim sign','love sign diy'),
(126,'http://4.bp.blogspot.com/-SWTR_XV61J4/Uu03ocwcFDI/AAAAAAAAJ5E/Czy8Aq6PfCI/s1600/20140201_100309%2525231.jpg','http://bemusedsheninejoon.blogspot.com/2014/02/diy-globe-light-love-sign.html','diy globe light love sign.html','love sign diy'),
(127,'http://www.pinkous.com/wp-content/uploads/2014/01/giant-love-sign-at-tatertots-and-jello-valentines-day.jpg','http://www.pinkous.com/diy-ideas/make-a-giant-valentine-typographic-sign-for-beneath-10.html','make a giant valentine typographic sign for beneath 10.html','love sign diy'),
(128,'http://3.bp.blogspot.com/-5SXP6X-EAyo/Ux5rNFoh2pI/AAAAAAAAGMA/QlynE_CkfoY/s1600/seatsigns.jpg','http://www.foodlovehappiness.com/2014/03/diy-wedding-seat-signs.html','diy wedding seat signs.html','love sign diy'),
(129,'http://2beesinapod.com/wp-content/uploads/2014/06/Image-1.jpg','http://2beesinapod.com/2014/06/24/diy-rustic-sign-made-from-fence-post-and-rope','diy rustic sign made from fence post and rope','love sign diy'),
(130,'http://www.familylifeinlv.com/wp-content/uploads/2013/01/I-love-you-valentine-hand1.jpg','http://www.familylifeinlv.com/2013/02/handmade-kids-valentines-card.html','handmade kids valentines card.html','love sign diy'),
(131,'http://uhomeal.com/wp-content/uploads/2014/10/contemporary-lovely-and-simple-diy-love-sign-on-home-decorating-with-this-is-what-they-looked-like-when-i-was-finished.jpg','http://uhomeal.com/lovely-and-simple-diy-love-sign/marvelous-lovely-and-simple-diy-love-sign-on-home-decorating-with-added-this-to-my-love-banner-and-diy-tobacco-basket','marvelous lovely and simple diy love sign on home decorating with added this to my love banner and diy tobacco basket','love sign diy'),
(132,'http://www.thebridelink.com/blog/wp-content/uploads/2013/08/11-DIY-bar-wedding-sign-yellow-gray-glitter-yarn.jpg','http://www.thebridelink.com/blog/2013/08/20/diy-yellow-and-gray-wedding','diy yellow and gray wedding','love sign diy'),
(133,'http://just2sisters.com/wp-content/uploads/2013/03/love-sign-2.jpg','http://just2sisters.com/pallet-signs-love-diy-tutorial','pallet signs love diy tutorial','love sign diy'),
(134,'http://www.thewoodgraincottage.com/wp-content/uploads/2013/02/3-1024x686.png','http://diyshowoff.com/2013/02/27/diy-at-the-woodgrain-cottage','diy at the woodgrain cottage','love sign diy'),
(135,'http://bekindandsmileoften.files.wordpress.com/2014/02/img_9909.jpg','http://bekindandsmileoften.com','bekindandsmileoften.com','love sign diy'),
(136,'http://3.bp.blogspot.com/-1iyO0Z-1GLM/URljkX9sfvI/AAAAAAAAAh8/GUDjA-mHqjw/s1600/love1.jpg','http://517creations.blogspot.com/2013/02/diy-love-hand-and-footprints.html','diy love hand and footprints.html','love sign diy'),
(137,'http://www.domestically-speaking.com/wp-content/uploads/2014/10/DIY-Painted-Gather-Wood-Sign-7.jpg','http://www.domestically-speaking.com/2014/11/diy-gather-wood-painted-sign.html','diy gather wood painted sign.html','love sign diy'),
(138,'http://brassandwhatnots.com/wp-content/uploads/2014/02/Love-sign.jpg','http://brassandwhatnots.com/last-minute-valentines-day-round-up','last minute valentines day round up','love sign diy'),
(139,'http://www.creationsbykara.com/wp-content/uploads/2014/05/Paint-Stick-DIY-Wood-Sign-008-1-600x845.jpg','http://www.creationsbykara.com/2014/05/diy-paint-stick-wood-slat-sign.html','diy paint stick wood slat sign.html','love sign diy'),
(140,'https://farm6.staticflickr.com/5317/13928066289_01832fdcec_z.jpg','http://www.ihanna.nu/postcard-swap','postcard swap','love sign diy'),
(141,'http://www.iheartnaptime.net/wp-content/uploads/2014/06/DIY-Garden-Marker-Signs-3.jpg','http://www.iheartnaptime.net/diy-garden-marker-signs','diy garden marker signs','love sign diy'),
(142,'http://fashion.xkee.com/uploads/201409/05/lo/love%252520burlap%252520banner%252520bunting%252520with%252520red%252520glittered%252520-%252520diy%252520garlands%252520for%2525202014%252520party-f00230.jpg','http://fashion.xkee.com/you-ll-actually-want-diy-burlap-banner,1222.html','you ll actually want diy burlap banner,1222.html','love sign diy'),
(143,'https://simplysusane.files.wordpress.com/2014/12/img_7443.jpg','https://simplysusane.wordpress.com','simplysusane.wordpress.com','love sign diy'),
(144,'http://abeautifulmess.typepad.com/.a/6a00d8358081ff69e2019b02412216970d-800wi','http://www.abeautifulmess.com/2013/12/christmas-light-up-marquee-diy.html','christmas light up marquee diy.html','love sign diy'),
(145,'http://2.bp.blogspot.com/-EtQPwrMajJ0/UZhEzgUFp_I/AAAAAAAAJZE/tvcTchW7MHw/s1600/Wedding-Day-Family-Sign-5.jpg','http://lovegrowswild.com/2013/05/how-to-create-a-diy-family-sign-with-your-wedding-date','how to create a diy family sign with your wedding date','love sign diy'),
(146,'http://partypatisserie.com/wp-content/uploads/2012/06/IMG_0623.jpg','http://partypatisserie.com/2012/06/diy-napkin-flower-poms','diy napkin flower poms','love sign diy'),
(147,'http://img.loveitsomuch.com/uploads/201409/15/wi/wishing%252520tree%252520tags%252520%252520instructions%252520sign%252520%252520love%252520birds%252520in%252520-%252520diy%252520place%252520card%252520ideas-f61767.jpg','http://lemonade4b.loveitsomuch.com/stores/wishing-tree-tags-instructions-sign-love-birds-in-1410834061,1126458.html','wishing tree tags instructions sign love birds in 1410834061,1126458.html','love sign diy'),
(148,'http://1.bp.blogspot.com/-k3AuQGIck6k/UqUz4KBeJqI/AAAAAAAARtk/tttdqg6Al84/s1600/DIY%252BJOY%252BChristmas%252BSign%252Bmade%252Bwith%252Bstraws.jpg','http://www.curvatude.com/2013/12/luxaholic-decking-halls-diy-joy-sign.html','luxaholic decking halls diy joy sign.html','love sign diy'),
(149,'http://media-cache-ec0.pinimg.com/736x/17/27/33/17273314f245feb26f5dc347c7f1252b.jpg','http://www.pinterest.com/pin/243264817346161399','243264817346161399','love sign diy'),
(150,'http://4.bp.blogspot.com/-CnJC8gPNudg/TxyQUYGlHNI/AAAAAAAABFY/bshmexZuYyA/s1600/LOVE%252BBURLAP1.jpg','http://wonderfullymadebyleslie.blogspot.com/2012/01/diy-love-burlap-sign.html','diy love burlap sign.html','love sign diy'),
(151,'http://www.love-the-day.com/lovetheday/wordpress/wp-content/uploads/2014/10/DIY-Foam-Signs.jpg','http://www.love-the-day.com/lovetheday/wordpress/diy-christmas-ornament','diy christmas ornament','love sign diy'),
(152,'https://img1.etsystatic.com/026/1/5404943/il_fullxfull.588935603_ax8y.jpg','https://www.etsy.com/market/love_is_an_open_door','love is an open door','love sign diy'),
(153,'http://3.bp.blogspot.com/-W9Tsv4rv-FU/Ui9wBo636rI/AAAAAAAAM-U/RIHQnRLpy_A/s1600/Giant-Distressed-Fall-Sign-7.jpg','http://lovegrowswild.com/2013/09/giant-distressed-fall-sign','giant distressed fall sign','love sign diy'),
(154,'http://jenwoodhouse.com/blog/wp-content/uploads/2014/07/evelyn_namesign_pinterest-584x1024.jpg','http://jenwoodhouse.com/blog/2014/07/30/diy-custom-wood-signs','diy custom wood signs','love sign diy'),
(155,'http://doyledispatch.com/wp-content/uploads/2013/11/IMG_5722.jpg','http://doyledispatch.com/2013/11/09/diy-sign-give-thanksmerry-mail','diy sign give thanksmerry mail','love sign diy'),
(156,'http://jenwoodhouse.com/blog/wp-content/uploads/2014/07/wood_sign_01.jpg','http://jenwoodhouse.com/blog/2014/07/30/diy-custom-wood-signs','diy custom wood signs','love sign diy'),
(157,'http://www.armommy.com/wp-content/uploads/2013/01/love-banner-2.jpg','http://www.thecraftedsparrow.com/2013/02/18-great-diy-love-signs.html','18 great diy love signs.html','love sign diy'),
(158,'http://2.bp.blogspot.com/-eImxAc3fkX4/T9JOwqYPG1I/AAAAAAAAxVQ/kWC8kPljLao/s1600/100_8352.jpg','http://www.bonitarose.com/2012/06/diy-beach-sign.html','diy beach sign.html','love sign diy'),
(159,'http://savedbylovecreations.com/wp-content/uploads/2014/01/Love-SignCutFile.jpg','http://savedbylovecreations.com/2014/01/diy-handpainted-sign-free-printable-template.html','diy handpainted sign free printable template.html','love sign diy'),
(160,'http://www.bloominghomestead.com/wp-content/uploads/2014/11/Winter-Woodland-Sign-copy.jpg','http://www.bloominghomestead.com/2014/11/diy-winter-woodland-sign-giveaway.html','diy winter woodland sign giveaway.html','love sign diy'),
(161,'http://2.bp.blogspot.com/-Z9yg0hLHEuY/T8d-p_E2oZI/AAAAAAAADiU/oVRLbGFlVgQ/s1600/DIY%252BProject.JPG','http://www.tiedtheknott.com/2012/06/diy-love-sign.html','diy love sign.html','love sign diy'),
(162,'http://img2.duitang.com/uploads/item/201205/21/20120521210442_TANhS.jpeg','http://www.thecraftedsparrow.com/2013/02/18-great-diy-love-signs.html','18 great diy love signs.html','love sign diy'),
(163,'http://www.infarrantlycreative.net/wp-content/uploads/2014/07/HugeDIYChalkboard_thumb.jpg','http://www.infarrantlycreative.net/oversized-diy-chalkboard-sign','oversized diy chalkboard sign','love sign diy'),
(164,'http://thisisourbliss.files.wordpress.com/2014/03/img_3194.jpg','http://thisisourbliss.com/category/home-tour','home tour','love sign diy'),
(165,'http://2.bp.blogspot.com/-quZIUDot2oc/TzIi-5iPj_I/AAAAAAAAAJQ/OtMYaIGGfQ0/s1600/draft.jpg','http://hermiaswishes.blogspot.com/2012/02/freebies-diy-just-married-sign.html','freebies diy just married sign.html','love sign diy'),
(166,'http://1.bp.blogspot.com/-e_p7R14jgBg/UqU0jFUbHhI/AAAAAAAARt0/Q0KQuh9b-VQ/s1600/DIY%252BChristmas%252BJOY%252BSign.jpg','http://www.curvatude.com/2013/12/luxaholic-decking-halls-diy-joy-sign.html','luxaholic decking halls diy joy sign.html','love sign diy'),
(167,'http://www.made4aking.com/wp-content/uploads/2013/07/Shoe-Box-Clock-1-1024x768.jpg','http://www.made4aking.com/shoe-box-wall-signs','shoe box wall signs','love sign diy'),
(168,'http://littlelessy.com/wp-content/uploads/2013/02/valentines-day-cards.jpg','http://littlelessy.com/2013/02/diy-valentines','diy valentines','love sign diy'),
(169,'http://createcraftchere.com/wp-content/uploads/2014/02/vday-block-red-10.jpg','http://createcraftchere.com/diy-love-hearts-polka-dots-sign','diy love hearts polka dots sign','love sign diy'),
(170,'http://1.bp.blogspot.com/-KjdZdL7OXCs/Tfa6QRKblzI/AAAAAAAAA1w/5-L9w8hyL58/s1600/HPIM4383.JPG','http://designlove-cynthia.blogspot.com/2011/06/confirmation-and-diy-party-sign.html','confirmation and diy party sign.html','love sign diy'),
(171,'http://www.vintagenewsjunkie.com/wp-content/uploads/2014/03/hand-painted-wooden-sign-for-guy.jpg','http://www.vintagenewsjunkie.com/unique-diy-hand-painted-wooden-sign-silhouette-coupon-code','unique diy hand painted wooden sign silhouette coupon code','love sign diy'),
(172,'https://creatingforourcreator.files.wordpress.com/2014/03/wedding-wood-signs-diy.jpg','https://creatingforourcreator.wordpress.com/2014/03/19/custom-lettering-and-design-for-amies-shabby-chic-vintage-diy-wedding','custom lettering and design for amies shabby chic vintage diy wedding','love sign diy'),
(173,'http://img.loveitsomuch.com/uploads/201411/23/di/diy%252520a%252520wedding%252520wooden%252520signall%252520you%252520need%252520is%252520love%252520holding%252520by%252520a%252520kissing%252520bride%252520%252520a%252520groom-f41895.jpg','http://feelfree_k.loveitsomuch.com/stores/diy-a-wedding-wooden-sign-all-you-need-is-love-holding-by-a-kissing-bride-a-groom-1416790642,1302545.html','diy a wedding wooden sign all you need is love holding by a kissing bride a groom 1416790642,1302545.html','love sign diy'),
(174,'http://4.bp.blogspot.com/-CU9zRd5-afg/Uvz1aLpbFSI/AAAAAAAABT8/xiR8V7K_cqU/s1600/IMG_5318.JPG','http://burlapandbananas.blogspot.com/2014/02/diy-wood-love-sign.html','diy wood love sign.html','love sign diy'),
(175,'http://www.pinkous.com/wp-content/uploads/2014/01/love-sign-painted.jpg','http://www.pinkous.com/diy-ideas/make-a-giant-valentine-typographic-sign-for-beneath-10.html','make a giant valentine typographic sign for beneath 10.html','love sign diy'),
(176,'http://2.bp.blogspot.com/-QghmxFAWbR8/UONsYERMFUI/AAAAAAAAAEM/uCgmmWwoN_M/s1600/046.JPG','http://createahomeyoulove.blogspot.com/2013/01/diy-welcome-sign.html','diy welcome sign.html','love sign diy'),
(177,'https://s-media-cache-ak0.pinimg.com/736x/5e/ac/ce/5eacce81412b7e8d93a33aecfa444972.jpg','https://uk.pinterest.com/pin/10273905375536449','10273905375536449','love sign diy'),
(178,'http://cdnpix.com/show/imgs/30f0a5ae5fc5dca532e305ee0033c32d.jpg','http://followpics.co/diy-accessory-display-tween-room-totally-need-this-for-grace-s-purses-__-also-love-the-freckles-sign-next-to-it','diy accessory display tween room totally need this for grace s purses    also love the freckles sign next to it','love sign diy'),
(179,'http://s3-us-west-1.amazonaws.com/static.brit.co/wp-content/uploads/2014/04/DIY5MinuteFrameFinished.jpg','http://www.brit.co/diy-frames','diy frames','love sign diy'),
(180,'http://s3images.coroflot.com/user_files/individual_files/original_436937_RlJImjlAtY1QCVYnS4KRr2Btj.jpg','http://www.coroflot.com/shanayxw/Final-Project-Rebranding','Final Project Rebranding','love sign diy'),
(181,'http://www.maisondepax.com/wp-content/uploads/2014/05/anniversary-sign-closer-sign.jpg','http://lovegrowswild.com/2014/05/diy-anniversary-sign','diy anniversary sign','love sign diy'),
(182,'http://cdn.weddingbells.ca/wp-content/uploads/2014/05/diy-rustic-wedding-40-600x899.jpg','http://www.weddingbells.ca/real-weddings/a-creative-diy-wedding-in-calgary-alberta','a creative diy wedding in calgary alberta','love sign diy'),
(183,'http://www.flamingotoes.com/wp-content/uploads/2014/10/Easy-DIY-Wood-Christmas-Sign.jpg','http://www.flamingotoes.com/2014/11/merry-bright-christmas-sign','merry bright christmas sign','love sign diy'),
(184,'http://brittanyestes.com/wp-content/uploads/2013/10/Painted-State-Love-Sign.jpg','http://brittanyestes.com/2013/10/diy-state-love-sign.html','diy state love sign.html','love sign diy'),
(185,'http://4.bp.blogspot.com/-za2_zQowXsE/UvVS_vnl_JI/AAAAAAAAJMw/Uxy0bIkXqk4/s1600/DIY%252BValentines%252BGift.jpg','http://www.southerninlaw.com/2014/02/DIY-valentines-project-i-love-you-because-sign-handmade-valentines-gift-ideas.html','DIY valentines project i love you because sign handmade valentines gift ideas.html','love sign diy'),
(186,'http://img.allw.mn/content/ix/h2/q4546aj5.jpg','http://diy.allwomenstalk.com/personal-yet-subtle-touches-to-add-to-your-home/4','4','love sign diy'),
(187,'http://www.aleshahaley.com/wp-content/uploads/2013/12/cover_pallet_sign.jpg','http://www.aleshahaley.com/2014/12/09/diy-pallet-sign','diy pallet sign','love sign diy'),
(188,'http://apopofpretty.com/wp-content/uploads/2012/12/DSC_1195.jpg','http://apopofpretty.com/diy-decorating-for-2012','diy decorating for 2012','love sign diy'),
(189,'http://www.maisondepax.com/wp-content/uploads/2014/05/anniversary-sign-sign.jpg','http://lovegrowswild.com/2014/05/diy-anniversary-sign','diy anniversary sign','love sign diy'),
(190,'http://www.iheartnaptime.net/wp-content/uploads/2014/06/DIY-Garden-Marker-Signs-4.jpg','http://www.iheartnaptime.net/diy-garden-marker-signs','diy garden marker signs','love sign diy'),
(191,'https://dbj5iadmj0fg6.cloudfront.net/ImageResizer/VML-White-Label/5/1/01/1200v01.jpg','http://tinytipsbymichelle.com/diy-marquee-lights-video','diy marquee lights video','love sign diy'),
(192,'http://www.11magnolialane.com/wp-content/uploads/2014/10/baby-sleeping-pink-640.jpg','http://www.11magnolialane.com/2014/10/19/diy-baby-sleeping-door-hanger-sign','diy baby sleeping door hanger sign','love sign diy'),
(193,'http://smartschoolhouse.com/wp-content/uploads/2014/01/For-the-Love-of-Hearts.jpg','http://www.smartschoolhouse.com/valentines-craft/valentine-hearts/2','2','love sign diy'),
(194,'http://spoonfulofimagination.com/wp-content/uploads/2014/06/ripped_fabric-1024x674.jpg','http://spoonfulofimagination.com/diy-fabric-flower-pot','diy fabric flower pot','love sign diy'),
(195,'http://lollyjane.com/wp-content/uploads/2013/05/diy-life-is-good-sign-easy-tutorial.jpg','http://lollyjane.com/life-is-good-sign','life is good sign','love sign diy'),
(196,'http://thehappyhousie.com/wp-content/uploads/2014/08/DIY-Dr.-Seuss-Quote-Map-Sign-how-to-collage-at-The-Happy-Housie.jpg','http://thehappyhousie.com/diy-dr-seuss-quote-map-sign','diy dr seuss quote map sign','love sign diy'),
(197,'http://lollyjane.com/wp-content/uploads/2014/10/easy-washi-tape-feathers.jpg','http://lollyjane.com/diy-washi-tape-feathers','diy washi tape feathers','love sign diy'),
(198,'http://www.attagirlsays.com/wp-content/uploads/2014/09/diy-playroom-wood-sign.jpg','http://www.attagirlsays.com/2014/09/24/playroom-wood-sign','playroom wood sign','love sign diy'),
(199,'http://somethingturquoise.com/wp-content/uploads/2014/02/SomethingTurquoise-DIY-glitter-wedding-date-sign_0017.jpg','http://somethingturquoise.com/2014/02/07/glitter-wedding-date-sign','glitter wedding date sign','love sign diy'),
(200,'http://www.naptimedecorator.net/wp-content/uploads/2014/10/DSC_1840.jpg','http://www.naptimedecorator.net/uncategorized/lets-create-diy-dry-erase-board','lets create diy dry erase board','love sign diy'),
(201,'http://2.bp.blogspot.com/-tsT1uYdquhY/UoUq8yxruCI/AAAAAAAAHHE/YByAZ_gEEl8/s1600/wood%252Bsign%252Bknockoff.jpg','http://www.twoityourself.com/2013/11/diy-large-christmas-sign-pottery-barn.html','diy large christmas sign pottery barn.html','love sign diy'),
(202,'https://s-media-cache-ak0.pinimg.com/736x/69/1b/3e/691b3e1f8f04623ca3b1722b3e94d1eb.jpg','https://www.pinterest.com/pin/109071622201243746','109071622201243746','love sign diy'),
(203,'http://anightowlblog.com/wp-content/uploads/2014/02/Four-Leaf-Clover-Sign-2.jpg','http://anightowlblog.com/2014/02/diy-four-leaf-clover-sign.html','diy four leaf clover sign.html','love sign diy'),
(204,'http://interiorsbystudiom.com/wp-content/uploads/2014/05/29.jpg','http://interiorsbystudiom.com/marquee-letters-vintage-sign-home-decor-diy-lighting','marquee letters vintage sign home decor diy lighting','love sign diy'),
(205,'http://i0.wp.com/upcycledtreasures.com/wp-content/uploads/2014/02/DIY-Valentines-Day-Cards-Homeyohmy.jpg%253Fresize%253D600%25252C800','http://upcycledtreasures.com/2014/02/20-last-minute-valentine-craft-ideas','20 last minute valentine craft ideas','love sign diy'),
(206,'http://somethingturquoise.com/wp-content/uploads/2013/11/ST-DIY-wooden-mr-mrs-wedding-chair-signs-reception_0012.jpg','http://somethingturquoise.com/2013/11/29/diy-mr-and-mrs-chair-signs','diy mr and mrs chair signs','love sign diy'),
(207,'http://lollyjane.com/wp-content/uploads/2014/05/DIY-Turn-Printables-Into-Home-Decor.jpg','http://lollyjane.com/turn-printables-into-home-decor','turn printables into home decor','love sign diy'),
(208,'http://www.artsychicksrule.com/wp-content/uploads/2014/06/Love-the-Beach-DIY-Sign-Tutorial-Finished-Sign-artsychicksrule.com-thrifty-homedecor-beach-sign-coastal-diy.jpg','http://www.artsychicksrule.com/2014/06/need-love-beach-thrifty-sign-tutorial.html','need love beach thrifty sign tutorial.html','love sign diy'),
(209,'https://melanaetoh.files.wordpress.com/2014/09/wpid-20140923_221722.jpg','https://melanaetoh.wordpress.com/2014/09/24/my-diy-wedding-love-marquee-sign','my diy wedding love marquee sign','love sign diy'),
(210,'http://aleshahaley.com/wp-content/uploads/2013/12/Screen-Shot-2013-12-20-at-10.53.54-AM.png','http://www.aleshahaley.com/2014/12/09/diy-pallet-sign','diy pallet sign','love sign diy'),
(211,'http://www.travelparenteat.com/wp-content/uploads/2014/11/thankful-sign-title.jpg','http://www.travelparenteat.com/thankful-board-wall-hanging-diy','thankful board wall hanging diy','love sign diy'),
(212,'http://salvagesecretsdesign.com/wp-content/uploads/2015/01/Make-a-chalkboard-sign-out-an-old-frame-for-DIY-NETWORK-made-by-Joanne-Palmisano-Salvage-Secrets-Design.jpg','http://salvagesecretsdesign.com/11-easy-recycled-salvage-storage-and-organizing-ideas','11 easy recycled salvage storage and organizing ideas','love sign diy'),
(213,'https://lifeissweetasapeach.files.wordpress.com/2014/06/child-library-custom-sign-3.jpg','http://lifeissweetasapeach.com/2014/06/27/diy-craft-childs-personalized-library-sign','diy craft childs personalized library sign','love sign diy'),
(214,'http://i969.photobucket.com/albums/ae178/sypsiedesigns/IMG_7593_zps9479ce89.jpg','http://sypsie.com/2013/12/16/hardwood-noel-sign','hardwood noel sign','love sign diy'),
(215,'http://i.ytimg.com/vi/rJIm5wmKrQU/maxresdefault.jpg','http://www.youtube.com/watch?v%3DrJIm5wmKrQU','watch?v%3DrJIm5wmKrQU','love sign diy'),
(216,'http://www.homeheartcraft.com/resources/DIY%252520kitchen%252520sign%2525203.jpg%253Ftimestamp%253D1340927863829','http://www.homeheartcraft.com/diy-kitchen-sign.php','diy kitchen sign.php','love sign diy'),
(217,'https://theblushchronicles.files.wordpress.com/2014/01/img_1836.jpg','https://theblushchronicles.wordpress.com/2014/01/20/diy-plus-sign-pillow','diy plus sign pillow','love sign diy'),
(218,'http://thecottagemarket.com/wp-content/uploads/2014/02/LOVE-sign-NYC.jpg','http://thecottagemarket.com/2014/02/diy-projects-party-time-junkin-joe-welcome.html','diy projects party time junkin joe welcome.html','love sign diy'),
(219,'https://lh6.googleusercontent.com/-mKajuFli-Jg/TXQVP0IC0lI/AAAAAAAAA_Y/dPZgq341x4g/s1600/My%252BEAT%252BSigns%252B002.jpg','http://inspirationformoms.com/2011/03/diy-my-kitchen-eat-sign.html','diy my kitchen eat sign.html','love sign diy'),
(220,'http://celebrationsathomeblog.com/wp-content/uploads/2014/02/diy-iron-on-LOVE-sign-with-free-template-diy.jpg','http://celebrationsathomeblog.com/2014/02/diy-iron-on-transfer-sign-with-free-template.html','diy iron on transfer sign with free template.html','love sign diy'),
(221,'http://s3-us-west-1.amazonaws.com/static.brit.co/wp-content/uploads/2014/09/ombreweddingchair1.jpg','http://www.brit.co/bride-and-groom-chairs','bride and groom chairs','love sign diy'),
(222,'http://snapcreativity.com/wp-content/uploads/2013/09/DIY-Sleepy-Hallow-Halloween-Sign-5.jpg','http://snapcreativity.com/diy-sleepy-hallow-halloween-sign','diy sleepy hallow halloween sign','love sign diy'),
(223,'http://www.thecraftedsparrow.com/wp-content/uploads/2014/11/DIY-Cocoa-Bar-Marquee-Sign-71.jpg','http://www.thecraftedsparrow.com/2014/11/diy-cocoa-bar-marquee-sign.html','diy cocoa bar marquee sign.html','love sign diy'),
(224,'http://0.tqn.com/d/create/1/0/9/_/2/-/100-1447.JPG','http://diyfashion.about.com/u/sty/diyfashion101/DIY_Fashion_Photos/Peace-Sign-Pajamas.htm','Peace Sign Pajamas.htm','love sign diy'),
(225,'https://preciousplay.files.wordpress.com/2013/09/diy-disney-planes-maths-game7_.jpg','https://preciousplay.wordpress.com/2013/09/05/diy-disney-planes-maths-game','diy disney planes maths game','love sign diy'),
(226,'https://www.thecraftstar.com/Upload/product/501e76ab24c80.jpg','http://funny-pictures.picphotos.net/inch-wooden-hanging-love-letters-wild-love-theme-wooden-letters/thesofathrowcompany.com*media*catalog*product*cache*1*image*9df78eab33525d08d6e5fb8d27136e95*s*i*sign_all_you_need_r_lang_.jpg','thesofathrowcompany.com*media*catalog*product*cache*1*image*9df78eab33525d08d6e5fb8d27136e95*s*i*sign all you need r lang .jpg','love sign diy'),
(227,'http://nobodyputssarahinthecorner.files.wordpress.com/2012/08/20120827-182834.jpg','http://nobodyputssarahinthecorner.com/category/diy-projects/page/3','3','love sign diy'),
(228,'http://www.melissacreates.com/wp-content/uploads/2014/05/i-love-you-sign-i-know.jpg','http://www.melissacreates.com/2014/05/star-wars-inspired-wall-decor-diy.html','star wars inspired wall decor diy.html','love sign diy'),
(229,'http://livethefancylife.com/wp-content/uploads/2014/02/Tips-for-a-lovely-Valentines-Day-at-home-date-night-after-the-kids-go-to-bed.-Collage.jpg','http://livethefancylife.com/5-tips-for-an-at-home-valentines-day-date-night-after-the-kids-go-to-bed-plus-a-giveaway','5 tips for an at home valentines day date night after the kids go to bed plus a giveaway','love sign diy'),
(230,'http://www.maisondepax.com/wp-content/uploads/2013/11/marquee-letters-sign.jpg','http://lovegrowswild.com/2013/11/diy-vintage-marquee-letters','diy vintage marquee letters','love sign diy'),
(231,'http://www.mysocalledcraftylife.com/wp-content/uploads/2014/03/1-DSC_0030-2.jpg','http://www.mysocalledcraftylife.com/tag/embroidered-wood-sign','embroidered wood sign','love sign diy'),
(232,'http://1.bp.blogspot.com/-9tnWTL5YOsg/UpLCeEA1zTI/AAAAAAAASJg/Z1bbzR8R2jE/s1600/DIY%252BGild%252BGold%252BFrame%252Btitle%252Bfg2b.jpg.jpg.jpg','http://www.fromgardners2bergers.com/2013/11/how-to-diy-gild-gold-frame-chalkboard.html','how to diy gild gold frame chalkboard.html','love sign diy'),
(233,'http://craftdictator.com/wp-content/uploads/2014/02/Valentines-4.jpg','http://craftdictator.com/2014/02/10/35-last-minute-valentines-projects','35 last minute valentines projects','love sign diy'),
(234,'http://www.iheartnaptime.net/wp-content/uploads/2014/11/Wooden-Floral-Christmas-Sign.jpg','http://www.iheartnaptime.net/diy-wood-christmas-sign','diy wood christmas sign','love sign diy'),
(235,'http://s2.hubimg.com/u/12049185_f1024.jpg','http://stephiejean.hubpages.com/hub/DIY-Hand-Painted-Reclaimed-Wood-Sign-LOVE-DOGS','DIY Hand Painted Reclaimed Wood Sign LOVE DOGS','love sign diy'),
(236,'http://thehappyhousie.com/wp-content/uploads/2013/06/living-room-with-diy-chalk-paint-media-console-reclaimed-wood-diy-sign-at-thehappyhousie1.png','http://www.twelveoeightblog.com/2013/07/reclaimed-wood-sign-with-krista-from-the-happy-housie-guest-post.html','reclaimed wood sign with krista from the happy housie guest post.html','love sign diy'),
(237,'http://www.thewoodgraincottage.com/wp-content/uploads/2014/04/DIY-Sweet-Tea-Sign-by-The-Wood-Grain-Cottage-17-of-24-1024x682.jpg','http://www.thewoodgraincottage.com/2014/04/29/sweet-tea-sign','sweet tea sign','love sign diy'),
(238,'http://thecraftedlife.com/wp-content/uploads/2014/08/DIY-Wooden-Sign-10.jpg','http://thecraftedlife.com/diy-wooden-sign','diy wooden sign','love sign diy'),
(239,'http://projectnursery.com/wp-content/uploads/2015/01/I-Love-you-sign-valentine-821x1024.jpg','http://projectnursery.com/projects/valentines-day-love-you-pennant-banner','valentines day love you pennant banner','love sign diy'),
(240,'http://theuncoordinatedmommy.com/wp-content/uploads/2014/02/2014-01-22-14.26.17.jpg','http://theuncoordinatedmommy.com/love-diy-wooden-sign-tutorial','love diy wooden sign tutorial','love sign diy'),
(241,'http://www.berries.com/blog/wp-content/uploads/2014/05/5.6_MomTech_Heroa1.jpg','http://funny-pictures.picphotos.net/love-you-because-sign-diy-cute-way-to-say-i-love-you','love you because sign diy cute way to say i love you','love sign diy'),
(242,'http://www.thecraftedsparrow.com/wp-content/uploads/2014/06/Hello-Sunshine-Sign-4.jpg','http://www.thecraftedsparrow.com/2014/06/diy-slatted-summer-sign.html','diy slatted summer sign.html','love sign diy'),
(243,'http://whatthegraham.com/wp-content/uploads/2012/01/IMG_4426-10-682x1024.jpg','http://whatthegraham.com/pinterest-partayy-new-years-style','pinterest partayy new years style','love sign diy'),
(244,'http://reallyrisa.files.wordpress.com/2012/08/diy-sweet-love-sign.jpg','http://www.reallyrisa.com/category/diy','diy','love sign diy'),
(245,'http://sewwoodsy.com/wp-content/uploads/2014/08/Bathroom-Art-5.jpg','http://sewwoodsy.com/2014/08/diy-burlap-bathroom-art.html','diy burlap bathroom art.html','love sign diy'),
(246,'http://1.bp.blogspot.com/-pfEi6qwC0ME/UONfsbyUNEI/AAAAAAAAADE/XGG0rh7jchk/s1600/054.JPG','http://createahomeyoulove.blogspot.com/2013/01/diy-welcome-sign.html','diy welcome sign.html','love sign diy'),
(247,'http://www.queenofbees.com/uploads/2/7/3/7/27373043/8059617_orig.jpg','http://www.queenofbees.com/home/diy-marquee-sign-under-25','diy marquee sign under 25','love sign diy'),
(248,'http://pacificcoastspine.com/wp-content/uploads/2015/01/cool-white-fireplace-with-mantle-decorated-using-heart-craft-paper-banner-and-love-sign-with-two-fake-flower-under-red-heart-wreath-design-as-fascinating-valentines-day-fireplace-mantle-decoration-ide-728x970.jpg','http://pacificcoastspine.com/adorable-valentines-day-fireplace-mantel-decorations-ideas-for-celebrate-happy-valentines-day/astounding-wooden-fireplace-mantle-decorated-with-happy-valentine-day-banner-also-sweet-candies-on-glass-jar-on-top-design-as-easy-diy-valentines-fireplace-mantel-decoration-ideas','astounding wooden fireplace mantle decorated with happy valentine day banner also sweet candies on glass jar on top design as easy diy valentines fireplace mantel decoration ideas','love sign diy'),
(249,'http://www.maisondepax.com/wp-content/uploads/2014/05/anniversary-sign-angle.jpg','http://www.maisondepax.com/2014/06/diy-anniversary-sign.html','diy anniversary sign.html','love sign diy'),
(250,'http://1.bp.blogspot.com/-hAZlBB5j0k4/UnHIWNfQZBI/AAAAAAAADPo/FcL05pmsZ70/s1600/SignsCollage.jpg','http://www.livelovebe-well.com/2013/11/frugal-bride-diy-wedding-signs.html','frugal bride diy wedding signs.html','love sign diy'),
(251,'http://blog.canvascorpbrands.com/wp-content/uploads/2014/11/DIY-Wooden-Sign-Thanksgiving3.jpg','http://blog.canvascorpbrands.com/diy-wooden-thanksgiving-sign','diy wooden thanksgiving sign','love sign diy'),
(252,'http://createcraftchere.com/wp-content/uploads/2014/02/vday-block-white-11.jpg','http://createcraftchere.com/diy-love-hearts-polka-dots-sign','diy love hearts polka dots sign','love sign diy'),
(253,'http://www.cloudywithachanceofwine.com/wp-content/uploads/2015/01/I-Love-You-.jpg','http://www.cloudywithachanceofwine.com/10-adorable-diy-valentines-day-cards-to-make-with-your-kids','10 adorable diy valentines day cards to make with your kids','love sign diy'),
(254,'http://www.artsychicksrule.com/wp-content/uploads/2014/11/Santa-DIY-Believe-Sign-Pearl-spray-coat-Santa-believe-Christmas-holidaydecor-santaclaus-artsychicksrule.com_-600x820.jpg','http://www.artsychicksrule.com/2014/12/diy-santa-sign-tutorial-believe.html','diy santa sign tutorial believe.html','love sign diy'),
(255,'http://www.nestnumber4.com/wp-content/uploads/2014/09/fall-decor-Country-Living-fair-011-1024x682.jpg','http://www.nestnumber4.com/?p%3D961','?p%3D961','love sign diy'),
(256,'https://whoneycutt7.files.wordpress.com/2013/09/img_4815.jpg','https://whoneycutt7.wordpress.com/2013/09/21/diy-monogram-wall-decor','diy monogram wall decor','love sign diy'),
(257,'http://1.bp.blogspot.com/-2J35PVuFAOc/UTJHwDgkjVI/AAAAAAAACac/swGnGo4blPg/s1600/photo(12).jpg','http://airforcefamilyadventures.blogspot.com/2013/03/diy-love-sign.html','diy love sign.html','love sign diy'),
(258,'http://i2.wp.com/www.lizmarieblog.com/wp-content/uploads/2014/12/DSC_0421.jpg%253Fresize%253D600%25252C900','http://www.lizmarieblog.com/2014/12/christmas-reindeer-sign','christmas reindeer sign','love sign diy'),
(259,'http://cmongetcrafty.com/wp-content/uploads/2013/11/cmongetcraftysignsnowfinal.jpg','http://cmongetcrafty.com/diy-winter-wood-sign','diy winter wood sign','love sign diy'),
(260,'http://www.storymixmedia.com/weddings/blog/wp-content/uploads/2013/12/20.jpg','http://www.storymixmedia.com/weddingmix/blog/2013/12/weekly-wedding-inspiration-10-most-darling-diy-wedding-signs-from-weddingmix','weekly wedding inspiration 10 most darling diy wedding signs from weddingmix','love sign diy'),
(261,'http://3.bp.blogspot.com/-craFT6zIauE/T9fJLg0Xr0I/AAAAAAAAFIA/njidpexwxxQ/s1600/love%252Bsign3.jpg','http://www.meadowlakeroad.com/diy-projects/diy-wooden-love-sign','diy wooden love sign','love sign diy'),
(262,'http://thehappyhousie.com/wp-content/uploads/2013/06/reclaimed-wood-sign-diy-at-thehappyhousie-1024x1024.png','http://thehappyhousie.com/simple-diy-reclaimed-wood-sign-for-the-entry-hall','simple diy reclaimed wood sign for the entry hall','love sign diy'),
(263,'https://craftedincarhartt.files.wordpress.com/2013/08/diymosssign5.jpg','https://craftedincarhartt.wordpress.com/2013/08/06/diy-moss-sign','diy moss sign','love sign diy'),
(264,'http://www.itsalwaysautumn.com/wp-content/uploads/2013/11/cutout-word-diy-believe-christmas-wall-art-4.jpg','http://www.itsalwaysautumn.com/2013/11/27/wall-size-cutout-word-art-for-christmas-believe.html','wall size cutout word art for christmas believe.html','love sign diy'),
(265,'http://somethingturquoise.com/wp-content/uploads/2013/09/ST_DIY_hotel_door_sign_mr_mrs_just_married_3.jpg','http://somethingturquoise.com/2013/09/17/newlywed-hotel-door-sign','newlywed hotel door sign','love sign diy'),
(266,'http://i1135.photobucket.com/albums/m640/hellokellyann/design_work/so%252520shay/shay_photo.png~original','http://www.soshayblog.com/2013/08/diy-how-to-make-chalkboard-sign.html','diy how to make chalkboard sign.html','love sign diy'),
(267,'http://adiamondinthestuff.com/wp-content/uploads/2014/01/IMG_8161.jpg','http://adiamondinthestuff.com/2014/01/diy-kitchen-food-signs.html','diy kitchen food signs.html','love sign diy'),
(268,'http://rachelemilyblog.com/wp-content/uploads/2014/03/3-22-closet-office-022.jpg','http://rachelemilyblog.com/2014/03/28/i-found-some-more-good-ones-guys','i found some more good ones guys','love sign diy'),
(269,'http://blovelyevents.com/wp-content/uploads/2014/06/Love-this-popsicle-printable-Look-how-huge-it-can-be.jpg','http://blovelyevents.com/2014/06/20/popsicle-party','popsicle party','love sign diy'),
(270,'http://www.burlapanddenim.com/wp-content/uploads/2012/11/Antiqued-Light-up-Star-with-C7-White-Christmas-Lights.jpg','http://www.burlapanddenim.com/2012/11/diy-light-up-marquee-star','diy light up marquee star','love sign diy'),
(271,'http://1.bp.blogspot.com/-IJCAuvbtS_Q/UQRViLA7zYI/AAAAAAAAAMM/ecx0P8OmBsU/s1600/IMAG0187.jpg','http://diycraftangel.blogspot.com/2013/01/diy-faux-snow-globe-solar-lamp-crate.html','diy faux snow globe solar lamp crate.html','love sign diy'),
(272,'http://2.bp.blogspot.com/-08PFFXEV8Bc/Ui952q0R64I/AAAAAAAAB08/zB2_RJ_DuKc/s1600/Because.jpg','http://dontworrybehappykeeplearning.blogspot.com/2013/09/diy-wooden-sign.html','diy wooden sign.html','love sign diy'),
(273,'http://www.thehandmadehome.net/wordpress/wp-content/uploads/2011/09/IMG_5201_21.jpg','http://www.thehandmadehome.net/2011/09/fab-5-sign-diy','fab 5 sign diy','love sign diy'),
(274,'http://162.144.37.240/~cleanap0/wp-content/uploads/2013/05/DIY-dahlia-flower-decor.jpg','http://www.cleanandscentsible.com/2013/05/my-sunday-sparks-no-91.html','my sunday sparks no 91.html','love sign diy'),
(275,'http://www.diyinspired.com/wp-content/uploads/2014/02/making-a-marquee-sign-wood-heart-1024x1016.jpg','http://www.diyinspired.com/category/artwork','artwork','love sign diy'),
(276,'http://www.decoratingyoursmallspace.com/wp-content/uploads/2014/10/DSCN9413.jpg','http://www.decoratingyoursmallspace.com/diy-pottery-barn-knock-offs','diy pottery barn knock offs','love sign diy'),
(277,'http://3.bp.blogspot.com/-DS8W4xgVOyk/UL4_e_RGUvI/AAAAAAAAAms/DWxfp8T-3Q4/s1600/SIGN11.jpg','http://southernchiclove.blogspot.com/2012/12/diy-pallet-sign.html','diy pallet sign.html','love sign diy'),
(278,'http://savedbylovecreations.com/wp-content/uploads/2014/07/Upgrade-Cabinet-Makeover-with-DIY-crown-moulding-and-chalky-finish-%2540DecoArt_Inc-%2540savedbyloves.png','http://savedbylovecreations.com/2014/12/diy-christmas-sign-and-chalky-finish-paint-giveaway.html','diy christmas sign and chalky finish paint giveaway.html','love sign diy'),
(279,'http://s2.hubimg.com/u/12042707_f1024.jpg','http://stephiejean.hubpages.com/hub/DIY-Distressed-Deer-Head-Silhouette-Rustic-Wood-Sign','DIY Distressed Deer Head Silhouette Rustic Wood Sign','love sign diy'),
(280,'http://i0.wp.com/www.lizmarieblog.com/wp-content/uploads/2014/09/DSC_3841.jpg%253Fresize%253D600%25252C900','http://www.lizmarieblog.com/2014/09/diy-tv-console-cabinet','diy tv console cabinet','love sign diy'),
(281,'http://littlebluehousebythebay.com/wp-content/uploads/2013/10/IMG_8434-1024x682.jpg','http://littlebluehousebythebay.com/tag/diy-2','diy 2','love sign diy'),
(282,'http://2.bp.blogspot.com/-sa_xP5ww87Y/Tld9kHbqzqI/AAAAAAAAEHQ/6FCfzw8DZSs/s1600/Number%252BHang%252BTag%252BBallard%252BDesigns%252BKnock%252BOff-23.jpg','http://www.thecountrychiccottage.net/2012/05/diy-wedding-ideas-for-your-wedding.html','diy wedding ideas for your wedding.html','love sign diy'),
(283,'http://www.brepurposed.com/wp-content/uploads/2014/12/Scandinavian-Christmas-Wall-Decor-DIY.jpg','http://elizabethjoandesigns.com/category/your-designs-this-time-link-up','your designs this time link up','love sign diy'),
(284,'http://createcraftchere.com/wp-content/uploads/2014/02/vday-block-supplies-03.jpg','http://createcraftchere.com/diy-love-hearts-valentine-signs','diy love hearts valentine signs','love sign diy'),
(285,'http://3.bp.blogspot.com/-vcgAZA4Cghs/UnxIs5JjePI/AAAAAAAAPCc/n8GA4OqfHvM/s1600/cell%252Bphone%252Bfall%252B2013%252B928.jpg','http://beauty4ashes-ellie.blogspot.com/2013/11/wedding-anniversary-sign-diy-art.html','wedding anniversary sign diy art.html','love sign diy'),
(286,'http://www.burlapanddenim.com/wp-content/uploads/2012/11/Vintage-Light-Up-Metal-Star.jpg','http://www.burlapanddenim.com/2012/11/diy-light-up-marquee-star','diy light up marquee star','love sign diy'),
(287,'http://www.maisondepax.com/wp-content/uploads/2014/11/Vintage-Marquee-Lights-sign-lights-off.jpg','http://www.maisondepax.com/2014/11/vintage-marquee-lights.html','vintage marquee lights.html','love sign diy'),
(288,'http://2beesinapod.com/wp-content/uploads/2014/04/IMG_68961.jpg','http://2beesinapod.com/2014/04/07/diy-lake-wall-art','diy lake wall art','love sign diy'),
(289,'http://www.inspiredbycharm.com/wp-content/uploads/2013/10/IMG_5082-1024x682.jpg','http://www.inspiredbycharm.com/2013/10/quick-decorationg-with-instagrams.html','quick decorationg with instagrams.html','love sign diy'),
(290,'http://i1.wp.com/tatertotsandjello.com/wp-content/uploads/2014/03/12-4.jpg%253Fresize%253D600%25252C900','http://tatertotsandjello.com/2014/03/great-ideas-diy-easter-projects.html','great ideas diy easter projects.html','love sign diy'),
(291,'http://lollyjane.com/wp-content/uploads/2014/11/easy-diy-let-it-snow-sign.jpg','http://lollyjane.com/let-snow-sign','let snow sign','love sign diy'),
(292,'http://thecraftedlife.com/wp-content/uploads/2014/08/DIY-Wooden-Sign-FINAL.jpg','http://thecraftedlife.com/diy-wooden-sign','diy wooden sign','love sign diy'),
(293,'https://darcimarquette.files.wordpress.com/2012/02/img_0195.jpg','https://darcimarquette.wordpress.com/2012/02/02/14-days-of-love-day-2-diy-love-story-sign','14 days of love day 2 diy love story sign','love sign diy'),
(294,'http://diyinreallife.com/wp-content/uploads/2014/03/chevronsign-700x700.jpg','http://diyinreallife.com/tag/diy','diy','love sign diy'),
(295,'http://sandandsisal.com/wp-content/uploads/2014/12/Christmas-in-the-Playroom.jpg','http://sandandsisal.com/2014/12/coastal-christmas-home-tour.html','coastal christmas home tour.html','love sign diy'),
(296,'http://todayscreativeblog.net/wp-content/uploads/2014/06/Love-Slat-Art.2-682x1024-600x900.jpg','http://todayscreativeblog.net/diy-wood-slat-sign','diy wood slat sign','love sign diy'),
(297,'http://bekindandsmileoften.files.wordpress.com/2014/02/great-gatsby-wedding-love-marquette-sign-2.jpg','http://bekindandsmileoften.com/2014/02/03/diy-marquee-love-sign','diy marquee love sign','love sign diy'),
(298,'https://s-media-cache-ak0.pinimg.com/originals/71/a0/7d/71a07d43bb5a75a4fd67a85b4f10455f.jpg','https://www.pinterest.com/andreajairl/home-entry-way','home entry way','love sign diy'),
(299,'http://before.theglamfiles.com/wp-content/uploads/2013/08/DSC_0045-1024x758.jpg','http://before.theglamfiles.com/diy/diy-prada-marfa-sign','diy prada marfa sign','love sign diy'),
(300,'http://palletfurnitureplans.com/wp-content/uploads/2014/05/pallet-love-sign.jpg','http://palletfurniturex.blogspot.com/2014/08/diy-pallet-love-sign.html','diy pallet love sign.html','love sign diy'),
(301,'http://www.homestoriesatoz.com/wp-content/uploads/2013/12/ho-ho-ho-sign1.jpg','http://www.homestoriesatoz.com/christmas/christmas-home-tour-2013.html','christmas home tour 2013.html','love sign diy'),
(302,'http://exnwhy.com/wp-content/uploads/2013/08/9b5c65c58f92f4fbffb476e4619ea158-1.jpg','http://exnwhy.com/2013/08/diy-laundry-room-sign-tutorial','diy laundry room sign tutorial','love sign diy'),
(303,'http://realhousemoms.com/wp-content/uploads/2014/11/Christmas-Countdown-Sign-HERO.jpg','http://realhousemoms.com/diy-christmas-countdown-sign','diy christmas countdown sign','love sign diy'),
(304,'http://4.bp.blogspot.com/-mu-HAmrA3eY/U8RNLM0Z15I/AAAAAAAAQuA/gCeyk3lJwUY/s1600/hellosignmain.jpg','http://www.sisterswhat.com/2014/07/diy-hexagon-hello-sign.html','diy hexagon hello sign.html','love sign diy'),
(305,'https://lh4.googleusercontent.com/-xIq5XnQlGp0/TXUcVg_IvAI/AAAAAAAAAfc/7suXSSeUA9A/s1600/DIY_Bus_Sign9.jpg','http://www.whitenestshop.com/blog/diy-project-vintage-bus-sign','diy project vintage bus sign','love sign diy'),
(306,'http://i0.wp.com/www.lizmarieblog.com/wp-content/uploads/2014/09/DSC_3857.jpg%253Fresize%253D600%25252C900','http://www.lizmarieblog.com/2014/09/diy-tv-console-cabinet','diy tv console cabinet','love sign diy'),
(307,'http://www.theemotionpicturestudio.com/wp-content/uploads/2013/07/DIY_wedding_love_sign.jpg','http://www.theemotionpicturestudio.com/category/diy-wedding-ideas-2','diy wedding ideas 2','love sign diy'),
(308,'http://bridalmusings.com/wp-content/uploads/2011/07/spreadthelove.jpg','http://bridalmusings.com/2011/07/spread-the-love-jam-favour-diy-tutorial-round-up','spread the love jam favour diy tutorial round up','love sign diy'),
(309,'http://i2.wp.com/www.brepurposed.com/wp-content/uploads/2014/12/final_lights.jpg%253Fresize%253D600%25252C939','http://www.brepurposed.com/2014/12/10/christmas-marquee-sign-monthly-diy-challenge','christmas marquee sign monthly diy challenge','love sign diy'),
(310,'http://4.bp.blogspot.com/-LcaQQYyqcjA/UrZciTxF5yI/AAAAAAAATuo/hfJMdw8g_fY/s1600/silhouette_sign1.jpg','http://www.ishouldbemoppingthefloor.com/2013/12/diy-biscuits-gravy-cutting-board-sign.html','diy biscuits gravy cutting board sign.html','love sign diy'),
(311,'http://www.homeheartcraft.com/resources/DIY%252520kitchen%252520sign%2525204.jpg%253Ftimestamp%253D1340927919236','http://www.homeheartcraft.com/diy-kitchen-sign.php','diy kitchen sign.php','love sign diy'),
(312,'http://i2.wp.com/www.lizmarieblog.com/wp-content/uploads/2014/09/DSC_38041.jpg%253Fresize%253D600%25252C900','http://www.lizmarieblog.com/2014/09/diy-tv-console-cabinet','diy tv console cabinet','love sign diy'),
(313,'https://craftedincarhartt.files.wordpress.com/2013/08/diymosssign6.jpg','https://craftedincarhartt.wordpress.com/2013/08/06/diy-moss-sign','diy moss sign','love sign diy'),
(314,'http://2.bp.blogspot.com/-304IPo14Xeo/UhI1V3KDBNI/AAAAAAAAA70/wDScXGrK638/s1600/IMG_5048.jpg','http://www.downoxfordstreet.com/2013/09/nautical-sign-diy.html','nautical sign diy.html','love sign diy'),
(315,'http://www.thehandmadehome.net/wordpress/wp-content/uploads/2012/05/baby_nursery.jpg','http://www.thehandmadehome.net/2012/05/diy-nursery-sign','diy nursery sign','love sign diy'),
(316,'http://www.alifeinbalance.net/wp-content/uploads/2015/01/valentinesdaydecorations.jpg','http://www.alifeinbalance.net/18-valentines-day-decorations-for-a-festive-home','18 valentines day decorations for a festive home','love sign diy'),
(317,'http://3.bp.blogspot.com/-aJi1B9rK96k/VIUnG21Z4zI/AAAAAAAAUHk/XGjrC0_PdHc/s1600/MyLove2Create,%25252BPottery%25252BBarn%25252Bknock%25252Boff%25252Bpin.jpg','http://www.lechateaudesfleurs.com/2014/12/christmas-sign-diy-candy-crafts-monday.html','christmas sign diy candy crafts monday.html','love sign diy'),
(318,'https://ilidialove.files.wordpress.com/2014/12/image1.jpg','http://ilidialove.com/2014/12/09/love-diy-christmas-bunting','love diy christmas bunting','love sign diy'),
(319,'http://1.bp.blogspot.com/-wOEcR2w1vkA/Uu01iFLArQI/AAAAAAAAJ4w/BVWW88oz8Cc/s1600/IMG_4353%2525231.jpg','http://bemusedsheninejoon.blogspot.com/2014/02/diy-globe-light-love-sign.html','diy globe light love sign.html','love sign diy'),
(320,'http://missbolddesign.com.au/wp-content/uploads/2014/02/04-DIY-typography-sign-001.jpg','http://missbolddesign.com.au/crafternoon-diy-typography-sign','crafternoon diy typography sign','love sign diy'),
(321,'http://ana-white.com/sites/default/files/chalkboard-lighted-sign-christmas-holiday1.jpg','http://ana-white.com/node/13412','13412','love sign diy'),
(322,'https://img1.etsystatic.com/031/0/5239354/il_fullxfull.565781693_oshr.jpg','https://www.etsy.com/market/sunglasses_sign','sunglasses sign','love sign diy'),
(323,'http://frogtape.com/blogsquad/wp-content/uploads/2012/12/DIY-chevron-Christmas-sign-tutorial.jpg','http://frogtape.com/blogsquad/?p%3D430','?p%3D430','love sign diy'),
(324,'http://3.bp.blogspot.com/-Bafh85Cy27s/UuDDXDxaPVI/AAAAAAAAHJA/orEzcOfvZ_Q/s1600/Banner%252B2.jpg','http://letsdrinkcoffeedarling.blogspot.com/2014/01/diy-love-birds-wooden-sign.html','diy love birds wooden sign.html','love sign diy'),
(325,'http://www.morethanmundane.com/wp-content/uploads/2014/02/DIY-Valentines.jpg','http://www.morethanmundane.com/2014/02/10/10-quick-and-easy-diy-valentines-gifts','10 quick and easy diy valentines gifts','love sign diy'),
(326,'http://michellemarttila.com/wp-content/uploads/2014/09/Love-Sign-Angle.jpg','http://michellemarttila.com/inspire-me/retro-love-winner-and-diy-autumn-garland','retro love winner and diy autumn garland','love sign diy'),
(327,'http://www.nookandsea.com/wp-content/uploads/2013/04/NookAndSea-Beach-Bathroom-Art-Wall-Craft-DIY-Sign-Blue-Oar1.jpg','http://www.nookandsea.com/a-room-with-a-loo-simple-art-ideas-for-your-water-closet','a room with a loo simple art ideas for your water closet','love sign diy'),
(328,'http://photos.weddingbycolor-nocookie.com/p000039514-m195720-p-photo-496578/Red.jpg','http://www.weddingbycolor.com/lannister/wedding-favors-sugar-cookies-idea-196515','wedding favors sugar cookies idea 196515','love sign diy'),
(329,'https://sosweetcollective.files.wordpress.com/2013/01/dimensional-heart-garland.jpg','https://sosweetcollective.wordpress.com/2013/01/30/be-my-diy-valentine','be my diy valentine','love sign diy'),
(330,'http://www.99pallets.com/wp-content/uploads/2014/08/pallet-wall-sign-2.jpg','http://www.99pallets.com/pallet-art/diy-pallet-love-wall-sign','diy pallet love wall sign','love sign diy'),
(331,'http://blog.artifactuprising.com/wp-content/uploads/2014/06/MG_80671.jpg','http://blog.artifactuprising.com/inspired-design/homesteady-diy','homesteady diy','love sign diy'),
(332,'https://vintagereflections.files.wordpress.com/2014/03/image10.jpg','https://vintagereflections.wordpress.com/2014/03/05/vintage-ballerina-diy-sign-and-candle','vintage ballerina diy sign and candle','love sign diy'),
(333,'https://vintagereflections.files.wordpress.com/2014/03/image12.jpg','https://vintagereflections.wordpress.com/2014/03/05/vintage-ballerina-diy-sign-and-candle','vintage ballerina diy sign and candle','love sign diy'),
(334,'http://www.icuaw.com/wp-content/uploads/2014/08/interior-design-it-s-a-strange-and-lovely-ride-christmas-countdown-diy-advent-lovely-and-simple-diy-love-sign.jpg','http://www.crafthubs.com/giant-distressed-fall-sign/10692','10692','love sign diy'),
(335,'http://www.theemotionpicturestudio.com/wp-content/uploads/2013/07/DIY_wedding_love_sign2.jpg','http://www.theemotionpicturestudio.com/category/diy-wedding-ideas-2','diy wedding ideas 2','love sign diy'),
(336,'http://www.somewhatsimple.com/wp-content/uploads/2013/07/sign-upcycle-before.jpg','http://www.somewhatsimple.com/diy-upcycled-wall-art','diy upcycled wall art','love sign diy'),
(337,'http://img1.etsystatic.com/000/1/6867472/il_fullxfull.333163165.jpg','http://dev.easypeach.com/digital-download-tags.php?page%3D5%26id%3D527c3d81a721a%26tag%3Dframed%2520art','digital download tags.php?page%3D5%26id%3D527c3d81a721a%26tag%3Dframed%2520art','love sign diy'),
(338,'http://thecottagemarket.com/wp-content/uploads/2014/03/IMG_0559.jpg','http://thecottagemarket.com/2014/03/fabulous-diy-projects-linky-party-junkin-joe.html','fabulous diy projects linky party junkin joe.html','love sign diy'),
(339,'http://www.lovemelinda.com/wp-content/uploads/2013/07/IMG_3698.jpg','http://www.lovemelinda.com/before-and-after-converted-church','before and after converted church','love sign diy'),
(340,'http://abeautifulmess.typepad.com/.a/6a00d8358081ff69e2017c366ee8a4970b-800wi','http://www.abeautifulmess.com/2013/01/diy-constellations-scarf.html','diy constellations scarf.html','love sign diy'),
(341,'http://lh5.ggpht.com/-AIucvG5o8gk/Uh8L6xSqunI/AAAAAAAAKCM/hC6nl3s9V-4/DIY%2525252520FRAMED%2525252520WOOD%2525252520SIGN_thumb%252525255B3%252525255D.jpg%253Fimgmax%253D800','http://www.alwaysinwonder.com/2013/08/diy-framed-wood-sign-riansroom.html','diy framed wood sign riansroom.html','love sign diy'),
(342,'http://www.thewoodgraincottage.com/wp-content/uploads/2013/02/5-676x1024.png','http://diyshowoff.com/2013/02/27/diy-at-the-woodgrain-cottage','diy at the woodgrain cottage','love sign diy'),
(343,'http://www.diyswank.com/wp-content/uploads/2013/11/dearsanta.jpg','http://www.diyswank.com/diy-santa-stop-here-sign','diy santa stop here sign','love sign diy'),
(344,'http://thebridaldetective.com/wp-content/uploads/2012/07/wedding-initials-light-up-sign.jpg','http://thebridaldetective.com/light-up-your-love-with-vintage-lights','light up your love with vintage lights','love sign diy'),
(345,'http://www.busymomshelper.com/wp-content/uploads/2014/06/Pirate-Sign-2.jpg','http://www.busymomshelper.com/2014/06/diy-pirate-sign.html','diy pirate sign.html','love sign diy'),
(346,'https://craftedincarhartt.files.wordpress.com/2013/08/diymosssign7.jpg','https://craftedincarhartt.wordpress.com/2013/08/06/diy-moss-sign','diy moss sign','love sign diy'),
(347,'http://fashion.technewsexpress.com/uploads/201411/27/di/diy%252520rustic%252520burlap%252520wedding%252520banner%252520with%252520quotesjust%252520married%252520%252520-%252520%252520diy%252520wedding%252520table%252520decor%252520love%252520motto%252520wedd-f12524.jpg','http://fashion.technewsexpress.com/50-just-married-burlap-banners-you-won-t-take-your-eyes-off,1706.html','50 just married burlap banners you won t take your eyes off,1706.html','love sign diy'),
(348,'http://www.thatswhatchesaid.net/wp-content/uploads/2013/03/DIY-Home-Decor-Ideas-copy.png','http://www.thatswhatchesaid.net/2013/diy-home-ideas','diy home ideas','love sign diy'),
(349,'http://jenwoodhouse.com/blog/wp-content/uploads/2014/06/jude_sign02.jpg','http://jenwoodhouse.com/blog/tag/children','children','love sign diy'),
(350,'http://www.busykidshappymom.org/wp-content/uploads/2014/02/ombre-hearts.jpg','http://www.busykidshappymom.org/i-love-you-sign-language-card','i love you sign language card','love sign diy'),
(351,'http://i1.wp.com/www.northwestlovefest.net/wp-content/uploads/2014/05/moon-phases-diy-wall-decor-sign3.jpg%253Fw%253D1100','http://www.northwestlovefest.net/?tag%3Ddiy','?tag%3Ddiy','love sign diy'),
(352,'http://thehappyhousie.com/wp-content/uploads/2013/06/How-To-Make-A-Canada-Flag-Pallet-Sign-tutorial-at-thehappyhousie-1024x988.png','http://thehappyhousie.com/happy-canada-day-eh-canada-flag-pallet-sign','happy canada day eh canada flag pallet sign','love sign diy'),
(353,'http://2.bp.blogspot.com/-2htI90ntTZo/Uvz1aFgbFpI/AAAAAAAABT4/kUeempaBJec/s1600/IMG_5319.JPG','http://burlapandbananas.blogspot.com/2014/02/diy-wood-love-sign.html','diy wood love sign.html','love sign diy'),
(354,'http://unskinnyboppy.com/wp-content/uploads/2013/06/SummerMantel201311_thumb.jpg','http://unskinnyboppy.com/2013/06/summer-mantel-decorating-2013','summer mantel decorating 2013','love sign diy'),
(355,'http://i2.wp.com/www.brightgreendoor.com/wp-content/uploads/2013/07/DSC_0202.jpg','http://www.brightgreendoor.com/diy-garden-picket-sign','diy garden picket sign','love sign diy'),
(356,'http://anightowlblog.com/wp-content/uploads/2014/02/Four-Leaf-Clover-Sign-5.jpg','http://anightowlblog.com/2014/02/diy-four-leaf-clover-sign.html','diy four leaf clover sign.html','love sign diy'),
(357,'http://blovelyevents.files.wordpress.com/2013/08/love-this-j-inital-in-this-baseball-wreath.jpg','http://blovelyevents.com/2013/08/02/baseball-wreaths','baseball wreaths','love sign diy'),
(358,'http://www.maisondepax.com/wp-content/uploads/2014/01/red-box-sign.jpg','http://www.the36thavenue.com/diy-home-projects','diy home projects','love sign diy'),
(359,'http://3.bp.blogspot.com/-9MUtvaUe9Sg/URGHwBNnBzI/AAAAAAAAEys/BcghWj6RktU/s1600/Picture1.png','http://allthingswalker.blogspot.com/2013/02/diy-valentines-decor-love-story-sign.html','diy valentines decor love story sign.html','love sign diy'),
(360,'https://beauandarrowevents.files.wordpress.com/2012/02/img_0045.jpg','https://beauandarrowevents.wordpress.com/tag/luce-loft','luce loft','love sign diy'),
(361,'http://2beesinapod.com/wp-content/uploads/2014/04/IMG_6897.jpg','http://2beesinapod.com/2014/04/07/diy-lake-wall-art','diy lake wall art','love sign diy'),
(362,'http://www.flamingotoes.com/wp-content/uploads/2012/11/DIY-Winter-Shadowbox.jpg','http://www.flamingotoes.com/2012/12/diy-winter-shadowbox-sign','diy winter shadowbox sign','love sign diy'),
(363,'http://topwalls.net/wp-content/uploads/2013/06/Sign-Of-Love-.jpg','http://topwalls.net/sign-of-love','sign of love','love sign diy'),
(364,'http://savedbylovecreations.com/wp-content/uploads/2014/12/Joy-Sign.jpg','http://savedbylovecreations.com/2014/12/diy-christmas-sign-and-chalky-finish-paint-giveaway.html','diy christmas sign and chalky finish paint giveaway.html','love sign diy'),
(365,'http://www.attagirlsays.com/wp-content/uploads/2014/09/diy-playroom-wood-sign-2.jpg','http://background-pictures.picphotos.net/elsewhere-apple-uses-its-app-sandbox-to-filter-out-malicious-code/2','2','love sign diy'),
(366,'http://matchmadeonhudson.com/wp-content/uploads/2013/10/image-2.jpeg','http://matchmadeonhudson.com/diy-halloween-marquee-sign','diy halloween marquee sign','love sign diy'),
(367,'http://www.houseontheway.com/wp-content/uploads/2014/11/DIY-Secret-Santa-Gift-2.jpg','http://www.houseontheway.com/diy-secret-santa-gift','diy secret santa gift','love sign diy'),
(368,'http://www.thislittlestreet.com/blog/wp-content/uploads/2012/05/Have_love_will_travel_handmade_suitcase_DIY.png','http://www.thislittlestreet.com/blog/category/inspiration/rock-it-yourself/page/7','7','love sign diy'),
(369,'http://www.uncommondesignsonline.com/wp-content/uploads/2013/03/Home-DIY-Features.png','http://www.thatswhatchesaid.net/2013/diy-easter-ideas-mflp','diy easter ideas mflp','love sign diy'),
(370,'http://sandandsisal.com/wp-content/uploads/2014/12/Bookshelves-decorated-for-Christmas.jpg','http://sandandsisal.com/2014/12/coastal-christmas-home-tour.html','coastal christmas home tour.html','love sign diy'),
(371,'http://2.bp.blogspot.com/-nNz7OOLCoSk/UPz2alh6vOI/AAAAAAAAAds/MCbjoggvXjU/s1600/IMG_4413.JPG','http://lovebindsus.blogspot.com/2013/01/diy-guestbook-sign.html','diy guestbook sign.html','love sign diy'),
(372,'https://tumbleroot.files.wordpress.com/2013/08/finished-product2.jpg','https://tumbleroot.wordpress.com/2014/08/08/tumbleroot-diy-college-decor','tumbleroot diy college decor','love sign diy'),
(373,'http://clubelitetampa.com/wp-content/uploads/2014/09/Rustic-Home-Decor-live-laugh-love-rustic-distressed-and-sealed-wood-sign-distressed-vintage-kitchen-sign-home-decor.jpg','http://clubelitetampa.com/tag/diy-rustic-home-decor-pinterest','diy rustic home decor pinterest','love sign diy'),
(374,'http://www.gliks.com/blog/wp-content/uploads/2014/02/7-1-of-1-1024x880.jpg','http://www.gliks.com/blog/index.php/2014/02/03/infinity-circle-love-diy-make-infinity-scarf','infinity circle love diy make infinity scarf','love sign diy'),
(375,'http://lifeinvelvet.com/wp-content/uploads/2013/09/Chalkboard-Sign-2.jpg','http://lifeinvelvet.com/2013/09/diy-chalkboard-sign','diy chalkboard sign','love sign diy'),
(376,'http://www.mysocalledcraftylife.com/wp-content/uploads/2014/03/3-DSC_0036-2.jpg','http://www.mysocalledcraftylife.com/tag/embroidered-wood-sign','embroidered wood sign','love sign diy'),
(377,'http://www.artsychicksrule.com/wp-content/uploads/2014/06/Old-faded-sign-reinvented-Simple-DIY-Beach-Sign-artsychicksrule.com-diy-beach-sign-600x825.jpg','http://www.artsychicksrule.com/2014/06/need-love-beach-thrifty-sign-tutorial.html','need love beach thrifty sign tutorial.html','love sign diy'),
(378,'https://revampamor.files.wordpress.com/2015/01/img_1036.jpg%253Fw%253D2303%2526h%253D1535','http://revampamor.com/category/home','home','love sign diy'),
(379,'http://www.iheartnaptime.net/wp-content/uploads/2014/11/DIY-Winter-Sign-and-Snowflake-Craft.jpg','http://www.iheartnaptime.net/link-party-palooza-68','link party palooza 68','love sign diy'),
(380,'http://www.love-the-day.com/lovetheday/wordpress/wp-content/uploads/2014/07/Ice-Cream-Party-With-Cricut1.png','http://www.love-the-day.com/lovetheday/wordpress/ice-cream-social','ice cream social','love sign diy'),
(381,'http://www.99pallets.com/wp-content/uploads/2014/07/pallet-sign-idea-for-wedding-7.jpg','http://www.99pallets.com/pallet-art/pallet-sign-ideas-for-wedding','pallet sign ideas for wedding','love sign diy'),
(382,'http://www.thedomesticheart.com/wp-content/uploads/2014/06/patriotic-sign-Collage.jpg','http://www.thedomesticheart.com/reclaimed-wood-patriotic-welcome-sign-diy-tutorial','reclaimed wood patriotic welcome sign diy tutorial','love sign diy'),
(383,'http://2.bp.blogspot.com/-wDiQ7Exc5Uk/U0fk8aSroAI/AAAAAAAAHtc/GNmri32-Dus/s1600/final%252Bcabinet%252Bwelcome%252Bsign.jpg','http://www.idigpinterest.com/2014/04/diy-welcome-sign-from-cabinet-door.html','diy welcome sign from cabinet door.html','love sign diy'),
(384,'http://chicvintagebrides.com/wp-content/uploads/2014/11/Clint-Leah-19.jpg_Resized-Duo.jpg','http://chicvintagebrides.com/index.php/real-wedding/a-juliet-cap-veil-for-a-stylish-diy-wedding','a juliet cap veil for a stylish diy wedding','love sign diy'),
(385,'http://athomewiththebarkers.com/wp-content/uploads/2013/11/Wooden-Sign-Deer-with-3-Hanging-Options.jpg','http://athomewiththebarkers.com/tag/custom-art','custom art','love sign diy'),
]